indicator,iso3,country,year,value
pop65_share,ARE,United Arab Emirates,2025,1.79231447206064
pop65_share,ARE,United Arab Emirates,2024,1.76696037563358
pop65_share,ARE,United Arab Emirates,2023,1.69563170962521
pop65_share,ARE,United Arab Emirates,2022,1.63973912932682
pop65_share,ARE,United Arab Emirates,2021,1.61923304492939
pop65_share,ARE,United Arab Emirates,2020,1.56409085694231
pop65_share,ARE,United Arab Emirates,2019,1.52798923207058
pop65_share,ARE,United Arab Emirates,2018,1.50109608885113
pop65_share,ARE,United Arab Emirates,2017,1.47888416773632
pop65_share,ARE,United Arab Emirates,2016,1.48522186061082
pop65_share,ARE,United Arab Emirates,2015,1.50462849552252
pop65_share,ARE,United Arab Emirates,2014,1.49656887451666
pop65_share,ARE,United Arab Emirates,2013,1.48322611511691
pop65_share,ARE,United Arab Emirates,2012,1.46759051494251
pop65_share,ARE,United Arab Emirates,2011,1.43143405857427
pop65_share,ARE,United Arab Emirates,2010,1.42194203445395
pop65_share,ARE,United Arab Emirates,2009,1.4728365253439
pop65_share,ARE,United Arab Emirates,2008,1.55490586560652
pop65_share,ARE,United Arab Emirates,2007,1.70081273725431
pop65_share,ARE,United Arab Emirates,2006,1.82537781238147
pop65_share,ARE,United Arab Emirates,2005,1.77435640189591
pop65_share,ARE,United Arab Emirates,2004,1.65902116678675
pop65_share,ARE,United Arab Emirates,2003,1.55695097170943
pop65_share,ARE,United Arab Emirates,2002,1.46110796886191
pop65_share,ARE,United Arab Emirates,2001,1.36704076347815
pop65_share,ARE,United Arab Emirates,2000,1.27509767571933
pop65_share,ARE,United Arab Emirates,1999,1.18964767090354
pop65_share,ARE,United Arab Emirates,1998,1.11568412471758
pop65_share,ARE,United Arab Emirates,1997,1.05657342321022
pop65_share,ARE,United Arab Emirates,1996,1.01325703620777
pop65_share,ARE,United Arab Emirates,1995,0.997776899262218
pop65_share,ARE,United Arab Emirates,1994,1.00260374162224
pop65_share,ARE,United Arab Emirates,1993,1.00596577056726
pop65_share,ARE,United Arab Emirates,1992,1.00979794110832
pop65_share,ARE,United Arab Emirates,1991,1.01653248202019
pop65_share,ARE,United Arab Emirates,1990,1.02740988926468
pop65_share,AUS,Australia,2025,18.0930147394386
pop65_share,AUS,Australia,2024,17.7300159228367
pop65_share,AUS,Australia,2023,17.384024966198
pop65_share,AUS,Australia,2022,17.0750320469828
pop65_share,AUS,Australia,2021,16.7491873637801
pop65_share,AUS,Australia,2020,16.3387202762794
pop65_share,AUS,Australia,2019,15.9450637793133
pop65_share,AUS,Australia,2018,15.6409676060892
pop65_share,AUS,Australia,2017,15.3876130191621
pop65_share,AUS,Australia,2016,15.1508163000494
pop65_share,AUS,Australia,2015,14.8994580007134
pop65_share,AUS,Australia,2014,14.6343933904119
pop65_share,AUS,Australia,2013,14.366324406492
pop65_share,AUS,Australia,2012,14.0880460046549
pop65_share,AUS,Australia,2011,13.7988147123359
pop65_share,AUS,Australia,2010,13.529289383836
pop65_share,AUS,Australia,2009,13.314903986414
pop65_share,AUS,Australia,2008,13.1772880283573
pop65_share,AUS,Australia,2007,13.0875642584234
pop65_share,AUS,Australia,2006,12.9925124181303
pop65_share,AUS,Australia,2005,12.8849948927024
pop65_share,AUS,Australia,2004,12.7707524793261
pop65_share,AUS,Australia,2003,12.6574144611296
pop65_share,AUS,Australia,2002,12.5526508705762
pop65_share,AUS,Australia,2001,12.4439665253031
pop65_share,AUS,Australia,2000,12.3380926593329
pop65_share,AUS,Australia,1999,12.2516780952874
pop65_share,AUS,Australia,1998,12.1659872192484
pop65_share,AUS,Australia,1997,12.0692816029257
pop65_share,AUS,Australia,1996,11.9629320621902
pop65_share,AUS,Australia,1995,11.8465581022787
pop65_share,AUS,Australia,1994,11.7247788628465
pop65_share,AUS,Australia,1993,11.5793590567599
pop65_share,AUS,Australia,1992,11.4135225482218
pop65_share,AUS,Australia,1991,11.2374625014965
pop65_share,AUS,Australia,1990,11.0586596122525
pop65_share,AUT,Austria,2025,21.094709934873
pop65_share,AUT,Austria,2024,20.6064031791903
pop65_share,AUT,Austria,2023,20.1640196753077
pop65_share,AUT,Austria,2022,19.7897509199721
pop65_share,AUT,Austria,2021,19.462852720957
pop65_share,AUT,Austria,2020,19.169788839314
pop65_share,AUT,Austria,2019,18.9402993578561
pop65_share,AUT,Austria,2018,18.7625828458159
pop65_share,AUT,Austria,2017,18.6103296736393
pop65_share,AUT,Austria,2016,18.4999156835518
pop65_share,AUT,Austria,2015,18.4613708048616
pop65_share,AUT,Austria,2014,18.3880563664351
pop65_share,AUT,Austria,2013,18.1994460470678
pop65_share,AUT,Austria,2012,17.9497049255533
pop65_share,AUT,Austria,2011,17.7360671109115
pop65_share,AUT,Austria,2010,17.6592449706019
pop65_share,AUT,Austria,2009,17.531366290654
pop65_share,AUT,Austria,2008,17.2809727927874
pop65_share,AUT,Austria,2007,17.0280423461531
pop65_share,AUT,Austria,2006,16.6795154741016
pop65_share,AUT,Austria,2005,16.2126667286006
pop65_share,AUT,Austria,2004,15.733576999106
pop65_share,AUT,Austria,2003,15.474203955826
pop65_share,AUT,Austria,2002,15.4618807713017
pop65_share,AUT,Austria,2001,15.4633865658572
pop65_share,AUT,Austria,2000,15.4406416730563
pop65_share,AUT,Austria,1999,15.4281221570092
pop65_share,AUT,Austria,1998,15.4000415242756
pop65_share,AUT,Austria,1997,15.3345185988588
pop65_share,AUT,Austria,1996,15.2515706581197
pop65_share,AUT,Austria,1995,15.1506262985717
pop65_share,AUT,Austria,1994,15.0330145984804
pop65_share,AUT,Austria,1993,14.9463189703997
pop65_share,AUT,Austria,1992,14.9358219452659
pop65_share,AUT,Austria,1991,14.9688996202209
pop65_share,AUT,Austria,1990,14.9539928677502
pop65_share,CAN,Canada,2025,20.2603673865917
pop65_share,CAN,Canada,2024,19.7995907648324
pop65_share,CAN,Canada,2023,19.3581192161771
pop65_share,CAN,Canada,2022,18.9407471303288
pop65_share,CAN,Canada,2021,18.4822592321013
pop65_share,CAN,Canada,2020,17.9854084818723
pop65_share,CAN,Canada,2019,17.5318595224519
pop65_share,CAN,Canada,2018,17.1296813071885
pop65_share,CAN,Canada,2017,16.7582136912329
pop65_share,CAN,Canada,2016,16.3881021891164
pop65_share,CAN,Canada,2015,16.0101997556659
pop65_share,CAN,Canada,2014,15.6232441846315
pop65_share,CAN,Canada,2013,15.2286887935879
pop65_share,CAN,Canada,2012,14.8206990584527
pop65_share,CAN,Canada,2011,14.4296808152056
pop65_share,CAN,Canada,2010,14.1094023482861
pop65_share,CAN,Canada,2009,13.8518496981519
pop65_share,CAN,Canada,2008,13.6209286442365
pop65_share,CAN,Canada,2007,13.4074353506841
pop65_share,CAN,Canada,2006,13.2121185240005
pop65_share,CAN,Canada,2005,13.0466474392723
pop65_share,CAN,Canada,2004,12.9167916368003
pop65_share,CAN,Canada,2003,12.8045900297652
pop65_share,CAN,Canada,2002,12.7070290689936
pop65_share,CAN,Canada,2001,12.6230053671836
pop65_share,CAN,Canada,2000,12.5363093892577
pop65_share,CAN,Canada,1999,12.4442001917322
pop65_share,CAN,Canada,1998,12.3428066750941
pop65_share,CAN,Canada,1997,12.2215496950024
pop65_share,CAN,Canada,1996,12.0896719713915
pop65_share,CAN,Canada,1995,11.9590423091733
pop65_share,CAN,Canada,1994,11.831707764212
pop65_share,CAN,Canada,1993,11.7045627538511
pop65_share,CAN,Canada,1992,11.5677583059081
pop65_share,CAN,Canada,1991,11.41263105127
pop65_share,CAN,Canada,1990,11.2396227452206
pop65_share,CHE,Switzerland,2025,20.4321204316855
pop65_share,CHE,Switzerland,2024,20.0190518226838
pop65_share,CHE,Switzerland,2023,19.6113808360035
pop65_share,CHE,Switzerland,2022,19.2186649457438
pop65_share,CHE,Switzerland,2021,18.9280297681521
pop65_share,CHE,Switzerland,2020,18.75153888659
pop65_share,CHE,Switzerland,2019,18.582145616847
pop65_share,CHE,Switzerland,2018,18.3875840156537
pop65_share,CHE,Switzerland,2017,18.2004755827912
pop65_share,CHE,Switzerland,2016,18.0385893516831
pop65_share,CHE,Switzerland,2015,17.8893566752222
pop65_share,CHE,Switzerland,2014,17.7142281195699
pop65_share,CHE,Switzerland,2013,17.5205488628266
pop65_share,CHE,Switzerland,2012,17.3026342972398
pop65_share,CHE,Switzerland,2011,17.0508296205201
pop65_share,CHE,Switzerland,2010,16.8296381939452
pop65_share,CHE,Switzerland,2009,16.6258919865153
pop65_share,CHE,Switzerland,2008,16.4219925126882
pop65_share,CHE,Switzerland,2007,16.2382853828057
pop65_share,CHE,Switzerland,2006,16.0353086424045
pop65_share,CHE,Switzerland,2005,15.8531022603741
pop65_share,CHE,Switzerland,2004,15.7115512057544
pop65_share,CHE,Switzerland,2003,15.6013399974119
pop65_share,CHE,Switzerland,2002,15.5366057258167
pop65_share,CHE,Switzerland,2001,15.4538977654197
pop65_share,CHE,Switzerland,2000,15.3331918616722
pop65_share,CHE,Switzerland,1999,15.2184012560817
pop65_share,CHE,Switzerland,1998,15.1006688755777
pop65_share,CHE,Switzerland,1997,14.9709785887966
pop65_share,CHE,Switzerland,1996,14.8442066388679
pop65_share,CHE,Switzerland,1995,14.7405129836719
pop65_share,CHE,Switzerland,1994,14.6584496154513
pop65_share,CHE,Switzerland,1993,14.6015857930104
pop65_share,CHE,Switzerland,1992,14.5722493238413
pop65_share,CHE,Switzerland,1991,14.5703454163398
pop65_share,CHE,Switzerland,1990,14.5804971806923
pop65_share,DEU,Germany,2025,23.7031981458429
pop65_share,DEU,Germany,2024,23.1955871731941
pop65_share,DEU,Germany,2023,22.7900439454493
pop65_share,DEU,Germany,2022,22.4589063795192
pop65_share,DEU,Germany,2021,22.1345373657439
pop65_share,DEU,Germany,2020,21.8447281174981
pop65_share,DEU,Germany,2019,21.6283933065816
pop65_share,DEU,Germany,2018,21.4497613850113
pop65_share,DEU,Germany,2017,21.2936405100178
pop65_share,DEU,Germany,2016,21.134996177657
pop65_share,DEU,Germany,2015,21.0533536816501
pop65_share,DEU,Germany,2014,20.9586686898656
pop65_share,DEU,Germany,2013,20.8129761139965
pop65_share,DEU,Germany,2012,20.6376494265399
pop65_share,DEU,Germany,2011,20.5214981321516
pop65_share,DEU,Germany,2010,20.5654453486144
pop65_share,DEU,Germany,2009,20.5215956309191
pop65_share,DEU,Germany,2008,20.2873147195182
pop65_share,DEU,Germany,2007,19.9911941840778
pop65_share,DEU,Germany,2006,19.4956220823608
pop65_share,DEU,Germany,2005,18.8586850514415
pop65_share,DEU,Germany,2004,18.2658061525647
pop65_share,DEU,Germany,2003,17.7182569255381
pop65_share,DEU,Germany,2002,17.2650364693375
pop65_share,DEU,Germany,2001,16.8557051631062
pop65_share,DEU,Germany,2000,16.4607313825805
pop65_share,DEU,Germany,1999,16.1122722860238
pop65_share,DEU,Germany,1998,15.8293702822951
pop65_share,DEU,Germany,1997,15.6492956068092
pop65_share,DEU,Germany,1996,15.5408622954013
pop65_share,DEU,Germany,1995,15.3977997568773
pop65_share,DEU,Germany,1994,15.2181565798793
pop65_share,DEU,Germany,1993,15.0472243823376
pop65_share,DEU,Germany,1992,14.9477775334936
pop65_share,DEU,Germany,1991,14.9020513455031
pop65_share,DEU,Germany,1990,14.8673064129016
pop65_share,DNK,Denmark,2025,21.1189674580971
pop65_share,DNK,Denmark,2024,20.8660704666167
pop65_share,DNK,Denmark,2023,20.6001829312424
pop65_share,DNK,Denmark,2022,20.4007400764725
pop65_share,DNK,Denmark,2021,20.2481262517018
pop65_share,DNK,Denmark,2020,20.0008145375227
pop65_share,DNK,Denmark,2019,19.7143802297606
pop65_share,DNK,Denmark,2018,19.4403886413888
pop65_share,DNK,Denmark,2017,19.1822684091773
pop65_share,DNK,Denmark,2016,18.9425702764271
pop65_share,DNK,Denmark,2015,18.7039395633233
pop65_share,DNK,Denmark,2014,18.4155552098464
pop65_share,DNK,Denmark,2013,18.0533476868912
pop65_share,DNK,Denmark,2012,17.6035443304634
pop65_share,DNK,Denmark,2011,17.0763558660448
pop65_share,DNK,Denmark,2010,16.5574489274022
pop65_share,DNK,Denmark,2009,16.1019309009513
pop65_share,DNK,Denmark,2008,15.735788408074
pop65_share,DNK,Denmark,2007,15.4557349146506
pop65_share,DNK,Denmark,2006,15.2481599729283
pop65_share,DNK,Denmark,2005,15.0928272794378
pop65_share,DNK,Denmark,2004,14.9629722691678
pop65_share,DNK,Denmark,2003,14.8698837174681
pop65_share,DNK,Denmark,2002,14.817030784647
pop65_share,DNK,Denmark,2001,14.8038992854408
pop65_share,DNK,Denmark,2000,14.8179045532594
pop65_share,DNK,Denmark,1999,14.8541769486488
pop65_share,DNK,Denmark,1998,14.9140163136738
pop65_share,DNK,Denmark,1997,14.9921429091766
pop65_share,DNK,Denmark,1996,15.0922427755066
pop65_share,DNK,Denmark,1995,15.2319160157146
pop65_share,DNK,Denmark,1994,15.365191758771
pop65_share,DNK,Denmark,1993,15.4621917085354
pop65_share,DNK,Denmark,1992,15.5414419436872
pop65_share,DNK,Denmark,1991,15.5809531163468
pop65_share,DNK,Denmark,1990,15.5874849859707
pop65_share,ESP,Spain,2025,21.64208099744
pop65_share,ESP,Spain,2024,21.1454438932121
pop65_share,ESP,Spain,2023,20.6537075238774
pop65_share,ESP,Spain,2022,20.1879992491906
pop65_share,ESP,Spain,2021,19.8133822943511
pop65_share,ESP,Spain,2020,19.5596160856506
pop65_share,ESP,Spain,2019,19.3818276285973
pop65_share,ESP,Spain,2018,19.2023408408683
pop65_share,ESP,Spain,2017,18.9928200430073
pop65_share,ESP,Spain,2016,18.7673388766097
pop65_share,ESP,Spain,2015,18.5417546078088
pop65_share,ESP,Spain,2014,18.2556448430349
pop65_share,ESP,Spain,2013,17.850818523935
pop65_share,ESP,Spain,2012,17.4565170843771
pop65_share,ESP,Spain,2011,17.1687054838507
pop65_share,ESP,Spain,2010,16.8924601879808
pop65_share,ESP,Spain,2009,16.624463548763
pop65_share,ESP,Spain,2008,16.4438826004183
pop65_share,ESP,Spain,2007,16.4323340980449
pop65_share,ESP,Spain,2006,16.5359190105435
pop65_share,ESP,Spain,2005,16.5458746280758
pop65_share,ESP,Spain,2004,16.6200037719819
pop65_share,ESP,Spain,2003,16.8143513811509
pop65_share,ESP,Spain,2002,16.9184155055798
pop65_share,ESP,Spain,2001,16.8103108793461
pop65_share,ESP,Spain,2000,16.547877414587
pop65_share,ESP,Spain,1999,16.2998343426415
pop65_share,ESP,Spain,1998,16.0232228320738
pop65_share,ESP,Spain,1997,15.7024263363888
pop65_share,ESP,Spain,1996,15.3819986056743
pop65_share,ESP,Spain,1995,15.0565114307106
pop65_share,ESP,Spain,1994,14.7318464475045
pop65_share,ESP,Spain,1993,14.4292549855654
pop65_share,ESP,Spain,1992,14.1420678314451
pop65_share,ESP,Spain,1991,13.8574177245465
pop65_share,ESP,Spain,1990,13.5444757434819
pop65_share,EST,Estonia,2025,21.8016309684638
pop65_share,EST,Estonia,2024,21.2973321004949
pop65_share,EST,Estonia,2023,20.9140825455897
pop65_share,EST,Estonia,2022,20.6300461857585
pop65_share,EST,Estonia,2021,20.4337977975588
pop65_share,EST,Estonia,2020,20.2000948355964
pop65_share,EST,Estonia,2019,19.8965346883511
pop65_share,EST,Estonia,2018,19.6754905294355
pop65_share,EST,Estonia,2017,19.4674154002753
pop65_share,EST,Estonia,2016,19.186016024635
pop65_share,EST,Estonia,2015,18.88875196261
pop65_share,EST,Estonia,2014,18.5609288129198
pop65_share,EST,Estonia,2013,18.1984559754977
pop65_share,EST,Estonia,2012,17.8628188378184
pop65_share,EST,Estonia,2011,17.571641400301
pop65_share,EST,Estonia,2010,17.4402915321171
pop65_share,EST,Estonia,2009,17.4326363206181
pop65_share,EST,Estonia,2008,17.4424900940412
pop65_share,EST,Estonia,2007,17.3721726152183
pop65_share,EST,Estonia,2006,17.0809882539691
pop65_share,EST,Estonia,2005,16.7234688774936
pop65_share,EST,Estonia,2004,16.3887820729212
pop65_share,EST,Estonia,2003,16.0261881314513
pop65_share,EST,Estonia,2002,15.647710838133
pop65_share,EST,Estonia,2001,15.2882046634728
pop65_share,EST,Estonia,2000,14.9933750752507
pop65_share,EST,Estonia,1999,14.7844703979652
pop65_share,EST,Estonia,1998,14.611581257828
pop65_share,EST,Estonia,1997,14.3160796794363
pop65_share,EST,Estonia,1996,13.9213996992997
pop65_share,EST,Estonia,1995,13.5138772158425
pop65_share,EST,Estonia,1994,13.1138553947445
pop65_share,EST,Estonia,1993,12.6945534991378
pop65_share,EST,Estonia,1992,12.2123772571568
pop65_share,EST,Estonia,1991,11.8240993341248
pop65_share,EST,Estonia,1990,11.6149839823958
pop65_share,FIN,Finland,2025,24.2018896456272
pop65_share,FIN,Finland,2024,23.8972369428395
pop65_share,FIN,Finland,2023,23.5778747195571
pop65_share,FIN,Finland,2022,23.2287672110978
pop65_share,FIN,Finland,2021,22.8749565743109
pop65_share,FIN,Finland,2020,22.4906828905898
pop65_share,FIN,Finland,2019,22.061393842071
pop65_share,FIN,Finland,2018,21.6154814502107
pop65_share,FIN,Finland,2017,21.1457473282604
pop65_share,FIN,Finland,2016,20.6838033296157
pop65_share,FIN,Finland,2015,20.2090618722589
pop65_share,FIN,Finland,2014,19.6661048130943
pop65_share,FIN,Finland,2013,19.0733570715343
pop65_share,FIN,Finland,2012,18.4499585932434
pop65_share,FIN,Finland,2011,17.8213910625007
pop65_share,FIN,Finland,2010,17.2594164785613
pop65_share,FIN,Finland,2009,16.8796258150036
pop65_share,FIN,Finland,2008,16.629047778842
pop65_share,FIN,Finland,2007,16.4860618184775
pop65_share,FIN,Finland,2006,16.2327000834465
pop65_share,FIN,Finland,2005,15.9351969717591
pop65_share,FIN,Finland,2004,15.722183075154
pop65_share,FIN,Finland,2003,15.4567323140138
pop65_share,FIN,Finland,2002,15.2453992330805
pop65_share,FIN,Finland,2001,15.0767515855428
pop65_share,FIN,Finland,2000,14.9164594925449
pop65_share,FIN,Finland,1999,14.7704798513837
pop65_share,FIN,Finland,1998,14.6626071979925
pop65_share,FIN,Finland,1997,14.5498718366513
pop65_share,FIN,Finland,1996,14.3982989107788
pop65_share,FIN,Finland,1995,14.2161612671296
pop65_share,FIN,Finland,1994,14.0121905288213
pop65_share,FIN,Finland,1993,13.8314724499121
pop65_share,FIN,Finland,1992,13.6867561206057
pop65_share,FIN,Finland,1991,13.5414289931151
pop65_share,FIN,Finland,1990,13.384948586956
pop65_share,FRA,France,2025,22.5418906984086
pop65_share,FRA,France,2024,22.1465618989138
pop65_share,FRA,France,2023,21.7491423914771
pop65_share,FRA,France,2022,21.3773491158756
pop65_share,FRA,France,2021,21.0507539717053
pop65_share,FRA,France,2020,20.747440901072
pop65_share,FRA,France,2019,20.4100888765873
pop65_share,FRA,France,2018,20.0394210628073
pop65_share,FRA,France,2017,19.6708486830069
pop65_share,FRA,France,2016,19.2846641669454
pop65_share,FRA,France,2015,18.8516269618174
pop65_share,FRA,France,2014,18.387873214191
pop65_share,FRA,France,2013,17.9295780155891
pop65_share,FRA,France,2012,17.4830959695717
pop65_share,FRA,France,2011,17.0554720144704
pop65_share,FRA,France,2010,16.7822818238459
pop65_share,FRA,France,2009,16.6603292280856
pop65_share,FRA,France,2008,16.5489941970548
pop65_share,FRA,France,2007,16.4622881383827
pop65_share,FRA,France,2006,16.4417997065665
pop65_share,FRA,France,2005,16.4377318294942
pop65_share,FRA,France,2004,16.3656994827148
pop65_share,FRA,France,2003,16.2833219150672
pop65_share,FRA,France,2002,16.2151106246385
pop65_share,FRA,France,2001,16.1191468960649
pop65_share,FRA,France,2000,16.0086458283083
pop65_share,FRA,France,1999,15.8809197922761
pop65_share,FRA,France,1998,15.7266480155027
pop65_share,FRA,France,1997,15.539898812778
pop65_share,FRA,France,1996,15.3295626256522
pop65_share,FRA,France,1995,15.1008202937428
pop65_share,FRA,France,1994,14.8617126558386
pop65_share,FRA,France,1993,14.635725153185
pop65_share,FRA,France,1992,14.4216432076035
pop65_share,FRA,France,1991,14.2066198121179
pop65_share,FRA,France,1990,13.9827709266386
pop65_share,GBR,United Kingdom,2025,19.7026932546935
pop65_share,GBR,United Kingdom,2024,19.4997673608515
pop65_share,GBR,United Kingdom,2023,19.238129106618
pop65_share,GBR,United Kingdom,2022,18.9303147227989
pop65_share,GBR,United Kingdom,2021,18.7186487679579
pop65_share,GBR,United Kingdom,2020,18.6057953275723
pop65_share,GBR,United Kingdom,2019,18.457958087858
pop65_share,GBR,United Kingdom,2018,18.2557500676941
pop65_share,GBR,United Kingdom,2017,18.0734136212163
pop65_share,GBR,United Kingdom,2016,17.9162025708266
pop65_share,GBR,United Kingdom,2015,17.7699801979471
pop65_share,GBR,United Kingdom,2014,17.5840843935351
pop65_share,GBR,United Kingdom,2013,17.3279065798855
pop65_share,GBR,United Kingdom,2012,16.9733440416117
pop65_share,GBR,United Kingdom,2011,16.5874649936032
pop65_share,GBR,United Kingdom,2010,16.3383853690104
pop65_share,GBR,United Kingdom,2009,16.1801963230047
pop65_share,GBR,United Kingdom,2008,16.0367055435496
pop65_share,GBR,United Kingdom,2007,15.9485662135398
pop65_share,GBR,United Kingdom,2006,15.9311877692873
pop65_share,GBR,United Kingdom,2005,15.9578367640377
pop65_share,GBR,United Kingdom,2004,15.9607524797213
pop65_share,GBR,United Kingdom,2003,15.944049006037
pop65_share,GBR,United Kingdom,2002,15.931456068173
pop65_share,GBR,United Kingdom,2001,15.9091370627726
pop65_share,GBR,United Kingdom,2000,15.8897578485505
pop65_share,GBR,United Kingdom,1999,15.9046424190137
pop65_share,GBR,United Kingdom,1998,15.9457379399543
pop65_share,GBR,United Kingdom,1997,15.9779916498493
pop65_share,GBR,United Kingdom,1996,15.9936638234577
pop65_share,GBR,United Kingdom,1995,15.9941182331737
pop65_share,GBR,United Kingdom,1994,15.9819872361187
pop65_share,GBR,United Kingdom,1993,15.9763702472184
pop65_share,GBR,United Kingdom,1992,15.9641385979724
pop65_share,GBR,United Kingdom,1991,15.9255736650136
pop65_share,GBR,United Kingdom,1990,15.8723467853831
pop65_share,ISL,Iceland,2025,15.9770103398231
pop65_share,ISL,Iceland,2024,15.6448154592516
pop65_share,ISL,Iceland,2023,15.3483031550157
pop65_share,ISL,Iceland,2022,15.1109948456115
pop65_share,ISL,Iceland,2021,14.8686344991929
pop65_share,ISL,Iceland,2020,14.5643646996569
pop65_share,ISL,Iceland,2019,14.299299000969
pop65_share,ISL,Iceland,2018,14.1209962193995
pop65_share,ISL,Iceland,2017,14.0228770869629
pop65_share,ISL,Iceland,2016,13.9213912898367
pop65_share,ISL,Iceland,2015,13.679345765165
pop65_share,ISL,Iceland,2014,13.3619327506584
pop65_share,ISL,Iceland,2013,13.0702053657851
pop65_share,ISL,Iceland,2012,12.7719224973156
pop65_share,ISL,Iceland,2011,12.4507656586356
pop65_share,ISL,Iceland,2010,12.1351655466781
pop65_share,ISL,Iceland,2009,11.8021292355592
pop65_share,ISL,Iceland,2008,11.5783688618945
pop65_share,ISL,Iceland,2007,11.5446630119316
pop65_share,ISL,Iceland,2006,11.6173150713783
pop65_share,ISL,Iceland,2005,11.7210095187722
pop65_share,ISL,Iceland,2004,11.7569142464023
pop65_share,ISL,Iceland,2003,11.7252809861708
pop65_share,ISL,Iceland,2002,11.6676576022141
pop65_share,ISL,Iceland,2001,11.5992668017295
pop65_share,ISL,Iceland,2000,11.5722767349261
pop65_share,ISL,Iceland,1999,11.5697355900926
pop65_share,ISL,Iceland,1998,11.5622657203364
pop65_share,ISL,Iceland,1997,11.5069260964399
pop65_share,ISL,Iceland,1996,11.3937016656752
pop65_share,ISL,Iceland,1995,11.2289260214571
pop65_share,ISL,Iceland,1994,11.042515884963
pop65_share,ISL,Iceland,1993,10.910735003071
pop65_share,ISL,Iceland,1992,10.8029951931363
pop65_share,ISL,Iceland,1991,10.7202147301134
pop65_share,ISL,Iceland,1990,10.6322363425531
pop65_share,ISR,Israel,2025,12.6916264748788
pop65_share,ISR,Israel,2024,12.5526937672772
pop65_share,ISR,Israel,2023,12.4157088880088
pop65_share,ISR,Israel,2022,12.3030366078735
pop65_share,ISR,Israel,2021,12.1979895950145
pop65_share,ISR,Israel,2020,12.0528770588893
pop65_share,ISR,Israel,2019,11.8854991652299
pop65_share,ISR,Israel,2018,11.7012951661424
pop65_share,ISR,Israel,2017,11.4924645678713
pop65_share,ISR,Israel,2016,11.2613992767727
pop65_share,ISR,Israel,2015,11.0178266647386
pop65_share,ISR,Israel,2014,10.795297915876
pop65_share,ISR,Israel,2013,10.5899969533043
pop65_share,ISR,Israel,2012,10.3421950725313
pop65_share,ISR,Israel,2011,10.0737415795495
pop65_share,ISR,Israel,2010,9.89778832137184
pop65_share,ISR,Israel,2009,9.83114851647827
pop65_share,ISR,Israel,2008,9.83820889457511
pop65_share,ISR,Israel,2007,9.89574079832473
pop65_share,ISR,Israel,2006,9.94223945345664
pop65_share,ISR,Israel,2005,9.95144916787625
pop65_share,ISR,Israel,2004,9.9373061958742
pop65_share,ISR,Israel,2003,9.8951378017537
pop65_share,ISR,Israel,2002,9.81790919278782
pop65_share,ISR,Israel,2001,9.74750406630562
pop65_share,ISR,Israel,2000,9.72425912757915
pop65_share,ISR,Israel,1999,9.74248498653861
pop65_share,ISR,Israel,1998,9.78238868144812
pop65_share,ISR,Israel,1997,9.79634543546033
pop65_share,ISR,Israel,1996,9.8007446607237
pop65_share,ISR,Israel,1995,9.69968001238529
pop65_share,ISR,Israel,1994,9.57043816689077
pop65_share,ISR,Israel,1993,9.51622527917075
pop65_share,ISR,Israel,1992,9.44126547888159
pop65_share,ISR,Israel,1991,9.35875191257036
pop65_share,ISR,Israel,1990,9.24083811679607
pop65_share,ITA,Italy,2025,25.0981380733118
pop65_share,ITA,Italy,2024,24.624776723376
pop65_share,ITA,Italy,2023,24.2187831541913
pop65_share,ITA,Italy,2022,23.929189689659
pop65_share,ITA,Italy,2021,23.6619735523658
pop65_share,ITA,Italy,2020,23.379233231567
pop65_share,ITA,Italy,2019,23.104171093177
pop65_share,ITA,Italy,2018,22.8062143288843
pop65_share,ITA,Italy,2017,22.558669089969
pop65_share,ITA,Italy,2016,22.3095886391617
pop65_share,ITA,Italy,2015,22.0285256126439
pop65_share,ITA,Italy,2014,21.6978740078895
pop65_share,ITA,Italy,2013,21.330672420342
pop65_share,ITA,Italy,2012,20.9966444751961
pop65_share,ITA,Italy,2011,20.6879338870931
pop65_share,ITA,Italy,2010,20.4589612100469
pop65_share,ITA,Italy,2009,20.3135164047155
pop65_share,ITA,Italy,2008,20.2043389169453
pop65_share,ITA,Italy,2007,20.1236179704111
pop65_share,ITA,Italy,2006,19.9355953277602
pop65_share,ITA,Italy,2005,19.6352354411702
pop65_share,ITA,Italy,2004,19.329212127098
pop65_share,ITA,Italy,2003,19.0525655493978
pop65_share,ITA,Italy,2002,18.7987896858146
pop65_share,ITA,Italy,2001,18.5127619063707
pop65_share,ITA,Italy,2000,18.2167668390368
pop65_share,ITA,Italy,1999,17.9210890987134
pop65_share,ITA,Italy,1998,17.640889956251
pop65_share,ITA,Italy,1997,17.359859146316
pop65_share,ITA,Italy,1996,17.0296419262406
pop65_share,ITA,Italy,1995,17.0439775864275
pop65_share,ITA,Italy,1994,16.7132235035729
pop65_share,ITA,Italy,1993,16.0206868673356
pop65_share,ITA,Italy,1992,15.6915923809491
pop65_share,ITA,Italy,1991,15.3297769204167
pop65_share,ITA,Italy,1990,14.9633877032434
pop65_share,JPN,Japan,2025,29.9940966737423
pop65_share,JPN,Japan,2024,29.7807703973917
pop65_share,JPN,Japan,2023,29.5618100807812
pop65_share,JPN,Japan,2022,29.4026473056942
pop65_share,JPN,Japan,2021,29.2169970691602
pop65_share,JPN,Japan,2020,28.9181743842737
pop65_share,JPN,Japan,2019,28.6287707536412
pop65_share,JPN,Japan,2018,28.3452163347643
pop65_share,JPN,Japan,2017,27.9778213758677
pop65_share,JPN,Japan,2016,27.5120281384821
pop65_share,JPN,Japan,2015,26.9230034152781
pop65_share,JPN,Japan,2014,26.2261883365166
pop65_share,JPN,Japan,2013,25.4120635790966
pop65_share,JPN,Japan,2012,24.5126783338024
pop65_share,JPN,Japan,2011,23.6527395093536
pop65_share,JPN,Japan,2010,23.0980258847984
pop65_share,JPN,Japan,2009,22.7624685083393
pop65_share,JPN,Japan,2008,22.2533796508458
pop65_share,JPN,Japan,2007,21.6266998258271
pop65_share,JPN,Japan,2006,20.9784589313141
pop65_share,JPN,Japan,2005,20.2818997821341
pop65_share,JPN,Japan,2004,19.6215781629582
pop65_share,JPN,Japan,2003,19.094589199668
pop65_share,JPN,Japan,2002,18.5996931174384
pop65_share,JPN,Japan,2001,18.0343083523681
pop65_share,JPN,Japan,2000,17.4418311728625
pop65_share,JPN,Japan,1999,16.8685596811724
pop65_share,JPN,Japan,1998,16.31972118413
pop65_share,JPN,Japan,1997,15.7647990694307
pop65_share,JPN,Japan,1996,15.2014638551928
pop65_share,JPN,Japan,1995,14.6600917550368
pop65_share,JPN,Japan,1994,14.1471706843512
pop65_share,JPN,Japan,1993,13.6451471731511
pop65_share,JPN,Japan,1992,13.14609994239
pop65_share,JPN,Japan,1991,12.6426627429561
pop65_share,JPN,Japan,1990,12.1592371434388
pop65_share,KOR,"Korea, Rep.",2025,20.3304188408974
pop65_share,KOR,"Korea, Rep.",2024,19.2735131316057
pop65_share,KOR,"Korea, Rep.",2023,18.3350235838597
pop65_share,KOR,"Korea, Rep.",2022,17.4846463366305
pop65_share,KOR,"Korea, Rep.",2021,16.6596412164908
pop65_share,KOR,"Korea, Rep.",2020,15.822165945989
pop65_share,KOR,"Korea, Rep.",2019,15.0634884441589
pop65_share,KOR,"Korea, Rep.",2018,14.4543760222277
pop65_share,KOR,"Korea, Rep.",2017,13.8737462057967
pop65_share,KOR,"Korea, Rep.",2016,13.3631038531662
pop65_share,KOR,"Korea, Rep.",2015,12.954685714924
pop65_share,KOR,"Korea, Rep.",2014,12.5254091857732
pop65_share,KOR,"Korea, Rep.",2013,12.0971432569738
pop65_share,KOR,"Korea, Rep.",2012,11.7033965983522
pop65_share,KOR,"Korea, Rep.",2011,11.3503836185426
pop65_share,KOR,"Korea, Rep.",2010,10.9916944218993
pop65_share,KOR,"Korea, Rep.",2009,10.6131373147372
pop65_share,KOR,"Korea, Rep.",2008,10.248148061523
pop65_share,KOR,"Korea, Rep.",2007,9.85710348983429
pop65_share,KOR,"Korea, Rep.",2006,9.42057086311249
pop65_share,KOR,"Korea, Rep.",2005,9.00039400945138
pop65_share,KOR,"Korea, Rep.",2004,8.60086379929101
pop65_share,KOR,"Korea, Rep.",2003,8.20122350683224
pop65_share,KOR,"Korea, Rep.",2002,7.81606605137616
pop65_share,KOR,"Korea, Rep.",2001,7.44493688262949
pop65_share,KOR,"Korea, Rep.",2000,7.091050395922
pop65_share,KOR,"Korea, Rep.",1999,6.75830024883881
pop65_share,KOR,"Korea, Rep.",1998,6.47059965496004
pop65_share,KOR,"Korea, Rep.",1997,6.20969871131759
pop65_share,KOR,"Korea, Rep.",1996,5.96918301758357
pop65_share,KOR,"Korea, Rep.",1995,5.76406712637625
pop65_share,KOR,"Korea, Rep.",1994,5.56146079309115
pop65_share,KOR,"Korea, Rep.",1993,5.36546701906146
pop65_share,KOR,"Korea, Rep.",1992,5.19222765327707
pop65_share,KOR,"Korea, Rep.",1991,5.02804171546935
pop65_share,KOR,"Korea, Rep.",1990,4.88530804594869
pop65_share,LUX,Luxembourg,2025,15.8123957037476
pop65_share,LUX,Luxembourg,2024,15.4763638200631
pop65_share,LUX,Luxembourg,2023,15.1061948765445
pop65_share,LUX,Luxembourg,2022,14.8424375777289
pop65_share,LUX,Luxembourg,2021,14.7153406197971
pop65_share,LUX,Luxembourg,2020,14.5852263807154
pop65_share,LUX,Luxembourg,2019,14.4700667405182
pop65_share,LUX,Luxembourg,2018,14.3776280584969
pop65_share,LUX,Luxembourg,2017,14.3068137144371
pop65_share,LUX,Luxembourg,2016,14.2424413802086
pop65_share,LUX,Luxembourg,2015,14.1954152151927
pop65_share,LUX,Luxembourg,2014,14.1251062865936
pop65_share,LUX,Luxembourg,2013,14.0256757341215
pop65_share,LUX,Luxembourg,2012,13.9654108927907
pop65_share,LUX,Luxembourg,2011,13.958297980655
pop65_share,LUX,Luxembourg,2010,13.9918409176011
pop65_share,LUX,Luxembourg,2009,14.0208536361383
pop65_share,LUX,Luxembourg,2008,14.030027168217
pop65_share,LUX,Luxembourg,2007,14.0545942907115
pop65_share,LUX,Luxembourg,2006,14.0849627590057
pop65_share,LUX,Luxembourg,2005,14.1069293143962
pop65_share,LUX,Luxembourg,2004,14.0654883148536
pop65_share,LUX,Luxembourg,2003,14.0392131693217
pop65_share,LUX,Luxembourg,2002,14.0202984619899
pop65_share,LUX,Luxembourg,2001,13.9484529197977
pop65_share,LUX,Luxembourg,2000,14.0341524651339
pop65_share,LUX,Luxembourg,1999,14.1568794385632
pop65_share,LUX,Luxembourg,1998,14.1519186994362
pop65_share,LUX,Luxembourg,1997,14.1276730828213
pop65_share,LUX,Luxembourg,1996,14.0490095498415
pop65_share,LUX,Luxembourg,1995,13.91174518099
pop65_share,LUX,Luxembourg,1994,13.7628853175687
pop65_share,LUX,Luxembourg,1993,13.6301611278953
pop65_share,LUX,Luxembourg,1992,13.5294485328353
pop65_share,LUX,Luxembourg,1991,13.4386544541734
pop65_share,LUX,Luxembourg,1990,13.373460833115
pop65_share,NLD,Netherlands,2025,20.8687702211484
pop65_share,NLD,Netherlands,2024,20.4960775816586
pop65_share,NLD,Netherlands,2023,20.1567559021407
pop65_share,NLD,Netherlands,2022,19.9012830406524
pop65_share,NLD,Netherlands,2021,19.6618088308361
pop65_share,NLD,Netherlands,2020,19.3703952280046
pop65_share,NLD,Netherlands,2019,19.0648534024819
pop65_share,NLD,Netherlands,2018,18.7510079268288
pop65_share,NLD,Netherlands,2017,18.4202330068604
pop65_share,NLD,Netherlands,2016,18.0943972670713
pop65_share,NLD,Netherlands,2015,17.7566909073968
pop65_share,NLD,Netherlands,2014,17.3524406523196
pop65_share,NLD,Netherlands,2013,16.8801636441145
pop65_share,NLD,Netherlands,2012,16.3399904352262
pop65_share,NLD,Netherlands,2011,15.7302862366438
pop65_share,NLD,Netherlands,2010,15.2790715770186
pop65_share,NLD,Netherlands,2009,14.9930922462337
pop65_share,NLD,Netherlands,2008,14.7046277162167
pop65_share,NLD,Netherlands,2007,14.454348786975
pop65_share,NLD,Netherlands,2006,14.2338889130898
pop65_share,NLD,Netherlands,2005,14.0184905479326
pop65_share,NLD,Netherlands,2004,13.8139505760091
pop65_share,NLD,Netherlands,2003,13.6596873008176
pop65_share,NLD,Netherlands,2002,13.5686676079293
pop65_share,NLD,Netherlands,2001,13.5185712153809
pop65_share,NLD,Netherlands,2000,13.4807797576145
pop65_share,NLD,Netherlands,1999,13.4438002723181
pop65_share,NLD,Netherlands,1998,13.4023261484237
pop65_share,NLD,Netherlands,1997,13.3355756071979
pop65_share,NLD,Netherlands,1996,13.2467194589881
pop65_share,NLD,Netherlands,1995,13.1472163646301
pop65_share,NLD,Netherlands,1994,13.0446750365456
pop65_share,NLD,Netherlands,1993,12.9727149031951
pop65_share,NLD,Netherlands,1992,12.9108284236507
pop65_share,NLD,Netherlands,1991,12.8385017838891
pop65_share,NLD,Netherlands,1990,12.7627907032443
pop65_share,NOR,Norway,2025,19.080223244558
pop65_share,NOR,Norway,2024,18.7852406279027
pop65_share,NOR,Norway,2023,18.5338475896816
pop65_share,NOR,Norway,2022,18.3301335040316
pop65_share,NOR,Norway,2021,18.0740226148213
pop65_share,NOR,Norway,2020,17.7281839266957
pop65_share,NOR,Norway,2019,17.3948556308139
pop65_share,NOR,Norway,2018,17.0853969570307
pop65_share,NOR,Norway,2017,16.7812420495177
pop65_share,NOR,Norway,2016,16.5172709689852
pop65_share,NOR,Norway,2015,16.2747739736493
pop65_share,NOR,Norway,2014,16.0283762490523
pop65_share,NOR,Norway,2013,15.7789144734543
pop65_share,NOR,Norway,2012,15.5274803064487
pop65_share,NOR,Norway,2011,15.2444453507473
pop65_share,NOR,Norway,2010,14.9802767836288
pop65_share,NOR,Norway,2009,14.7801365710407
pop65_share,NOR,Norway,2008,14.6595992828172
pop65_share,NOR,Norway,2007,14.6388412851109
pop65_share,NOR,Norway,2006,14.6741418398994
pop65_share,NOR,Norway,2005,14.7079766841642
pop65_share,NOR,Norway,2004,14.7202178693601
pop65_share,NOR,Norway,2003,14.7617275206592
pop65_share,NOR,Norway,2002,14.8654014729792
pop65_share,NOR,Norway,2001,15.0048176013375
pop65_share,NOR,Norway,2000,15.1610925017374
pop65_share,NOR,Norway,1999,15.3616589048289
pop65_share,NOR,Norway,1998,15.5652512020704
pop65_share,NOR,Norway,1997,15.7215578299729
pop65_share,NOR,Norway,1996,15.8364688415752
pop65_share,NOR,Norway,1995,15.9349895646758
pop65_share,NOR,Norway,1994,16.0268601144665
pop65_share,NOR,Norway,1993,16.1357900600715
pop65_share,NOR,Norway,1992,16.2407301189463
pop65_share,NOR,Norway,1991,16.2926444094943
pop65_share,NOR,Norway,1990,16.3133766260252
pop65_share,NZL,New Zealand,2025,17.6093066526984
pop65_share,NZL,New Zealand,2024,17.1957543080631
pop65_share,NZL,New Zealand,2023,16.7985801212333
pop65_share,NZL,New Zealand,2022,16.4463886430602
pop65_share,NZL,New Zealand,2021,16.0465779436973
pop65_share,NZL,New Zealand,2020,15.6207179833113
pop65_share,NZL,New Zealand,2019,15.3016117661383
pop65_share,NZL,New Zealand,2018,15.0578869326057
pop65_share,NZL,New Zealand,2017,14.8685528434202
pop65_share,NZL,New Zealand,2016,14.7113008693955
pop65_share,NZL,New Zealand,2015,14.5553593182878
pop65_share,NZL,New Zealand,2014,14.3691784824307
pop65_share,NZL,New Zealand,2013,14.0864276779802
pop65_share,NZL,New Zealand,2012,13.6932184397473
pop65_share,NZL,New Zealand,2011,13.2934135015614
pop65_share,NZL,New Zealand,2010,12.9832174904356
pop65_share,NZL,New Zealand,2009,12.7554071459637
pop65_share,NZL,New Zealand,2008,12.5794026219759
pop65_share,NZL,New Zealand,2007,12.4172515320195
pop65_share,NZL,New Zealand,2006,12.2256297316556
pop65_share,NZL,New Zealand,2005,12.0218553465394
pop65_share,NZL,New Zealand,2004,11.87567651152
pop65_share,NZL,New Zealand,2003,11.8224928165
pop65_share,NZL,New Zealand,2002,11.8311055464421
pop65_share,NZL,New Zealand,2001,11.8275203073158
pop65_share,NZL,New Zealand,2000,11.7580764490843
pop65_share,NZL,New Zealand,1999,11.6696164791818
pop65_share,NZL,New Zealand,1998,11.5906848218135
pop65_share,NZL,New Zealand,1997,11.5322813381167
pop65_share,NZL,New Zealand,1996,11.5151626470738
pop65_share,NZL,New Zealand,1995,11.5032854769116
pop65_share,NZL,New Zealand,1994,11.4649269040954
pop65_share,NZL,New Zealand,1993,11.3933685255762
pop65_share,NZL,New Zealand,1992,11.2955515961593
pop65_share,NZL,New Zealand,1991,11.161298913177
pop65_share,NZL,New Zealand,1990,11.0415476577199
pop65_share,POL,Poland,2025,20.75382733073
pop65_share,POL,Poland,2024,20.1434028173028
pop65_share,POL,Poland,2023,19.5609114692528
pop65_share,POL,Poland,2022,19.0192157040405
pop65_share,POL,Poland,2021,18.5352368986876
pop65_share,POL,Poland,2020,18.0760468179361
pop65_share,POL,Poland,2019,17.5584217024462
pop65_share,POL,Poland,2018,17.0145616085721
pop65_share,POL,Poland,2017,16.4659360432975
pop65_share,POL,Poland,2016,15.9129115092505
pop65_share,POL,Poland,2015,15.3775328347538
pop65_share,POL,Poland,2014,14.8828006858362
pop65_share,POL,Poland,2013,14.4308218173312
pop65_share,POL,Poland,2012,14.0246184967044
pop65_share,POL,Poland,2011,13.7095291987932
pop65_share,POL,Poland,2010,13.5707882889596
pop65_share,POL,Poland,2009,13.5455278786164
pop65_share,POL,Poland,2008,13.5105109493124
pop65_share,POL,Poland,2007,13.4643695818097
pop65_share,POL,Poland,2006,13.3771602010519
pop65_share,POL,Poland,2005,13.2347926244254
pop65_share,POL,Poland,2004,13.0597041907722
pop65_share,POL,Poland,2003,12.8743856195046
pop65_share,POL,Poland,2002,12.6821987408228
pop65_share,POL,Poland,2001,12.4652183478354
pop65_share,POL,Poland,2000,12.2441691813974
pop65_share,POL,Poland,1999,12.0241918343907
pop65_share,POL,Poland,1998,11.8159015383546
pop65_share,POL,Poland,1997,11.6056196479063
pop65_share,POL,Poland,1996,11.374247521854
pop65_share,POL,Poland,1995,11.1182614982687
pop65_share,POL,Poland,1994,10.8644939194046
pop65_share,POL,Poland,1993,10.6427565260908
pop65_share,POL,Poland,1992,10.4527021230518
pop65_share,POL,Poland,1991,10.2914029157433
pop65_share,POL,Poland,1990,10.1067100629857
pop65_share,PRT,Portugal,2025,24.9426193763087
pop65_share,PRT,Portugal,2024,24.5306498594644
pop65_share,PRT,Portugal,2023,24.1115106141099
pop65_share,PRT,Portugal,2022,23.688003515383
pop65_share,PRT,Portugal,2021,23.2908706037669
pop65_share,PRT,Portugal,2020,22.8627033998973
pop65_share,PRT,Portugal,2019,22.3900784021367
pop65_share,PRT,Portugal,2018,21.9323930135851
pop65_share,PRT,Portugal,2017,21.4882830483163
pop65_share,PRT,Portugal,2016,21.026998642616
pop65_share,PRT,Portugal,2015,20.5742532955034
pop65_share,PRT,Portugal,2014,20.1141031472732
pop65_share,PRT,Portugal,2013,19.6276592820198
pop65_share,PRT,Portugal,2012,19.2003728663626
pop65_share,PRT,Portugal,2011,18.8655829835079
pop65_share,PRT,Portugal,2010,18.5177045107792
pop65_share,PRT,Portugal,2009,18.1758554317889
pop65_share,PRT,Portugal,2008,17.8926883414037
pop65_share,PRT,Portugal,2007,17.6626196823508
pop65_share,PRT,Portugal,2006,17.4641870294143
pop65_share,PRT,Portugal,2005,17.2680626718468
pop65_share,PRT,Portugal,2004,17.041398598076
pop65_share,PRT,Portugal,2003,16.8062925634515
pop65_share,PRT,Portugal,2002,16.6060663913453
pop65_share,PRT,Portugal,2001,16.3877131724044
pop65_share,PRT,Portugal,2000,16.1309006351084
pop65_share,PRT,Portugal,1999,15.9088638559966
pop65_share,PRT,Portugal,1998,15.7126678800107
pop65_share,PRT,Portugal,1997,15.473473430208
pop65_share,PRT,Portugal,1996,15.2238769945198
pop65_share,PRT,Portugal,1995,14.9673977637303
pop65_share,PRT,Portugal,1994,14.6992197269057
pop65_share,PRT,Portugal,1993,14.4375270341474
pop65_share,PRT,Portugal,1992,14.164085471183
pop65_share,PRT,Portugal,1991,13.8440120906677
pop65_share,PRT,Portugal,1990,13.5004981218324
pop65_share,SGP,Singapore,2025,14.2110377720053
pop65_share,SGP,Singapore,2024,13.6562182859265
pop65_share,SGP,Singapore,2023,13.0953667239036
pop65_share,SGP,Singapore,2022,12.6908966015146
pop65_share,SGP,Singapore,2021,12.258194216314
pop65_share,SGP,Singapore,2020,11.5849477696371
pop65_share,SGP,Singapore,2019,10.9750531897302
pop65_share,SGP,Singapore,2018,10.4836486140996
pop65_share,SGP,Singapore,2017,9.96401995439571
pop65_share,SGP,Singapore,2016,9.44794121187799
pop65_share,SGP,Singapore,2015,8.99820725948152
pop65_share,SGP,Singapore,2014,8.57606405394016
pop65_share,SGP,Singapore,2013,8.16514295512923
pop65_share,SGP,Singapore,2012,7.78031524333552
pop65_share,SGP,Singapore,2011,7.48226779969044
pop65_share,SGP,Singapore,2010,7.3372360210155
pop65_share,SGP,Singapore,2009,7.24648502812934
pop65_share,SGP,Singapore,2008,7.16862006919033
pop65_share,SGP,Singapore,2007,7.18487810874108
pop65_share,SGP,Singapore,2006,7.18262614197499
pop65_share,SGP,Singapore,2005,7.04428055389378
pop65_share,SGP,Singapore,2004,6.81212169141942
pop65_share,SGP,Singapore,2003,6.58553323933213
pop65_share,SGP,Singapore,2002,6.4447293967712
pop65_share,SGP,Singapore,2001,6.35275642430359
pop65_share,SGP,Singapore,2000,6.24975683013051
pop65_share,SGP,Singapore,1999,6.0913658873426
pop65_share,SGP,Singapore,1998,5.928550328182
pop65_share,SGP,Singapore,1997,5.85172742351919
pop65_share,SGP,Singapore,1996,5.84066027026437
pop65_share,SGP,Singapore,1995,5.83753310517289
pop65_share,SGP,Singapore,1994,5.80490412447477
pop65_share,SGP,Singapore,1993,5.74144667758926
pop65_share,SGP,Singapore,1992,5.66652755671107
pop65_share,SGP,Singapore,1991,5.61282419265304
pop65_share,SGP,Singapore,1990,5.59965140046802
pop65_share,SWE,Sweden,2025,20.9127967529707
pop65_share,SWE,Sweden,2024,20.7467682423653
pop65_share,SWE,Sweden,2023,20.5364235623884
pop65_share,SWE,Sweden,2022,20.3419018248482
pop65_share,SWE,Sweden,2021,20.1967832299352
pop65_share,SWE,Sweden,2020,20.0599853974717
pop65_share,SWE,Sweden,2019,19.9506621429353
pop65_share,SWE,Sweden,2018,19.8625371600706
pop65_share,SWE,Sweden,2017,19.8018336203973
pop65_share,SWE,Sweden,2016,19.773834861054
pop65_share,SWE,Sweden,2015,19.6982615865952
pop65_share,SWE,Sweden,2014,19.5210692673755
pop65_share,SWE,Sweden,2013,19.2744218602549
pop65_share,SWE,Sweden,2012,18.9775519929568
pop65_share,SWE,Sweden,2011,18.6361385585896
pop65_share,SWE,Sweden,2010,18.2772882991165
pop65_share,SWE,Sweden,2009,17.9392423059468
pop65_share,SWE,Sweden,2008,17.6463898740767
pop65_share,SWE,Sweden,2007,17.4358344844156
pop65_share,SWE,Sweden,2006,17.3280897136683
pop65_share,SWE,Sweden,2005,17.2765354335417
pop65_share,SWE,Sweden,2004,17.2124300845409
pop65_share,SWE,Sweden,2003,17.16497007121
pop65_share,SWE,Sweden,2002,17.1764203133283
pop65_share,SWE,Sweden,2001,17.2157520077936
pop65_share,SWE,Sweden,2000,17.2641350678943
pop65_share,SWE,Sweden,1999,17.328475104645
pop65_share,SWE,Sweden,1998,17.3958378116036
pop65_share,SWE,Sweden,1997,17.4357166404161
pop65_share,SWE,Sweden,1996,17.4498965111869
pop65_share,SWE,Sweden,1995,17.4600019351253
pop65_share,SWE,Sweden,1994,17.5115344884336
pop65_share,SWE,Sweden,1993,17.6047047752498
pop65_share,SWE,Sweden,1992,17.6822902049807
pop65_share,SWE,Sweden,1991,17.7386477062268
pop65_share,SWE,Sweden,1990,17.7788981625722
pop65_share,USA,United States,2025,18.387224828496
pop65_share,USA,United States,2024,17.9287302134033
pop65_share,USA,United States,2023,17.4318194823539
pop65_share,USA,United States,2022,16.9196203896458
pop65_share,USA,United States,2021,16.4737700238047
pop65_share,USA,United States,2020,16.0719119439363
pop65_share,USA,United States,2019,15.6728852475003
pop65_share,USA,United States,2018,15.2914866245804
pop65_share,USA,United States,2017,14.9391233929999
pop65_share,USA,United States,2016,14.6147285118987
pop65_share,USA,United States,2015,14.3102247136795
pop65_share,USA,United States,2014,14.0089266008532
pop65_share,USA,United States,2013,13.7011927174869
pop65_share,USA,United States,2012,13.3766080380696
pop65_share,USA,United States,2011,13.0663304653738
pop65_share,USA,United States,2010,12.8447616637143
pop65_share,USA,United States,2009,12.6710930384686
pop65_share,USA,United States,2008,12.4866608131465
pop65_share,USA,United States,2007,12.310107950036
pop65_share,USA,United States,2006,12.1840000918956
pop65_share,USA,United States,2005,12.1307281353119
pop65_share,USA,United States,2004,12.1109989202413
pop65_share,USA,United States,2003,12.103110972241
pop65_share,USA,United States,2002,12.113268087791
pop65_share,USA,United States,2001,12.1410204340048
pop65_share,USA,United States,2000,12.1858169904893
pop65_share,USA,United States,1999,12.2408686816707
pop65_share,USA,United States,1998,12.3014879807447
pop65_share,USA,United States,1997,12.3542498411949
pop65_share,USA,United States,1996,12.3882659963334
pop65_share,USA,United States,1995,12.4053596836067
pop65_share,USA,United States,1994,12.4074406532205
pop65_share,USA,United States,1993,12.4064404858196
pop65_share,USA,United States,1992,12.3867401310392
pop65_share,USA,United States,1991,12.3519332841069
pop65_share,USA,United States,1990,12.3050798148742
pop014_share,ARE,United Arab Emirates,2025,15.9773973206416
pop014_share,ARE,United Arab Emirates,2024,16.1109795668483
pop014_share,ARE,United Arab Emirates,2023,16.3389425432864
pop014_share,ARE,United Arab Emirates,2022,16.4756028959529
pop014_share,ARE,United Arab Emirates,2021,16.5083622023306
pop014_share,ARE,United Arab Emirates,2020,16.5795684066633
pop014_share,ARE,United Arab Emirates,2019,16.6494070201078
pop014_share,ARE,United Arab Emirates,2018,16.7091550433461
pop014_share,ARE,United Arab Emirates,2017,16.7637609107843
pop014_share,ARE,United Arab Emirates,2016,16.8110159449701
pop014_share,ARE,United Arab Emirates,2015,16.8311616180189
pop014_share,ARE,United Arab Emirates,2014,16.8423411088757
pop014_share,ARE,United Arab Emirates,2013,16.8283164877966
pop014_share,ARE,United Arab Emirates,2012,16.8004347270221
pop014_share,ARE,United Arab Emirates,2011,16.8194092207522
pop014_share,ARE,United Arab Emirates,2010,16.8739874232582
pop014_share,ARE,United Arab Emirates,2009,16.8659865473058
pop014_share,ARE,United Arab Emirates,2008,16.8605674631737
pop014_share,ARE,United Arab Emirates,2007,16.994055347063
pop014_share,ARE,United Arab Emirates,2006,17.2037491764988
pop014_share,ARE,United Arab Emirates,2005,17.4833593795219
pop014_share,ARE,United Arab Emirates,2004,17.8278704718279
pop014_share,ARE,United Arab Emirates,2003,18.2594359345844
pop014_share,ARE,United Arab Emirates,2002,18.9088425925224
pop014_share,ARE,United Arab Emirates,2001,19.7885884605195
pop014_share,ARE,United Arab Emirates,2000,20.8369190818976
pop014_share,ARE,United Arab Emirates,1999,21.9766846937654
pop014_share,ARE,United Arab Emirates,1998,23.14475147607
pop014_share,ARE,United Arab Emirates,1997,24.2643286323838
pop014_share,ARE,United Arab Emirates,1996,25.1772044885131
pop014_share,ARE,United Arab Emirates,1995,25.9402278549902
pop014_share,ARE,United Arab Emirates,1994,26.6762606799794
pop014_share,ARE,United Arab Emirates,1993,27.3850762805436
pop014_share,ARE,United Arab Emirates,1992,28.1016725539431
pop014_share,ARE,United Arab Emirates,1991,28.8395119069303
pop014_share,ARE,United Arab Emirates,1990,29.5807387973997
pop014_share,AUS,Australia,2025,17.6796059290519
pop014_share,AUS,Australia,2024,17.8418482544494
pop014_share,AUS,Australia,2023,18.0302829475224
pop014_share,AUS,Australia,2022,18.2355418743903
pop014_share,AUS,Australia,2021,18.4234342046625
pop014_share,AUS,Australia,2020,18.5597082418825
pop014_share,AUS,Australia,2019,18.661163799115
pop014_share,AUS,Australia,2018,18.7618242578521
pop014_share,AUS,Australia,2017,18.8412690393086
pop014_share,AUS,Australia,2016,18.8876222294296
pop014_share,AUS,Australia,2015,18.9031260311403
pop014_share,AUS,Australia,2014,18.9164776713354
pop014_share,AUS,Australia,2013,18.933376162926
pop014_share,AUS,Australia,2012,18.945711489664
pop014_share,AUS,Australia,2011,18.9825343002766
pop014_share,AUS,Australia,2010,19.0688510244334
pop014_share,AUS,Australia,2009,19.1851461673503
pop014_share,AUS,Australia,2008,19.3123413517601
pop014_share,AUS,Australia,2007,19.4443965232656
pop014_share,AUS,Australia,2006,19.5900966168501
pop014_share,AUS,Australia,2005,19.7637363639096
pop014_share,AUS,Australia,2004,19.9570257953475
pop014_share,AUS,Australia,2003,20.1584054697368
pop014_share,AUS,Australia,2002,20.3665358448469
pop014_share,AUS,Australia,2001,20.5708929926844
pop014_share,AUS,Australia,2000,20.7543003723879
pop014_share,AUS,Australia,1999,20.9198068469767
pop014_share,AUS,Australia,1998,21.0774524071774
pop014_share,AUS,Australia,1997,21.23471807824
pop014_share,AUS,Australia,1996,21.3921727346017
pop014_share,AUS,Australia,1995,21.5352711300965
pop014_share,AUS,Australia,1994,21.6507662956256
pop014_share,AUS,Australia,1993,21.7477845484864
pop014_share,AUS,Australia,1992,21.8361131848736
pop014_share,AUS,Australia,1991,21.9252422861096
pop014_share,AUS,Australia,1990,22.0374449866515
pop014_share,AUT,Austria,2025,14.14725441413
pop014_share,AUT,Austria,2024,14.2280024817963
pop014_share,AUT,Austria,2023,14.3026357250026
pop014_share,AUT,Austria,2022,14.3461537570506
pop014_share,AUT,Austria,2021,14.3606656208757
pop014_share,AUT,Austria,2020,14.3931589250796
pop014_share,AUT,Austria,2019,14.422845223827
pop014_share,AUT,Austria,2018,14.4299641791993
pop014_share,AUT,Austria,2017,14.4153434951617
pop014_share,AUT,Austria,2016,14.3661093998906
pop014_share,AUT,Austria,2015,14.3039101457033
pop014_share,AUT,Austria,2014,14.3011125354513
pop014_share,AUT,Austria,2013,14.3738718336399
pop014_share,AUT,Austria,2012,14.4901306406695
pop014_share,AUT,Austria,2011,14.6458889086137
pop014_share,AUT,Austria,2010,14.8209257483914
pop014_share,AUT,Austria,2009,15.0168264107693
pop014_share,AUT,Austria,2008,15.2486783261712
pop014_share,AUT,Austria,2007,15.5027713791764
pop014_share,AUT,Austria,2006,15.7674667953905
pop014_share,AUT,Austria,2005,16.0138868829909
pop014_share,AUT,Austria,2004,16.2284940425089
pop014_share,AUT,Austria,2003,16.430221497988
pop014_share,AUT,Austria,2002,16.6120500470418
pop014_share,AUT,Austria,2001,16.8170840621681
pop014_share,AUT,Austria,2000,17.0406747695724
pop014_share,AUT,Austria,1999,17.230216693557
pop014_share,AUT,Austria,1998,17.4023626473035
pop014_share,AUT,Austria,1997,17.572039260441
pop014_share,AUT,Austria,1996,17.7218144975681
pop014_share,AUT,Austria,1995,17.8085188127298
pop014_share,AUT,Austria,1994,17.8246582486737
pop014_share,AUT,Austria,1993,17.7821283616285
pop014_share,AUT,Austria,1992,17.6865413392714
pop014_share,AUT,Austria,1991,17.5676989199628
pop014_share,AUT,Austria,1990,17.5203227709897
pop014_share,CAN,Canada,2025,14.980307512278
pop014_share,CAN,Canada,2024,15.1113205709867
pop014_share,CAN,Canada,2023,15.3045433897864
pop014_share,CAN,Canada,2022,15.5479076554421
pop014_share,CAN,Canada,2021,15.7430879139749
pop014_share,CAN,Canada,2020,15.8763047751721
pop014_share,CAN,Canada,2019,15.9834514706633
pop014_share,CAN,Canada,2018,16.0849877885792
pop014_share,CAN,Canada,2017,16.1718572232365
pop014_share,CAN,Canada,2016,16.2216897081515
pop014_share,CAN,Canada,2015,16.2326789820677
pop014_share,CAN,Canada,2014,16.2409277800845
pop014_share,CAN,Canada,2013,16.2714380359575
pop014_share,CAN,Canada,2012,16.327506299947
pop014_share,CAN,Canada,2011,16.4219828983574
pop014_share,CAN,Canada,2010,16.5629523390842
pop014_share,CAN,Canada,2009,16.7366419048712
pop014_share,CAN,Canada,2008,16.9248874819745
pop014_share,CAN,Canada,2007,17.1350178697098
pop014_share,CAN,Canada,2006,17.3943580562524
pop014_share,CAN,Canada,2005,17.7072452727055
pop014_share,CAN,Canada,2004,18.0338628799296
pop014_share,CAN,Canada,2003,18.3367323688591
pop014_share,CAN,Canada,2002,18.6192975219813
pop014_share,CAN,Canada,2001,18.9068718397766
pop014_share,CAN,Canada,2000,19.206853999425
pop014_share,CAN,Canada,1999,19.5028225257145
pop014_share,CAN,Canada,1998,19.7741033006974
pop014_share,CAN,Canada,1997,20.0139698179143
pop014_share,CAN,Canada,1996,20.2268886140488
pop014_share,CAN,Canada,1995,20.4121377441151
pop014_share,CAN,Canada,1994,20.5654854450648
pop014_share,CAN,Canada,1993,20.6700219630943
pop014_share,CAN,Canada,1992,20.7064339637607
pop014_share,CAN,Canada,1991,20.7041318002359
pop014_share,CAN,Canada,1990,20.7148650067377
pop014_share,CHE,Switzerland,2025,14.8834431802057
pop014_share,CHE,Switzerland,2024,14.9508108120831
pop014_share,CHE,Switzerland,2023,15.0109897220706
pop014_share,CHE,Switzerland,2022,15.0704227915209
pop014_share,CHE,Switzerland,2021,15.0790106400884
pop014_share,CHE,Switzerland,2020,15.0518920514782
pop014_share,CHE,Switzerland,2019,15.0312374526728
pop014_share,CHE,Switzerland,2018,14.9873869005651
pop014_share,CHE,Switzerland,2017,14.9285135328879
pop014_share,CHE,Switzerland,2016,14.8761877901601
pop014_share,CHE,Switzerland,2015,14.8583873314297
pop014_share,CHE,Switzerland,2014,14.8787479920449
pop014_share,CHE,Switzerland,2013,14.9102444853064
pop014_share,CHE,Switzerland,2012,14.9720653140143
pop014_share,CHE,Switzerland,2011,15.07021119744
pop014_share,CHE,Switzerland,2010,15.1550837884173
pop014_share,CHE,Switzerland,2009,15.2561212100064
pop014_share,CHE,Switzerland,2008,15.4184891165977
pop014_share,CHE,Switzerland,2007,15.6347505844967
pop014_share,CHE,Switzerland,2006,15.8865958441716
pop014_share,CHE,Switzerland,2005,16.139377915755
pop014_share,CHE,Switzerland,2004,16.3791934245502
pop014_share,CHE,Switzerland,2003,16.6044494492154
pop014_share,CHE,Switzerland,2002,16.8043505260242
pop014_share,CHE,Switzerland,2001,17.1022725660895
pop014_share,CHE,Switzerland,2000,17.373487899823
pop014_share,CHE,Switzerland,1999,17.473010325553
pop014_share,CHE,Switzerland,1998,17.5532126603538
pop014_share,CHE,Switzerland,1997,17.6266237372891
pop014_share,CHE,Switzerland,1996,17.6592982619128
pop014_share,CHE,Switzerland,1995,17.6442577935943
pop014_share,CHE,Switzerland,1994,17.599772648873
pop014_share,CHE,Switzerland,1993,17.5029251498896
pop014_share,CHE,Switzerland,1992,17.3392108174333
pop014_share,CHE,Switzerland,1991,17.2000351628692
pop014_share,CHE,Switzerland,1990,17.092990155326
pop014_share,DEU,Germany,2025,13.8859014629835
pop014_share,DEU,Germany,2024,13.9101604189277
pop014_share,DEU,Germany,2023,13.9155702737293
pop014_share,DEU,Germany,2022,13.9125311211787
pop014_share,DEU,Germany,2021,13.8577309430111
pop014_share,DEU,Germany,2020,13.7617263334875
pop014_share,DEU,Germany,2019,13.6625971101334
pop014_share,DEU,Germany,2018,13.5626162807968
pop014_share,DEU,Germany,2017,13.4570189858595
pop014_share,DEU,Germany,2016,13.3264938863506
pop014_share,DEU,Germany,2015,13.2101109669446
pop014_share,DEU,Germany,2014,13.1791375303406
pop014_share,DEU,Germany,2013,13.2325545744687
pop014_share,DEU,Germany,2012,13.3908067735671
pop014_share,DEU,Germany,2011,13.57900848085
pop014_share,DEU,Germany,2010,13.6959117280411
pop014_share,DEU,Germany,2009,13.757187332007
pop014_share,DEU,Germany,2008,13.8430409429011
pop014_share,DEU,Germany,2007,13.9853177564653
pop014_share,DEU,Germany,2006,14.2108909465599
pop014_share,DEU,Germany,2005,14.4931869040168
pop014_share,DEU,Germany,2004,14.7540125320631
pop014_share,DEU,Germany,2003,15.0133625126399
pop014_share,DEU,Germany,2002,15.2625653942145
pop014_share,DEU,Germany,2001,15.4800911459288
pop014_share,DEU,Germany,2000,15.6535979748025
pop014_share,DEU,Germany,1999,15.7741157083767
pop014_share,DEU,Germany,1998,15.9351183002758
pop014_share,DEU,Germany,1997,16.0786499632393
pop014_share,DEU,Germany,1996,16.1528018555614
pop014_share,DEU,Germany,1995,16.250858686528
pop014_share,DEU,Germany,1994,16.3286602348081
pop014_share,DEU,Germany,1993,16.3441551203909
pop014_share,DEU,Germany,1992,16.321172728234
pop014_share,DEU,Germany,1991,16.258055906019
pop014_share,DEU,Germany,1990,16.0867963009817
pop014_share,DNK,Denmark,2025,15.5619810189309
pop014_share,DNK,Denmark,2024,15.6963833177301
pop014_share,DNK,Denmark,2023,15.8669526161681
pop014_share,DNK,Denmark,2022,16.0362862106758
pop014_share,DNK,Denmark,2021,16.1739311718656
pop014_share,DNK,Denmark,2020,16.3064495938459
pop014_share,DNK,Denmark,2019,16.4286530578059
pop014_share,DNK,Denmark,2018,16.552020172513
pop014_share,DNK,Denmark,2017,16.6698524657044
pop014_share,DNK,Denmark,2016,16.7748652674723
pop014_share,DNK,Denmark,2015,16.9156945448045
pop014_share,DNK,Denmark,2014,17.1096783475797
pop014_share,DNK,Denmark,2013,17.3294991881603
pop014_share,DNK,Denmark,2012,17.5611348989206
pop014_share,DNK,Denmark,2011,17.7845423561112
pop014_share,DNK,Denmark,2010,17.9921726610924
pop014_share,DNK,Denmark,2009,18.190304739685
pop014_share,DNK,Denmark,2008,18.3659798970232
pop014_share,DNK,Denmark,2007,18.5297752108491
pop014_share,DNK,Denmark,2006,18.6671068263993
pop014_share,DNK,Denmark,2005,18.7654631021793
pop014_share,DNK,Denmark,2004,18.833084347809
pop014_share,DNK,Denmark,2003,18.8346220996266
pop014_share,DNK,Denmark,2002,18.7708369799695
pop014_share,DNK,Denmark,2001,18.6578669813623
pop014_share,DNK,Denmark,2000,18.4996287683941
pop014_share,DNK,Denmark,1999,18.3091860014907
pop014_share,DNK,Denmark,1998,18.0967399423332
pop014_share,DNK,Denmark,1997,17.8722089825328
pop014_share,DNK,Denmark,1996,17.6379157556011
pop014_share,DNK,Denmark,1995,17.3937776113243
pop014_share,DNK,Denmark,1994,17.192372655663
pop014_share,DNK,Denmark,1993,17.0736939200025
pop014_share,DNK,Denmark,1992,16.9923832518558
pop014_share,DNK,Denmark,1991,16.9618173562128
pop014_share,DNK,Denmark,1990,17.0599831745615
pop014_share,ESP,Spain,2025,12.6191319691698
pop014_share,ESP,Spain,2024,12.9217448695747
pop014_share,ESP,Spain,2023,13.2586507610337
pop014_share,ESP,Spain,2022,13.5959103362946
pop014_share,ESP,Spain,2021,13.9083161586305
pop014_share,ESP,Spain,2020,14.1995072556252
pop014_share,ESP,Spain,2019,14.4487958383745
pop014_share,ESP,Spain,2018,14.665685455539
pop014_share,ESP,Spain,2017,14.8205817262009
pop014_share,ESP,Spain,2016,14.9182925617657
pop014_share,ESP,Spain,2015,14.9967903134298
pop014_share,ESP,Spain,2014,15.0512623691846
pop014_share,ESP,Spain,2013,15.0721422735095
pop014_share,ESP,Spain,2012,15.0600098504152
pop014_share,ESP,Spain,2011,15.0089538303643
pop014_share,ESP,Spain,2010,14.9215556038969
pop014_share,ESP,Spain,2009,14.8118630613198
pop014_share,ESP,Spain,2008,14.6850331352484
pop014_share,ESP,Spain,2007,14.5948435805937
pop014_share,ESP,Spain,2006,14.543139992054
pop014_share,ESP,Spain,2005,14.5057421269898
pop014_share,ESP,Spain,2004,14.5192818634978
pop014_share,ESP,Spain,2003,14.5448266635092
pop014_share,ESP,Spain,2002,14.5742351751512
pop014_share,ESP,Spain,2001,14.6602318145479
pop014_share,ESP,Spain,2000,14.815829862741
pop014_share,ESP,Spain,1999,15.0385455132257
pop014_share,ESP,Spain,1998,15.330549939502
pop014_share,ESP,Spain,1997,15.6938113675831
pop014_share,ESP,Spain,1996,16.1133858344427
pop014_share,ESP,Spain,1995,16.6246714097882
pop014_share,ESP,Spain,1994,17.207539313762
pop014_share,ESP,Spain,1993,17.8073035147794
pop014_share,ESP,Spain,1992,18.4250833113576
pop014_share,ESP,Spain,1991,19.0774322142024
pop014_share,ESP,Spain,1990,19.7896345294186
pop014_share,EST,Estonia,2025,15.2537657190128
pop014_share,EST,Estonia,2024,15.6376190147191
pop014_share,EST,Estonia,2023,15.9683030084933
pop014_share,EST,Estonia,2022,16.2331590118151
pop014_share,EST,Estonia,2021,16.3814966703573
pop014_share,EST,Estonia,2020,16.4383705875783
pop014_share,EST,Estonia,2019,16.4349537597936
pop014_share,EST,Estonia,2018,16.3638660493531
pop014_share,EST,Estonia,2017,16.2755057310685
pop014_share,EST,Estonia,2016,16.1513213142237
pop014_share,EST,Estonia,2015,16.0143270529813
pop014_share,EST,Estonia,2014,15.8858596586258
pop014_share,EST,Estonia,2013,15.7387078649341
pop014_share,EST,Estonia,2012,15.591335656003
pop014_share,EST,Estonia,2011,15.4328430735503
pop014_share,EST,Estonia,2010,15.2360380442803
pop014_share,EST,Estonia,2009,15.0356474215425
pop014_share,EST,Estonia,2008,14.8869845648034
pop014_share,EST,Estonia,2007,14.8530119798956
pop014_share,EST,Estonia,2006,14.9575259275043
pop014_share,EST,Estonia,2005,15.2054013459079
pop014_share,EST,Estonia,2004,15.6100936686344
pop014_share,EST,Estonia,2003,16.1140897983003
pop014_share,EST,Estonia,2002,16.6459456226644
pop014_share,EST,Estonia,2001,17.1516991956685
pop014_share,EST,Estonia,2000,17.6310328511801
pop014_share,EST,Estonia,1999,18.3854828108886
pop014_share,EST,Estonia,1998,19.2034098579049
pop014_share,EST,Estonia,1997,19.7607309482404
pop014_share,EST,Estonia,1996,20.2590037577083
pop014_share,EST,Estonia,1995,20.698255823158
pop014_share,EST,Estonia,1994,21.0699024336694
pop014_share,EST,Estonia,1993,21.4332246257832
pop014_share,EST,Estonia,1992,21.8127764229859
pop014_share,EST,Estonia,1991,22.1100132970611
pop014_share,EST,Estonia,1990,22.2597096675897
pop014_share,FIN,Finland,2025,14.3301135030412
pop014_share,FIN,Finland,2024,14.6331861128204
pop014_share,FIN,Finland,2023,14.9350079550124
pop014_share,FIN,Finland,2022,15.2209461190717
pop014_share,FIN,Finland,2021,15.4543387339099
pop014_share,FIN,Finland,2020,15.6603302365519
pop014_share,FIN,Finland,2019,15.876109406441
pop014_share,FIN,Finland,2018,16.069177706368
pop014_share,FIN,Finland,2017,16.198971533637
pop014_share,FIN,Finland,2016,16.2879910704619
pop014_share,FIN,Finland,2015,16.3570111050433
pop014_share,FIN,Finland,2014,16.401937570903
pop014_share,FIN,Finland,2013,16.4222521825031
pop014_share,FIN,Finland,2012,16.4425320672634
pop014_share,FIN,Finland,2011,16.4866697684829
pop014_share,FIN,Finland,2010,16.5570849788765
pop014_share,FIN,Finland,2009,16.6656661403055
pop014_share,FIN,Finland,2008,16.8045011675249
pop014_share,FIN,Finland,2007,16.9775427278108
pop014_share,FIN,Finland,2006,17.1668948652518
pop014_share,FIN,Finland,2005,17.3604320328962
pop014_share,FIN,Finland,2004,17.5461654872815
pop014_share,FIN,Finland,2003,17.7166885192755
pop014_share,FIN,Finland,2002,17.8694217876354
pop014_share,FIN,Finland,2001,18.0025485878776
pop014_share,FIN,Finland,2000,18.1537272071035
pop014_share,FIN,Finland,1999,18.334702670556
pop014_share,FIN,Finland,1998,18.5553428434158
pop014_share,FIN,Finland,1997,18.7740190761538
pop014_share,FIN,Finland,1996,18.9313691791536
pop014_share,FIN,Finland,1995,19.0295565369287
pop014_share,FIN,Finland,1994,19.0920884979213
pop014_share,FIN,Finland,1993,19.1353948118952
pop014_share,FIN,Finland,1992,19.1773129229844
pop014_share,FIN,Finland,1991,19.244826362019
pop014_share,FIN,Finland,1990,19.3168958653986
pop014_share,FRA,France,2025,16.2248746749936
pop014_share,FRA,France,2024,16.5051210259256
pop014_share,FRA,France,2023,16.7847783333666
pop014_share,FRA,France,2022,17.0314157651472
pop014_share,FRA,France,2021,17.2452061536194
pop014_share,FRA,France,2020,17.439158040113
pop014_share,FRA,France,2019,17.6087445052606
pop014_share,FRA,France,2018,17.7811833774633
pop014_share,FRA,France,2017,17.9310747730834
pop014_share,FRA,France,2016,18.0831627362917
pop014_share,FRA,France,2015,18.244961483963
pop014_share,FRA,France,2014,18.3460677450324
pop014_share,FRA,France,2013,18.4442070907481
pop014_share,FRA,France,2012,18.5347017093315
pop014_share,FRA,France,2011,18.5432427769031
pop014_share,FRA,France,2010,18.5311286006257
pop014_share,FRA,France,2009,18.5076202099934
pop014_share,FRA,France,2008,18.4587311698165
pop014_share,FRA,France,2007,18.441196090385
pop014_share,FRA,France,2006,18.458057202809
pop014_share,FRA,France,2005,18.5027457673369
pop014_share,FRA,France,2004,18.5854167338745
pop014_share,FRA,France,2003,18.6879867742984
pop014_share,FRA,France,2002,18.7886608054788
pop014_share,FRA,France,2001,18.872487167313
pop014_share,FRA,France,2000,18.926146788424
pop014_share,FRA,France,1999,18.9550854619195
pop014_share,FRA,France,1998,19.0074209728893
pop014_share,FRA,France,1997,19.1341034607929
pop014_share,FRA,France,1996,19.3207486423389
pop014_share,FRA,France,1995,19.5235330753847
pop014_share,FRA,France,1994,19.7142333077611
pop014_share,FRA,France,1993,19.8710637248753
pop014_share,FRA,France,1992,19.9995187201361
pop014_share,FRA,France,1991,20.0781609512504
pop014_share,FRA,France,1990,20.1379425706387
pop014_share,GBR,United Kingdom,2025,16.9647729892849
pop014_share,GBR,United Kingdom,2024,17.1850467046133
pop014_share,GBR,United Kingdom,2023,17.4091420415944
pop014_share,GBR,United Kingdom,2022,17.6292573661875
pop014_share,GBR,United Kingdom,2021,17.8347922924352
pop014_share,GBR,United Kingdom,2020,17.9663259938257
pop014_share,GBR,United Kingdom,2019,18.0221596598278
pop014_share,GBR,United Kingdom,2018,18.0517860948227
pop014_share,GBR,United Kingdom,2017,18.020639483359
pop014_share,GBR,United Kingdom,2016,17.9502325560643
pop014_share,GBR,United Kingdom,2015,17.8806022014279
pop014_share,GBR,United Kingdom,2014,17.8347306632136
pop014_share,GBR,United Kingdom,2013,17.802240953121
pop014_share,GBR,United Kingdom,2012,17.7651954603721
pop014_share,GBR,United Kingdom,2011,17.7446524729049
pop014_share,GBR,United Kingdom,2010,17.7585543062291
pop014_share,GBR,United Kingdom,2009,17.7873498376574
pop014_share,GBR,United Kingdom,2008,17.8234202383107
pop014_share,GBR,United Kingdom,2007,17.8946966601398
pop014_share,GBR,United Kingdom,2006,18.0189849012453
pop014_share,GBR,United Kingdom,2005,18.1779735754646
pop014_share,GBR,United Kingdom,2004,18.3430389782331
pop014_share,GBR,United Kingdom,2003,18.4207599131968
pop014_share,GBR,United Kingdom,2002,18.493238825307
pop014_share,GBR,United Kingdom,2001,18.6810808039186
pop014_share,GBR,United Kingdom,2000,18.9345716869257
pop014_share,GBR,United Kingdom,1999,19.150473641844
pop014_share,GBR,United Kingdom,1998,19.2657653891663
pop014_share,GBR,United Kingdom,1997,19.344937777825
pop014_share,GBR,United Kingdom,1996,19.4150430632384
pop014_share,GBR,United Kingdom,1995,19.4925702782983
pop014_share,GBR,United Kingdom,1994,19.5526797028778
pop014_share,GBR,United Kingdom,1993,19.5288100349809
pop014_share,GBR,United Kingdom,1992,19.426859883358
pop014_share,GBR,United Kingdom,1991,19.2814021018295
pop014_share,GBR,United Kingdom,1990,19.1466216746931
pop014_share,ISL,Iceland,2025,17.5179402710751
pop014_share,ISL,Iceland,2024,17.7634212897707
pop014_share,ISL,Iceland,2023,18.0560303954897
pop014_share,ISL,Iceland,2022,18.3783329017196
pop014_share,ISL,Iceland,2021,18.6238321613016
pop014_share,ISL,Iceland,2020,18.727735438363
pop014_share,ISL,Iceland,2019,18.8726349773149
pop014_share,ISL,Iceland,2018,19.1787538188599
pop014_share,ISL,Iceland,2017,19.5541020255784
pop014_share,ISL,Iceland,2016,19.8878934123225
pop014_share,ISL,Iceland,2015,20.1928379233815
pop014_share,ISL,Iceland,2014,20.4447158505401
pop014_share,ISL,Iceland,2013,20.5906099532088
pop014_share,ISL,Iceland,2012,20.7043686816346
pop014_share,ISL,Iceland,2011,20.8333725014649
pop014_share,ISL,Iceland,2010,20.9296953086202
pop014_share,ISL,Iceland,2009,20.8989303604384
pop014_share,ISL,Iceland,2008,20.8902270604964
pop014_share,ISL,Iceland,2007,21.1032871758589
pop014_share,ISL,Iceland,2006,21.5393551274541
pop014_share,ISL,Iceland,2005,22.0643153002768
pop014_share,ISL,Iceland,2004,22.4841144750375
pop014_share,ISL,Iceland,2003,22.7834464183975
pop014_share,ISL,Iceland,2002,23.0267343979806
pop014_share,ISL,Iceland,2001,23.1825716315416
pop014_share,ISL,Iceland,2000,23.2856939704209
pop014_share,ISL,Iceland,1999,23.3987990542372
pop014_share,ISL,Iceland,1998,23.5914947019735
pop014_share,ISL,Iceland,1997,23.8623520149566
pop014_share,ISL,Iceland,1996,24.1379759071981
pop014_share,ISL,Iceland,1995,24.4228253149415
pop014_share,ISL,Iceland,1994,24.7095039155659
pop014_share,ISL,Iceland,1993,24.8489122439849
pop014_share,ISL,Iceland,1992,24.8083957331903
pop014_share,ISL,Iceland,1991,24.8283633034925
pop014_share,ISL,Iceland,1990,24.9523708617588
pop014_share,ISR,Israel,2025,27.1639326374024
pop014_share,ISR,Israel,2024,27.4092600836836
pop014_share,ISR,Israel,2023,27.6146152777445
pop014_share,ISR,Israel,2022,27.8035319857926
pop014_share,ISR,Israel,2021,27.9436441624885
pop014_share,ISR,Israel,2020,28.0344555732619
pop014_share,ISR,Israel,2019,28.1244621699124
pop014_share,ISR,Israel,2018,28.203146238634
pop014_share,ISR,Israel,2017,28.2489175621531
pop014_share,ISR,Israel,2016,28.2518324744119
pop014_share,ISR,Israel,2015,28.2430006500136
pop014_share,ISR,Israel,2014,28.221064762493
pop014_share,ISR,Israel,2013,28.1903233794605
pop014_share,ISR,Israel,2012,28.1383775465131
pop014_share,ISR,Israel,2011,28.0642509107689
pop014_share,ISR,Israel,2010,27.9716590554245
pop014_share,ISR,Israel,2009,27.8708193729309
pop014_share,ISR,Israel,2008,27.8200208524514
pop014_share,ISR,Israel,2007,27.8105998530691
pop014_share,ISR,Israel,2006,27.8217158994666
pop014_share,ISR,Israel,2005,27.8581615961224
pop014_share,ISR,Israel,2004,27.9005077408273
pop014_share,ISR,Israel,2003,27.9300826410696
pop014_share,ISR,Israel,2002,27.986302466788
pop014_share,ISR,Israel,2001,28.1157917067493
pop014_share,ISR,Israel,2000,28.3045750251117
pop014_share,ISR,Israel,1999,28.5372860323704
pop014_share,ISR,Israel,1998,28.7764371845931
pop014_share,ISR,Israel,1997,29.0105079755097
pop014_share,ISR,Israel,1996,29.2628044305067
pop014_share,ISR,Israel,1995,29.5564479946126
pop014_share,ISR,Israel,1994,29.825860201455
pop014_share,ISR,Israel,1993,30.0466669091603
pop014_share,ISR,Israel,1992,30.3142294156544
pop014_share,ISR,Israel,1991,30.7204486630915
pop014_share,ISR,Israel,1990,31.2650893872584
pop014_share,ITA,Italy,2025,11.6571656432714
pop014_share,ITA,Italy,2024,11.892304596608
pop014_share,ITA,Italy,2023,12.1444351765721
pop014_share,ITA,Italy,2022,12.3897806298347
pop014_share,ITA,Italy,2021,12.6146793829164
pop014_share,ITA,Italy,2020,12.8259753776361
pop014_share,ITA,Italy,2019,13.0238937094704
pop014_share,ITA,Italy,2018,13.2174935892537
pop014_share,ITA,Italy,2017,13.3921351432526
pop014_share,ITA,Italy,2016,13.5548619804282
pop014_share,ITA,Italy,2015,13.7068661763151
pop014_share,ITA,Italy,2014,13.8275522315507
pop014_share,ITA,Italy,2013,13.9177429383585
pop014_share,ITA,Italy,2012,13.9714989786725
pop014_share,ITA,Italy,2011,14.0068552515581
pop014_share,ITA,Italy,2010,14.0360499687746
pop014_share,ITA,Italy,2009,14.0384774405046
pop014_share,ITA,Italy,2008,14.0265518684797
pop014_share,ITA,Italy,2007,14.0448659690144
pop014_share,ITA,Italy,2006,14.0845959657206
pop014_share,ITA,Italy,2005,14.1176253265717
pop014_share,ITA,Italy,2004,14.1536537692579
pop014_share,ITA,Italy,2003,14.219785766462
pop014_share,ITA,Italy,2002,14.2432238310179
pop014_share,ITA,Italy,2001,14.2411416039056
pop014_share,ITA,Italy,2000,14.2747100680869
pop014_share,ITA,Italy,1999,14.3024384958571
pop014_share,ITA,Italy,1998,14.3411371257333
pop014_share,ITA,Italy,1997,14.4061925457718
pop014_share,ITA,Italy,1996,14.5146587227306
pop014_share,ITA,Italy,1995,14.5921413096782
pop014_share,ITA,Italy,1994,14.7561157028219
pop014_share,ITA,Italy,1993,15.0207771844782
pop014_share,ITA,Italy,1992,15.2222303690752
pop014_share,ITA,Italy,1991,15.7630809851534
pop014_share,ITA,Italy,1990,16.464876701766
pop014_share,JPN,Japan,2025,11.2383980634698
pop014_share,JPN,Japan,2024,11.4361015985054
pop014_share,JPN,Japan,2023,11.6492906162775
pop014_share,JPN,Japan,2022,11.8589361787474
pop014_share,JPN,Japan,2021,12.0482644490059
pop014_share,JPN,Japan,2020,12.2207528196353
pop014_share,JPN,Japan,2019,12.3665590317386
pop014_share,JPN,Japan,2018,12.4912219201068
pop014_share,JPN,Japan,2017,12.6078326716887
pop014_share,JPN,Japan,2016,12.7232492406355
pop014_share,JPN,Japan,2015,12.8443762976365
pop014_share,JPN,Japan,2014,12.9707262695196
pop014_share,JPN,Japan,2013,13.0900836212039
pop014_share,JPN,Japan,2012,13.1960930297784
pop014_share,JPN,Japan,2011,13.2894965673615
pop014_share,JPN,Japan,2010,13.3709285251368
pop014_share,JPN,Japan,2009,13.4566067470913
pop014_share,JPN,Japan,2008,13.5325090930202
pop014_share,JPN,Japan,2007,13.5939664362105
pop014_share,JPN,Japan,2006,13.6683228285827
pop014_share,JPN,Japan,2005,13.7523649265
pop014_share,JPN,Japan,2004,13.8418337943171
pop014_share,JPN,Japan,2003,13.9478271660868
pop014_share,JPN,Japan,2002,14.0758568340938
pop014_share,JPN,Japan,2001,14.2177007369188
pop014_share,JPN,Japan,2000,14.3804955150404
pop014_share,JPN,Japan,1999,14.5815598930625
pop014_share,JPN,Japan,1998,14.8146150388757
pop014_share,JPN,Japan,1997,15.0634340955112
pop014_share,JPN,Japan,1996,15.3309610640981
pop014_share,JPN,Japan,1995,15.637285960316
pop014_share,JPN,Japan,1994,15.9887269263962
pop014_share,JPN,Japan,1993,16.3985200155226
pop014_share,JPN,Japan,1992,16.8691663255013
pop014_share,JPN,Japan,1991,17.3960154393736
pop014_share,JPN,Japan,1990,18.0209930627542
pop014_share,KOR,"Korea, Rep.",2025,10.2044670479846
pop014_share,KOR,"Korea, Rep.",2024,10.568126821068
pop014_share,KOR,"Korea, Rep.",2023,10.970817085997
pop014_share,KOR,"Korea, Rep.",2022,11.4142590399463
pop014_share,KOR,"Korea, Rep.",2021,11.799988611027
pop014_share,KOR,"Korea, Rep.",2020,12.1146595856263
pop014_share,KOR,"Korea, Rep.",2019,12.4104062587422
pop014_share,KOR,"Korea, Rep.",2018,12.7122160201177
pop014_share,KOR,"Korea, Rep.",2017,13.0157834990204
pop014_share,KOR,"Korea, Rep.",2016,13.3553842297333
pop014_share,KOR,"Korea, Rep.",2015,13.7638350874668
pop014_share,KOR,"Korea, Rep.",2014,14.1995085365218
pop014_share,KOR,"Korea, Rep.",2013,14.6611848821691
pop014_share,KOR,"Korea, Rep.",2012,15.1880390437584
pop014_share,KOR,"Korea, Rep.",2011,15.7923959857753
pop014_share,KOR,"Korea, Rep.",2010,16.3887244099558
pop014_share,KOR,"Korea, Rep.",2009,16.9408709284412
pop014_share,KOR,"Korea, Rep.",2008,17.5160034868534
pop014_share,KOR,"Korea, Rep.",2007,18.1120356536962
pop014_share,KOR,"Korea, Rep.",2006,18.696438457549
pop014_share,KOR,"Korea, Rep.",2005,19.2448382755669
pop014_share,KOR,"Korea, Rep.",2004,19.7278636087447
pop014_share,KOR,"Korea, Rep.",2003,20.1292286327988
pop014_share,KOR,"Korea, Rep.",2002,20.4706343324079
pop014_share,KOR,"Korea, Rep.",2001,20.758511043446
pop014_share,KOR,"Korea, Rep.",2000,20.9800973389997
pop014_share,KOR,"Korea, Rep.",1999,21.2162714874843
pop014_share,KOR,"Korea, Rep.",1998,21.5566133262342
pop014_share,KOR,"Korea, Rep.",1997,22.0014833417685
pop014_share,KOR,"Korea, Rep.",1996,22.5390679679643
pop014_share,KOR,"Korea, Rep.",1995,23.1361665835196
pop014_share,KOR,"Korea, Rep.",1994,23.712857729738
pop014_share,KOR,"Korea, Rep.",1993,24.2037079470069
pop014_share,KOR,"Korea, Rep.",1992,24.6760116939931
pop014_share,KOR,"Korea, Rep.",1991,25.2086111007974
pop014_share,KOR,"Korea, Rep.",1990,25.8266060669951
pop014_share,LUX,Luxembourg,2025,15.7458959355783
pop014_share,LUX,Luxembourg,2024,15.7772392561468
pop014_share,LUX,Luxembourg,2023,15.8199242818352
pop014_share,LUX,Luxembourg,2022,15.8788481775567
pop014_share,LUX,Luxembourg,2021,15.9352870802188
pop014_share,LUX,Luxembourg,2020,15.9743861769085
pop014_share,LUX,Luxembourg,2019,16.0193368517632
pop014_share,LUX,Luxembourg,2018,16.0943659030326
pop014_share,LUX,Luxembourg,2017,16.1825193987214
pop014_share,LUX,Luxembourg,2016,16.351674190154
pop014_share,LUX,Luxembourg,2015,16.5619030228116
pop014_share,LUX,Luxembourg,2014,16.746902183976
pop014_share,LUX,Luxembourg,2013,16.9137587224523
pop014_share,LUX,Luxembourg,2012,17.0661882766187
pop014_share,LUX,Luxembourg,2011,17.3590970797402
pop014_share,LUX,Luxembourg,2010,17.6569243806783
pop014_share,LUX,Luxembourg,2009,17.8380987842906
pop014_share,LUX,Luxembourg,2008,18.0411480386633
pop014_share,LUX,Luxembourg,2007,18.2315156058051
pop014_share,LUX,Luxembourg,2006,18.3788853501838
pop014_share,LUX,Luxembourg,2005,18.5200386364638
pop014_share,LUX,Luxembourg,2004,18.6584856277227
pop014_share,LUX,Luxembourg,2003,18.7724361386161
pop014_share,LUX,Luxembourg,2002,18.8650693286229
pop014_share,LUX,Luxembourg,2001,18.911763740474
pop014_share,LUX,Luxembourg,2000,18.9417206926794
pop014_share,LUX,Luxembourg,1999,18.9040630662694
pop014_share,LUX,Luxembourg,1998,18.7939771946307
pop014_share,LUX,Luxembourg,1997,18.6715707744138
pop014_share,LUX,Luxembourg,1996,18.5522860771455
pop014_share,LUX,Luxembourg,1995,18.4301871262802
pop014_share,LUX,Luxembourg,1994,18.2592712188579
pop014_share,LUX,Luxembourg,1993,18.0387713997986
pop014_share,LUX,Luxembourg,1992,17.7998716717245
pop014_share,LUX,Luxembourg,1991,17.5773039964634
pop014_share,LUX,Luxembourg,1990,17.3629813990045
pop014_share,NLD,Netherlands,2025,14.9340629566357
pop014_share,NLD,Netherlands,2024,15.0256450781311
pop014_share,NLD,Netherlands,2023,15.1712741911722
pop014_share,NLD,Netherlands,2022,15.3509962706976
pop014_share,NLD,Netherlands,2021,15.4869781775407
pop014_share,NLD,Netherlands,2020,15.6195584090952
pop014_share,NLD,Netherlands,2019,15.7938725270359
pop014_share,NLD,Netherlands,2018,16.0002168612242
pop014_share,NLD,Netherlands,2017,16.2134912508367
pop014_share,NLD,Netherlands,2016,16.4165469270507
pop014_share,NLD,Netherlands,2015,16.6382472460947
pop014_share,NLD,Netherlands,2014,16.8645600403075
pop014_share,NLD,Netherlands,2013,17.0822699249717
pop014_share,NLD,Netherlands,2012,17.2792377456397
pop014_share,NLD,Netherlands,2011,17.4391849721949
pop014_share,NLD,Netherlands,2010,17.5793851794456
pop014_share,NLD,Netherlands,2009,17.7293029611937
pop014_share,NLD,Netherlands,2008,17.9024300278998
pop014_share,NLD,Netherlands,2007,18.0939108628529
pop014_share,NLD,Netherlands,2006,18.2959480385767
pop014_share,NLD,Netherlands,2005,18.4908819601463
pop014_share,NLD,Netherlands,2004,18.6407037249342
pop014_share,NLD,Netherlands,2003,18.7196155267408
pop014_share,NLD,Netherlands,2002,18.7622662772851
pop014_share,NLD,Netherlands,2001,18.7873720740754
pop014_share,NLD,Netherlands,2000,18.7684173238911
pop014_share,NLD,Netherlands,1999,18.7128956604265
pop014_share,NLD,Netherlands,1998,18.6449646167174
pop014_share,NLD,Netherlands,1997,18.5915624275374
pop014_share,NLD,Netherlands,1996,18.5768956792722
pop014_share,NLD,Netherlands,1995,18.583771026498
pop014_share,NLD,Netherlands,1994,18.5618027607724
pop014_share,NLD,Netherlands,1993,18.5065225358226
pop014_share,NLD,Netherlands,1992,18.4515131946938
pop014_share,NLD,Netherlands,1991,18.3987228053413
pop014_share,NLD,Netherlands,1990,18.3581923823745
pop014_share,NOR,Norway,2025,15.9239141743008
pop014_share,NOR,Norway,2024,16.1887491796165
pop014_share,NOR,Norway,2023,16.5067663290493
pop014_share,NOR,Norway,2022,16.7861521076037
pop014_share,NOR,Norway,2021,16.9884915942143
pop014_share,NOR,Norway,2020,17.2110323076155
pop014_share,NOR,Norway,2019,17.4376307856202
pop014_share,NOR,Norway,2018,17.6387642308259
pop014_share,NOR,Norway,2017,17.7817532492452
pop014_share,NOR,Norway,2016,17.8728998929141
pop014_share,NOR,Norway,2015,17.9809282529036
pop014_share,NOR,Norway,2014,18.1340056585098
pop014_share,NOR,Norway,2013,18.2891679131092
pop014_share,NOR,Norway,2012,18.4415330806328
pop014_share,NOR,Norway,2011,18.6280832018297
pop014_share,NOR,Norway,2010,18.8113525385332
pop014_share,NOR,Norway,2009,18.9489238390452
pop014_share,NOR,Norway,2008,19.0808982443954
pop014_share,NOR,Norway,2007,19.2535267497839
pop014_share,NOR,Norway,2006,19.4478954376939
pop014_share,NOR,Norway,2005,19.6416643810549
pop014_share,NOR,Norway,2004,19.8163660092002
pop014_share,NOR,Norway,2003,19.9449511016023
pop014_share,NOR,Norway,2002,20.0153525308648
pop014_share,NOR,Norway,2001,20.0359043675671
pop014_share,NOR,Norway,2000,20.0086642512459
pop014_share,NOR,Norway,1999,19.9146440652591
pop014_share,NOR,Norway,1998,19.8056422554669
pop014_share,NOR,Norway,1997,19.7109684672132
pop014_share,NOR,Norway,1996,19.600676491443
pop014_share,NOR,Norway,1995,19.4827245057201
pop014_share,NOR,Norway,1994,19.3730749017576
pop014_share,NOR,Norway,1993,19.2523670748275
pop014_share,NOR,Norway,1992,19.1150071256752
pop014_share,NOR,Norway,1991,19.0024808626292
pop014_share,NOR,Norway,1990,18.9395015536588
pop014_share,NZL,New Zealand,2025,17.877542961127
pop014_share,NZL,New Zealand,2024,18.1186736949994
pop014_share,NZL,New Zealand,2023,18.374736798151
pop014_share,NZL,New Zealand,2022,18.6402472692225
pop014_share,NZL,New Zealand,2021,18.8607134351072
pop014_share,NZL,New Zealand,2020,19.0190132142776
pop014_share,NZL,New Zealand,2019,19.166122596844
pop014_share,NZL,New Zealand,2018,19.3128555125267
pop014_share,NZL,New Zealand,2017,19.4533729821704
pop014_share,NZL,New Zealand,2016,19.6320817346339
pop014_share,NZL,New Zealand,2015,19.8783752767917
pop014_share,NZL,New Zealand,2014,20.1662376356489
pop014_share,NZL,New Zealand,2013,20.4269743195271
pop014_share,NZL,New Zealand,2012,20.6221263050453
pop014_share,NZL,New Zealand,2011,20.7600770346958
pop014_share,NZL,New Zealand,2010,20.8627617304087
pop014_share,NZL,New Zealand,2009,20.944849620287
pop014_share,NZL,New Zealand,2008,21.0216095268129
pop014_share,NZL,New Zealand,2007,21.112395135944
pop014_share,NZL,New Zealand,2006,21.2711325365739
pop014_share,NZL,New Zealand,2005,21.5346215296155
pop014_share,NZL,New Zealand,2004,21.8323222313515
pop014_share,NZL,New Zealand,2003,22.1052051957118
pop014_share,NZL,New Zealand,2002,22.3643380981866
pop014_share,NZL,New Zealand,2001,22.5922059735146
pop014_share,NZL,New Zealand,2000,22.7614557750545
pop014_share,NZL,New Zealand,1999,22.8769138855933
pop014_share,NZL,New Zealand,1998,22.9548632237586
pop014_share,NZL,New Zealand,1997,23.0012179139253
pop014_share,NZL,New Zealand,1996,23.0352322779788
pop014_share,NZL,New Zealand,1995,23.065382820757
pop014_share,NZL,New Zealand,1994,23.0802805996801
pop014_share,NZL,New Zealand,1993,23.0803197719281
pop014_share,NZL,New Zealand,1992,23.0781447886747
pop014_share,NZL,New Zealand,1991,23.1841503071525
pop014_share,NZL,New Zealand,1990,23.2625552384273
pop014_share,POL,Poland,2025,14.4603840660905
pop014_share,POL,Poland,2024,14.8057804830982
pop014_share,POL,Poland,2023,15.0967665723491
pop014_share,POL,Poland,2022,15.3237547413116
pop014_share,POL,Poland,2021,15.4620974810097
pop014_share,POL,Poland,2020,15.4887942190267
pop014_share,POL,Poland,2019,15.4223233212563
pop014_share,POL,Poland,2018,15.3086980135663
pop014_share,POL,Poland,2017,15.207155433197
pop014_share,POL,Poland,2016,15.1349068094424
pop014_share,POL,Poland,2015,15.0989653719979
pop014_share,POL,Poland,2014,15.0921480357317
pop014_share,POL,Poland,2013,15.1063497368774
pop014_share,POL,Poland,2012,15.1444691655031
pop014_share,POL,Poland,2011,15.1686807506967
pop014_share,POL,Poland,2010,15.073385003417
pop014_share,POL,Poland,2009,15.1512644480293
pop014_share,POL,Poland,2008,15.4208011695577
pop014_share,POL,Poland,2007,15.6730707952971
pop014_share,POL,Poland,2006,16.0363445123707
pop014_share,POL,Poland,2005,16.482736676183
pop014_share,POL,Poland,2004,16.9753082538234
pop014_share,POL,Poland,2003,17.5172635906572
pop014_share,POL,Poland,2002,18.1057995980477
pop014_share,POL,Poland,2001,18.7381146197646
pop014_share,POL,Poland,2000,19.4421313160022
pop014_share,POL,Poland,1999,20.1599860529667
pop014_share,POL,Poland,1998,20.8887447702058
pop014_share,POL,Poland,1997,21.614719136254
pop014_share,POL,Poland,1996,22.2476083000804
pop014_share,POL,Poland,1995,22.8352171022363
pop014_share,POL,Poland,1994,23.3806304389993
pop014_share,POL,Poland,1993,23.8520127030554
pop014_share,POL,Poland,1992,24.2683485014767
pop014_share,POL,Poland,1991,24.6362790795689
pop014_share,POL,Poland,1990,24.9715277349857
pop014_share,PRT,Portugal,2025,12.7139902880698
pop014_share,PRT,Portugal,2024,12.8014201999608
pop014_share,PRT,Portugal,2023,12.8936466432193
pop014_share,PRT,Portugal,2022,13.0022182335776
pop014_share,PRT,Portugal,2021,13.1454802207554
pop014_share,PRT,Portugal,2020,13.3376979493505
pop014_share,PRT,Portugal,2019,13.5319073483259
pop014_share,PRT,Portugal,2018,13.7175842801694
pop014_share,PRT,Portugal,2017,13.903346135127
pop014_share,PRT,Portugal,2016,14.082772202662
pop014_share,PRT,Portugal,2015,14.2987543136546
pop014_share,PRT,Portugal,2014,14.5556516147563
pop014_share,PRT,Portugal,2013,14.7779358925294
pop014_share,PRT,Portugal,2012,14.9441080931976
pop014_share,PRT,Portugal,2011,15.0484995693637
pop014_share,PRT,Portugal,2010,15.1871456309211
pop014_share,PRT,Portugal,2009,15.3598949421379
pop014_share,PRT,Portugal,2008,15.4999197516528
pop014_share,PRT,Portugal,2007,15.648549001645
pop014_share,PRT,Portugal,2006,15.8017820017256
pop014_share,PRT,Portugal,2005,15.9228985526841
pop014_share,PRT,Portugal,2004,16.0123166969927
pop014_share,PRT,Portugal,2003,16.0874171209877
pop014_share,PRT,Portugal,2002,16.1446019050721
pop014_share,PRT,Portugal,2001,16.2174606368576
pop014_share,PRT,Portugal,2000,16.3868519779024
pop014_share,PRT,Portugal,1999,16.5981872606033
pop014_share,PRT,Portugal,1998,16.8051303183402
pop014_share,PRT,Portugal,1997,17.0734652803064
pop014_share,PRT,Portugal,1996,17.3898345085332
pop014_share,PRT,Portugal,1995,17.7599363142056
pop014_share,PRT,Portugal,1994,18.1770360944129
pop014_share,PRT,Portugal,1993,18.5973725428476
pop014_share,PRT,Portugal,1992,19.0749773137753
pop014_share,PRT,Portugal,1991,19.7262181083864
pop014_share,PRT,Portugal,1990,20.4921876157463
pop014_share,SGP,Singapore,2025,11.6891623727803
pop014_share,SGP,Singapore,2024,11.686158685972
pop014_share,SGP,Singapore,2023,11.787475387969
pop014_share,SGP,Singapore,2022,12.005289665656
pop014_share,SGP,Singapore,2021,12.1688552167305
pop014_share,SGP,Singapore,2020,12.1745227285284
pop014_share,SGP,Singapore,2019,12.2130675867847
pop014_share,SGP,Singapore,2018,12.3293830835908
pop014_share,SGP,Singapore,2017,12.4248348769561
pop014_share,SGP,Singapore,2016,12.5211872971862
pop014_share,SGP,Singapore,2015,12.6825690982427
pop014_share,SGP,Singapore,2014,12.8770131369208
pop014_share,SGP,Singapore,2013,13.1066177818821
pop014_share,SGP,Singapore,2012,13.4010013905211
pop014_share,SGP,Singapore,2011,13.7463459327136
pop014_share,SGP,Singapore,2010,14.133474912616
pop014_share,SGP,Singapore,2009,14.5511659044584
pop014_share,SGP,Singapore,2008,15.0892257352747
pop014_share,SGP,Singapore,2007,15.8167655277966
pop014_share,SGP,Singapore,2006,16.5801539258163
pop014_share,SGP,Singapore,2005,17.2361725987021
pop014_share,SGP,Singapore,2004,17.8099306994698
pop014_share,SGP,Singapore,2003,18.2492578375616
pop014_share,SGP,Singapore,2002,18.4471263723378
pop014_share,SGP,Singapore,2001,18.5640836642643
pop014_share,SGP,Singapore,2000,18.7907425695342
pop014_share,SGP,Singapore,1999,19.0264756059222
pop014_share,SGP,Singapore,1998,19.2285111757457
pop014_share,SGP,Singapore,1997,19.5457804930567
pop014_share,SGP,Singapore,1996,19.9795746283319
pop014_share,SGP,Singapore,1995,20.4106435191402
pop014_share,SGP,Singapore,1994,20.7423920005079
pop014_share,SGP,Singapore,1993,20.9544041819324
pop014_share,SGP,Singapore,1992,21.108987872019
pop014_share,SGP,Singapore,1991,21.2381121522206
pop014_share,SGP,Singapore,1990,21.399474468769
pop014_share,SWE,Sweden,2025,16.7064916282657
pop014_share,SWE,Sweden,2024,16.9857798610144
pop014_share,SWE,Sweden,2023,17.2497847224289
pop014_share,SWE,Sweden,2022,17.4887850472637
pop014_share,SWE,Sweden,2021,17.650117992462
pop014_share,SWE,Sweden,2020,17.7359001549834
pop014_share,SWE,Sweden,2019,17.7766784624178
pop014_share,SWE,Sweden,2018,17.7606158064773
pop014_share,SWE,Sweden,2017,17.6761928964721
pop014_share,SWE,Sweden,2016,17.525253746745
pop014_share,SWE,Sweden,2015,17.343759463192
pop014_share,SWE,Sweden,2014,17.1617120872329
pop014_share,SWE,Sweden,2013,16.9674927244282
pop014_share,SWE,Sweden,2012,16.7873603266311
pop014_share,SWE,Sweden,2011,16.663946876681
pop014_share,SWE,Sweden,2010,16.604472996616
pop014_share,SWE,Sweden,2009,16.6251556662516
pop014_share,SWE,Sweden,2008,16.7255176303431
pop014_share,SWE,Sweden,2007,16.8957654254909
pop014_share,SWE,Sweden,2006,17.1265286533754
pop014_share,SWE,Sweden,2005,17.4112453910097
pop014_share,SWE,Sweden,2004,17.693310903829
pop014_share,SWE,Sweden,2003,17.9213246158842
pop014_share,SWE,Sweden,2002,18.1075975346459
pop014_share,SWE,Sweden,2001,18.2727638416791
pop014_share,SWE,Sweden,2000,18.4314966657841
pop014_share,SWE,Sweden,1999,18.5611671851335
pop014_share,SWE,Sweden,1998,18.6593215596419
pop014_share,SWE,Sweden,1997,18.7433497438931
pop014_share,SWE,Sweden,1996,18.8160845851016
pop014_share,SWE,Sweden,1995,18.8530202116356
pop014_share,SWE,Sweden,1994,18.7820707752338
pop014_share,SWE,Sweden,1993,18.5908328435441
pop014_share,SWE,Sweden,1992,18.3622152151349
pop014_share,SWE,Sweden,1991,18.1348199521432
pop014_share,SWE,Sweden,1990,17.9356124725312
pop014_share,USA,United States,2025,17.0990415161586
pop014_share,USA,United States,2024,17.3245769214436
pop014_share,USA,United States,2023,17.5946376490897
pop014_share,USA,United States,2022,17.8818251956671
pop014_share,USA,United States,2021,18.1461171256033
pop014_share,USA,United States,2020,18.3928572241369
pop014_share,USA,United States,2019,18.6084404882877
pop014_share,USA,United States,2018,18.7864697356003
pop014_share,USA,United States,2017,18.938947483366
pop014_share,USA,United States,2016,19.0672311047361
pop014_share,USA,United States,2015,19.1916943798524
pop014_share,USA,United States,2014,19.3063454853775
pop014_share,USA,United States,2013,19.4092161082283
pop014_share,USA,United States,2012,19.5063858063675
pop014_share,USA,United States,2011,19.5987027309377
pop014_share,USA,United States,2010,19.699845970005
pop014_share,USA,United States,2009,19.806037367846
pop014_share,USA,United States,2008,19.9086542295061
pop014_share,USA,United States,2007,20.0187977424137
pop014_share,USA,United States,2006,20.1585030857082
pop014_share,USA,United States,2005,20.3453590636092
pop014_share,USA,United States,2004,20.5479906521636
pop014_share,USA,United States,2003,20.7263897088877
pop014_share,USA,United States,2002,20.8861195346714
pop014_share,USA,United States,2001,21.0312593316457
pop014_share,USA,United States,2000,21.1634383772125
pop014_share,USA,United States,1999,21.2897180471563
pop014_share,USA,United States,1998,21.4142361799314
pop014_share,USA,United States,1997,21.5489433156282
pop014_share,USA,United States,1996,21.6814653684564
pop014_share,USA,United States,1995,21.7917939129387
pop014_share,USA,United States,1994,21.8655933871843
pop014_share,USA,United States,1993,21.8733782397857
pop014_share,USA,United States,1992,21.8228025332826
pop014_share,USA,United States,1991,21.7085535134036
pop014_share,USA,United States,1990,21.5741825324378
life_expectancy,ARE,United Arab Emirates,2024,83.069
life_expectancy,ARE,United Arab Emirates,2023,82.909
life_expectancy,ARE,United Arab Emirates,2022,80.487
life_expectancy,ARE,United Arab Emirates,2021,79.083
life_expectancy,ARE,United Arab Emirates,2020,81.936
life_expectancy,ARE,United Arab Emirates,2019,82.596
life_expectancy,ARE,United Arab Emirates,2018,82.449
life_expectancy,ARE,United Arab Emirates,2017,82.388
life_expectancy,ARE,United Arab Emirates,2016,82.195
life_expectancy,ARE,United Arab Emirates,2015,82.076
life_expectancy,ARE,United Arab Emirates,2014,81.99
life_expectancy,ARE,United Arab Emirates,2013,81.95
life_expectancy,ARE,United Arab Emirates,2012,81.913
life_expectancy,ARE,United Arab Emirates,2011,81.898
life_expectancy,ARE,United Arab Emirates,2010,81.886
life_expectancy,ARE,United Arab Emirates,2009,81.679
life_expectancy,ARE,United Arab Emirates,2008,81.591
life_expectancy,ARE,United Arab Emirates,2007,81.438
life_expectancy,ARE,United Arab Emirates,2006,81.155
life_expectancy,ARE,United Arab Emirates,2005,80.779
life_expectancy,ARE,United Arab Emirates,2004,80.272
life_expectancy,ARE,United Arab Emirates,2003,79.6
life_expectancy,ARE,United Arab Emirates,2002,78.721
life_expectancy,ARE,United Arab Emirates,2001,77.621
life_expectancy,ARE,United Arab Emirates,2000,76.347
life_expectancy,ARE,United Arab Emirates,1999,74.982
life_expectancy,ARE,United Arab Emirates,1998,73.66
life_expectancy,ARE,United Arab Emirates,1997,72.559
life_expectancy,ARE,United Arab Emirates,1996,71.82
life_expectancy,ARE,United Arab Emirates,1995,71.392
life_expectancy,ARE,United Arab Emirates,1994,71.204
life_expectancy,ARE,United Arab Emirates,1993,71.159
life_expectancy,ARE,United Arab Emirates,1992,71.166
life_expectancy,ARE,United Arab Emirates,1991,71.144
life_expectancy,ARE,United Arab Emirates,1990,71.074
life_expectancy,AUS,Australia,2024,83.0512195121951
life_expectancy,AUS,Australia,2023,83.0512195121951
life_expectancy,AUS,Australia,2022,83.2
life_expectancy,AUS,Australia,2021,83.3
life_expectancy,AUS,Australia,2020,83.2
life_expectancy,AUS,Australia,2019,82.9
life_expectancy,AUS,Australia,2018,82.7487804878049
life_expectancy,AUS,Australia,2017,82.5
life_expectancy,AUS,Australia,2016,82.4487804878049
life_expectancy,AUS,Australia,2015,82.4
life_expectancy,AUS,Australia,2014,82.3
life_expectancy,AUS,Australia,2013,82.1487804878049
life_expectancy,AUS,Australia,2012,82.0463414634146
life_expectancy,AUS,Australia,2011,81.8951219512195
life_expectancy,AUS,Australia,2010,81.6951219512195
life_expectancy,AUS,Australia,2009,81.5439024390244
life_expectancy,AUS,Australia,2008,81.3951219512195
life_expectancy,AUS,Australia,2007,81.2926829268293
life_expectancy,AUS,Australia,2006,81.0414634146342
life_expectancy,AUS,Australia,2005,80.8414634146341
life_expectancy,AUS,Australia,2004,80.490243902439
life_expectancy,AUS,Australia,2003,80.2390243902439
life_expectancy,AUS,Australia,2002,79.9365853658537
life_expectancy,AUS,Australia,2001,79.6341463414634
life_expectancy,AUS,Australia,2000,79.2341463414634
life_expectancy,AUS,Australia,1999,78.9317073170732
life_expectancy,AUS,Australia,1998,78.6317073170732
life_expectancy,AUS,Australia,1997,78.4804878048781
life_expectancy,AUS,Australia,1996,78.0780487804878
life_expectancy,AUS,Australia,1995,77.8292682926829
life_expectancy,AUS,Australia,1994,77.8780487804878
life_expectancy,AUS,Australia,1993,77.8780487804878
life_expectancy,AUS,Australia,1992,77.3780487804878
life_expectancy,AUS,Australia,1991,77.2756097560976
life_expectancy,AUS,Australia,1990,76.9946341463415
life_expectancy,AUT,Austria,2024,81.9951219512195
life_expectancy,AUT,Austria,2023,81.7926829268293
life_expectancy,AUT,Austria,2022,81.2951219512195
life_expectancy,AUT,Austria,2021,81.190243902439
life_expectancy,AUT,Austria,2020,81.1926829268293
life_expectancy,AUT,Austria,2019,81.8951219512195
life_expectancy,AUT,Austria,2018,81.6926829268293
life_expectancy,AUT,Austria,2017,81.6439024390244
life_expectancy,AUT,Austria,2016,81.6414634146342
life_expectancy,AUT,Austria,2015,81.190243902439
life_expectancy,AUT,Austria,2014,81.490243902439
life_expectancy,AUT,Austria,2013,81.1365853658537
life_expectancy,AUT,Austria,2012,80.9365853658537
life_expectancy,AUT,Austria,2011,80.9829268292683
life_expectancy,AUT,Austria,2010,80.5804878048781
life_expectancy,AUT,Austria,2009,80.3317073170732
life_expectancy,AUT,Austria,2008,80.4317073170732
life_expectancy,AUT,Austria,2007,80.1804878048781
life_expectancy,AUT,Austria,2006,79.8804878048781
life_expectancy,AUT,Austria,2005,79.3317073170732
life_expectancy,AUT,Austria,2004,79.1804878048781
life_expectancy,AUT,Austria,2003,78.6317073170732
life_expectancy,AUT,Austria,2002,78.6780487804878
life_expectancy,AUT,Austria,2001,78.5756097560976
life_expectancy,AUT,Austria,2000,78.1268292682927
life_expectancy,AUT,Austria,1999,77.8756097560976
life_expectancy,AUT,Austria,1998,77.6707317073171
life_expectancy,AUT,Austria,1997,77.319512195122
life_expectancy,AUT,Austria,1996,76.8707317073171
life_expectancy,AUT,Austria,1995,76.6682926829268
life_expectancy,AUT,Austria,1994,76.419512195122
life_expectancy,AUT,Austria,1993,76.0682926829268
life_expectancy,AUT,Austria,1992,75.8170731707317
life_expectancy,AUT,Austria,1991,75.6170731707317
life_expectancy,AUT,Austria,1990,75.5682926829269
life_expectancy,CAN,Canada,2024,82.1080487804878
life_expectancy,CAN,Canada,2023,81.6263414634146
life_expectancy,CAN,Canada,2022,81.0948780487805
life_expectancy,CAN,Canada,2021,81.4514634146342
life_expectancy,CAN,Canada,2020,81.53
life_expectancy,CAN,Canada,2019,82.1585365853659
life_expectancy,CAN,Canada,2018,81.8036585365854
life_expectancy,CAN,Canada,2017,81.8078048780488
life_expectancy,CAN,Canada,2016,81.94
life_expectancy,CAN,Canada,2015,81.8258536585366
life_expectancy,CAN,Canada,2014,81.7843902439025
life_expectancy,CAN,Canada,2013,81.7448780487805
life_expectancy,CAN,Canada,2012,81.6636585365854
life_expectancy,CAN,Canada,2011,81.4826829268293
life_expectancy,CAN,Canada,2010,81.3221951219512
life_expectancy,CAN,Canada,2009,81.0660975609756
life_expectancy,CAN,Canada,2008,80.7246341463415
life_expectancy,CAN,Canada,2007,80.5436585365854
life_expectancy,CAN,Canada,2006,80.5436585365854
life_expectancy,CAN,Canada,2005,80.1126829268293
life_expectancy,CAN,Canada,2004,79.9921951219512
life_expectancy,CAN,Canada,2003,79.7151219512195
life_expectancy,CAN,Canada,2002,79.5307317073171
life_expectancy,CAN,Canada,2001,79.3980487804878
life_expectancy,CAN,Canada,2000,79.1668292682927
life_expectancy,CAN,Canada,1999,78.8390243902439
life_expectancy,CAN,Canada,1998,78.6236585365854
life_expectancy,CAN,Canada,1997,78.4124390243903
life_expectancy,CAN,Canada,1996,78.220243902439
life_expectancy,CAN,Canada,1995,77.9773170731707
life_expectancy,CAN,Canada,1994,77.8717073170732
life_expectancy,CAN,Canada,1993,77.7048780487805
life_expectancy,CAN,Canada,1992,77.8380487804878
life_expectancy,CAN,Canada,1991,77.5934146341464
life_expectancy,CAN,Canada,1990,77.4365853658537
life_expectancy,CHE,Switzerland,2024,84.4073170731707
life_expectancy,CHE,Switzerland,2023,84.1560975609756
life_expectancy,CHE,Switzerland,2022,83.6048780487805
life_expectancy,CHE,Switzerland,2021,83.7512195121951
life_expectancy,CHE,Switzerland,2020,83
life_expectancy,CHE,Switzerland,2019,83.9048780487805
life_expectancy,CHE,Switzerland,2018,83.7536585365854
life_expectancy,CHE,Switzerland,2017,83.5512195121951
life_expectancy,CHE,Switzerland,2016,83.6024390243903
life_expectancy,CHE,Switzerland,2015,82.8975609756098
life_expectancy,CHE,Switzerland,2014,83.1975609756098
life_expectancy,CHE,Switzerland,2013,82.7975609756098
life_expectancy,CHE,Switzerland,2012,82.6975609756098
life_expectancy,CHE,Switzerland,2011,82.6951219512195
life_expectancy,CHE,Switzerland,2010,82.2463414634147
life_expectancy,CHE,Switzerland,2009,82.0439024390244
life_expectancy,CHE,Switzerland,2008,81.9926829268293
life_expectancy,CHE,Switzerland,2007,81.7414634146342
life_expectancy,CHE,Switzerland,2006,81.490243902439
life_expectancy,CHE,Switzerland,2005,81.2365853658537
life_expectancy,CHE,Switzerland,2004,81.0878048780488
life_expectancy,CHE,Switzerland,2003,80.5365853658537
life_expectancy,CHE,Switzerland,2002,80.3853658536585
life_expectancy,CHE,Switzerland,2001,80.1804878048781
life_expectancy,CHE,Switzerland,2000,79.6804878048781
life_expectancy,CHE,Switzerland,1999,79.580487804878
life_expectancy,CHE,Switzerland,1998,79.3243902439025
life_expectancy,CHE,Switzerland,1997,79.079512195122
life_expectancy,CHE,Switzerland,1996,78.8960975609756
life_expectancy,CHE,Switzerland,1995,78.4170731707317
life_expectancy,CHE,Switzerland,1994,78.35
life_expectancy,CHE,Switzerland,1993,78.0853658536586
life_expectancy,CHE,Switzerland,1992,77.8060975609756
life_expectancy,CHE,Switzerland,1991,77.5146341463415
life_expectancy,CHE,Switzerland,1990,77.2424390243902
life_expectancy,DEU,Germany,2024,80.7926829268293
life_expectancy,DEU,Germany,2023,81.0414634146342
life_expectancy,DEU,Germany,2022,80.6080487804878
life_expectancy,DEU,Germany,2021,80.790243902439
life_expectancy,DEU,Germany,2020,81.0414634146342
life_expectancy,DEU,Germany,2019,81.2926829268293
life_expectancy,DEU,Germany,2018,80.8926829268293
life_expectancy,DEU,Germany,2017,80.9926829268293
life_expectancy,DEU,Germany,2016,80.990243902439
life_expectancy,DEU,Germany,2015,80.6414634146341
life_expectancy,DEU,Germany,2014,81.090243902439
life_expectancy,DEU,Germany,2013,80.490243902439
life_expectancy,DEU,Germany,2012,80.5390243902439
life_expectancy,DEU,Germany,2011,80.4365853658537
life_expectancy,DEU,Germany,2010,79.9878048780488
life_expectancy,DEU,Germany,2009,79.8365853658537
life_expectancy,DEU,Germany,2008,79.7365853658537
life_expectancy,DEU,Germany,2007,79.5341463414634
life_expectancy,DEU,Germany,2006,79.1317073170732
life_expectancy,DEU,Germany,2005,78.9317073170732
life_expectancy,DEU,Germany,2004,78.6804878048781
life_expectancy,DEU,Germany,2003,78.3804878048781
life_expectancy,DEU,Germany,2002,78.2292682926829
life_expectancy,DEU,Germany,2001,78.3292682926829
life_expectancy,DEU,Germany,2000,77.9268292682927
life_expectancy,DEU,Germany,1999,77.7268292682927
life_expectancy,DEU,Germany,1998,77.4756097560976
life_expectancy,DEU,Germany,1997,77.0731707317073
life_expectancy,DEU,Germany,1996,76.6731707317073
life_expectancy,DEU,Germany,1995,76.4219512195122
life_expectancy,DEU,Germany,1994,76.2707317073171
life_expectancy,DEU,Germany,1993,75.8707317073171
life_expectancy,DEU,Germany,1992,75.819512195122
life_expectancy,DEU,Germany,1991,75.319512195122
life_expectancy,DEU,Germany,1990,75.0856341463415
life_expectancy,DNK,Denmark,2024,82.2536585365854
life_expectancy,DNK,Denmark,2023,81.7536585365854
life_expectancy,DNK,Denmark,2022,81.3048780487805
life_expectancy,DNK,Denmark,2021,81.4048780487805
life_expectancy,DNK,Denmark,2020,81.6024390243903
life_expectancy,DNK,Denmark,2019,81.4512195121951
life_expectancy,DNK,Denmark,2018,80.9536585365854
life_expectancy,DNK,Denmark,2017,81.1024390243903
life_expectancy,DNK,Denmark,2016,80.8536585365854
life_expectancy,DNK,Denmark,2015,80.7024390243902
life_expectancy,DNK,Denmark,2014,80.7
life_expectancy,DNK,Denmark,2013,80.3
life_expectancy,DNK,Denmark,2012,80.0512195121951
life_expectancy,DNK,Denmark,2011,79.8
life_expectancy,DNK,Denmark,2010,79.1
life_expectancy,DNK,Denmark,2009,78.5975609756098
life_expectancy,DNK,Denmark,2008,78.4463414634146
life_expectancy,DNK,Denmark,2007,78.1951219512195
life_expectancy,DNK,Denmark,2006,78.0951219512195
life_expectancy,DNK,Denmark,2005,77.8439024390244
life_expectancy,DNK,Denmark,2004,77.4926829268293
life_expectancy,DNK,Denmark,2003,77.1439024390244
life_expectancy,DNK,Denmark,2002,76.8951219512195
life_expectancy,DNK,Denmark,2001,76.7926829268293
life_expectancy,DNK,Denmark,2000,76.5926829268293
life_expectancy,DNK,Denmark,1999,76.3414634146341
life_expectancy,DNK,Denmark,1998,76.1390243902439
life_expectancy,DNK,Denmark,1997,75.9451219512195
life_expectancy,DNK,Denmark,1996,75.5914634146342
life_expectancy,DNK,Denmark,1995,75.2126829268293
life_expectancy,DNK,Denmark,1994,75.3751219512195
life_expectancy,DNK,Denmark,1993,75.1168292682927
life_expectancy,DNK,Denmark,1992,75.1941463414634
life_expectancy,DNK,Denmark,1991,75.1578048780488
life_expectancy,DNK,Denmark,1990,74.8053658536585
life_expectancy,ESP,Spain,2024,83.8878048780488
life_expectancy,ESP,Spain,2023,83.9341463414634
life_expectancy,ESP,Spain,2022,83.1341463414634
life_expectancy,ESP,Spain,2021,83.1780487804878
life_expectancy,ESP,Spain,2020,82.2317073170732
life_expectancy,ESP,Spain,2019,83.8317073170732
life_expectancy,ESP,Spain,2018,83.4317073170732
life_expectancy,ESP,Spain,2017,83.2829268292683
life_expectancy,ESP,Spain,2016,83.3292682926829
life_expectancy,ESP,Spain,2015,82.8317073170732
life_expectancy,ESP,Spain,2014,83.2292682926829
life_expectancy,ESP,Spain,2013,83.0780487804878
life_expectancy,ESP,Spain,2012,82.4268292682927
life_expectancy,ESP,Spain,2011,82.4756097560976
life_expectancy,ESP,Spain,2010,81.6268292682927
life_expectancy,ESP,Spain,2009,81.4756097560976
life_expectancy,ESP,Spain,2008,81.1756097560976
life_expectancy,ESP,Spain,2007,80.8731707317073
life_expectancy,ESP,Spain,2006,80.8219512195122
life_expectancy,ESP,Spain,2005,80.1707317073171
life_expectancy,ESP,Spain,2004,79.8707317073171
life_expectancy,ESP,Spain,2003,79.619512195122
life_expectancy,ESP,Spain,2002,79.5682926829268
life_expectancy,ESP,Spain,2001,79.3682926829268
life_expectancy,ESP,Spain,2000,78.9658536585366
life_expectancy,ESP,Spain,1999,78.7170731707317
life_expectancy,ESP,Spain,1998,78.6658536585366
life_expectancy,ESP,Spain,1997,78.6041463414634
life_expectancy,ESP,Spain,1996,78.1204878048781
life_expectancy,ESP,Spain,1995,77.9807317073171
life_expectancy,ESP,Spain,1994,77.9014634146342
life_expectancy,ESP,Spain,1993,77.5465853658537
life_expectancy,ESP,Spain,1992,77.41
life_expectancy,ESP,Spain,1991,76.9712195121951
life_expectancy,ESP,Spain,1990,76.8375609756098
life_expectancy,EST,Estonia,2024,79.2951219512195
life_expectancy,EST,Estonia,2023,78.7926829268293
life_expectancy,EST,Estonia,2022,77.8439024390244
life_expectancy,EST,Estonia,2021,76.9439024390244
life_expectancy,EST,Estonia,2020,78.5951219512195
life_expectancy,EST,Estonia,2019,78.6463414634147
life_expectancy,EST,Estonia,2018,78.2439024390244
life_expectancy,EST,Estonia,2017,78.0926829268293
life_expectancy,EST,Estonia,2016,77.6414634146342
life_expectancy,EST,Estonia,2015,77.590243902439
life_expectancy,EST,Estonia,2014,77.0341463414634
life_expectancy,EST,Estonia,2013,77.1414634146341
life_expectancy,EST,Estonia,2012,76.3268292682927
life_expectancy,EST,Estonia,2011,76.2292682926829
life_expectancy,EST,Estonia,2010,75.4292682926829
life_expectancy,EST,Estonia,2009,74.8243902439024
life_expectancy,EST,Estonia,2008,73.7707317073171
life_expectancy,EST,Estonia,2007,72.8146341463415
life_expectancy,EST,Estonia,2006,72.6914634146341
life_expectancy,EST,Estonia,2005,72.5682926829268
life_expectancy,EST,Estonia,2004,71.909756097561
life_expectancy,EST,Estonia,2003,71.3170731707317
life_expectancy,EST,Estonia,2002,70.9048780487805
life_expectancy,EST,Estonia,2001,70.2585365853659
life_expectancy,EST,Estonia,2000,70.4170731707317
life_expectancy,EST,Estonia,1999,70.0634146341463
life_expectancy,EST,Estonia,1998,69.3585365853659
life_expectancy,EST,Estonia,1997,69.809756097561
life_expectancy,EST,Estonia,1996,69.6121951219512
life_expectancy,EST,Estonia,1995,67.5439024390244
life_expectancy,EST,Estonia,1994,66.5
life_expectancy,EST,Estonia,1993,67.909756097561
life_expectancy,EST,Estonia,1992,68.8634146341464
life_expectancy,EST,Estonia,1991,69.3731707317073
life_expectancy,EST,Estonia,1990,69.4756097560976
life_expectancy,FIN,Finland,2024,82.3365853658537
life_expectancy,FIN,Finland,2023,81.5853658536585
life_expectancy,FIN,Finland,2022,81.1878048780488
life_expectancy,FIN,Finland,2021,81.8853658536585
life_expectancy,FIN,Finland,2020,81.9317073170732
life_expectancy,FIN,Finland,2019,81.9829268292683
life_expectancy,FIN,Finland,2018,81.7341463414634
life_expectancy,FIN,Finland,2017,81.6317073170732
life_expectancy,FIN,Finland,2016,81.4292682926829
life_expectancy,FIN,Finland,2015,81.4804878048781
life_expectancy,FIN,Finland,2014,81.1804878048781
life_expectancy,FIN,Finland,2013,80.9756097560976
life_expectancy,FIN,Finland,2012,80.6268292682927
life_expectancy,FIN,Finland,2011,80.4707317073171
life_expectancy,FIN,Finland,2010,79.8707317073171
life_expectancy,FIN,Finland,2009,79.719512195122
life_expectancy,FIN,Finland,2008,79.5682926829268
life_expectancy,FIN,Finland,2007,79.2634146341464
life_expectancy,FIN,Finland,2006,79.2146341463415
life_expectancy,FIN,Finland,2005,78.8170731707317
life_expectancy,FIN,Finland,2004,78.7146341463415
life_expectancy,FIN,Finland,2003,78.3682926829268
life_expectancy,FIN,Finland,2002,78.119512195122
life_expectancy,FIN,Finland,2001,77.9658536585366
life_expectancy,FIN,Finland,2000,77.4658536585366
life_expectancy,FIN,Finland,1999,77.2912195121951
life_expectancy,FIN,Finland,1998,77.0907317073171
life_expectancy,FIN,Finland,1997,76.8785365853659
life_expectancy,FIN,Finland,1996,76.6934146341464
life_expectancy,FIN,Finland,1995,76.409512195122
life_expectancy,FIN,Finland,1994,76.3956097560976
life_expectancy,FIN,Finland,1993,75.7051219512195
life_expectancy,FIN,Finland,1992,75.4553658536585
life_expectancy,FIN,Finland,1991,75.2275609756098
life_expectancy,FIN,Finland,1990,74.8131707317073
life_expectancy,FRA,France,2024,82.9804878048781
life_expectancy,FRA,France,2023,82.8317073170732
life_expectancy,FRA,France,2022,82.1292682926829
life_expectancy,FRA,France,2021,82.3243902439024
life_expectancy,FRA,France,2020,82.1756097560976
life_expectancy,FRA,France,2019,82.8268292682927
life_expectancy,FRA,France,2018,82.6756097560976
life_expectancy,FRA,France,2017,82.5756097560976
life_expectancy,FRA,France,2016,82.5731707317073
life_expectancy,FRA,France,2015,82.3219512195122
life_expectancy,FRA,France,2014,82.719512195122
life_expectancy,FRA,France,2013,82.219512195122
life_expectancy,FRA,France,2012,81.9682926829268
life_expectancy,FRA,France,2011,82.1146341463415
life_expectancy,FRA,France,2010,81.6634146341463
life_expectancy,FRA,France,2009,81.4146341463415
life_expectancy,FRA,France,2008,81.2146341463415
life_expectancy,FRA,France,2007,81.1121951219512
life_expectancy,FRA,France,2006,80.8121951219512
life_expectancy,FRA,France,2005,80.1634146341463
life_expectancy,FRA,France,2004,80.1634146341463
life_expectancy,FRA,France,2003,79.1146341463415
life_expectancy,FRA,France,2002,79.2609756097561
life_expectancy,FRA,France,2001,79.1585365853659
life_expectancy,FRA,France,2000,79.0560975609756
life_expectancy,FRA,France,1999,78.7560975609756
life_expectancy,FRA,France,1998,78.6048780487805
life_expectancy,FRA,France,1997,78.3048780487805
life_expectancy,FRA,France,1996,77.9536585365854
life_expectancy,FRA,France,1995,77.7512195121951
life_expectancy,FRA,France,1994,77.6487804878049
life_expectancy,FRA,France,1993,77.3
life_expectancy,FRA,France,1992,77.1
life_expectancy,FRA,France,1991,76.8487804878049
life_expectancy,FRA,France,1990,76.6
life_expectancy,GBR,United Kingdom,2024,81.3868536585366
life_expectancy,GBR,United Kingdom,2023,81.2380975609756
life_expectancy,GBR,United Kingdom,2022,81.0112195121951
life_expectancy,GBR,United Kingdom,2021,80.6473170731707
life_expectancy,GBR,United Kingdom,2020,80.331756097561
life_expectancy,GBR,United Kingdom,2019,81.3691219512195
life_expectancy,GBR,United Kingdom,2018,81.2560975609756
life_expectancy,GBR,United Kingdom,2017,81.2560975609756
life_expectancy,GBR,United Kingdom,2016,81.1560975609756
life_expectancy,GBR,United Kingdom,2015,80.9560975609756
life_expectancy,GBR,United Kingdom,2014,81.3048780487805
life_expectancy,GBR,United Kingdom,2013,81.0048780487805
life_expectancy,GBR,United Kingdom,2012,80.9048780487805
life_expectancy,GBR,United Kingdom,2011,80.9512195121951
life_expectancy,GBR,United Kingdom,2010,80.4024390243902
life_expectancy,GBR,United Kingdom,2009,80.0512195121951
life_expectancy,GBR,United Kingdom,2008,79.6
life_expectancy,GBR,United Kingdom,2007,79.4487804878049
life_expectancy,GBR,United Kingdom,2006,79.2487804878049
life_expectancy,GBR,United Kingdom,2005,79.0487804878049
life_expectancy,GBR,United Kingdom,2004,78.7463414634146
life_expectancy,GBR,United Kingdom,2003,78.4463414634146
life_expectancy,GBR,United Kingdom,2002,78.1439024390244
life_expectancy,GBR,United Kingdom,2001,77.9926829268293
life_expectancy,GBR,United Kingdom,2000,77.7414634146342
life_expectancy,GBR,United Kingdom,1999,77.390243902439
life_expectancy,GBR,United Kingdom,1998,77.190243902439
life_expectancy,GBR,United Kingdom,1997,77.2109756097561
life_expectancy,GBR,United Kingdom,1996,77.0878048780488
life_expectancy,GBR,United Kingdom,1995,76.8365853658537
life_expectancy,GBR,United Kingdom,1994,76.8853658536585
life_expectancy,GBR,United Kingdom,1993,76.3853658536585
life_expectancy,GBR,United Kingdom,1992,76.4341463414634
life_expectancy,GBR,United Kingdom,1991,76.0829268292683
life_expectancy,GBR,United Kingdom,1990,75.8804878048781
life_expectancy,ISL,Iceland,2024,82.809756097561
life_expectancy,ISL,Iceland,2023,82.4560975609756
life_expectancy,ISL,Iceland,2022,82.119512195122
life_expectancy,ISL,Iceland,2021,83.1658536585366
life_expectancy,ISL,Iceland,2020,83.0634146341463
life_expectancy,ISL,Iceland,2019,83.1634146341463
life_expectancy,ISL,Iceland,2018,82.8609756097561
life_expectancy,ISL,Iceland,2017,82.6609756097561
life_expectancy,ISL,Iceland,2016,82.2048780487805
life_expectancy,ISL,Iceland,2015,82.4682926829268
life_expectancy,ISL,Iceland,2014,82.8609756097561
life_expectancy,ISL,Iceland,2013,82.0609756097561
life_expectancy,ISL,Iceland,2012,82.9170731707317
life_expectancy,ISL,Iceland,2011,82.3585365853659
life_expectancy,ISL,Iceland,2010,81.8975609756097
life_expectancy,ISL,Iceland,2009,81.7512195121951
life_expectancy,ISL,Iceland,2008,81.609756097561
life_expectancy,ISL,Iceland,2007,81.4536585365854
life_expectancy,ISL,Iceland,2006,81.1585365853659
life_expectancy,ISL,Iceland,2005,81.5024390243902
life_expectancy,ISL,Iceland,2004,80.9975609756098
life_expectancy,ISL,Iceland,2003,80.9634146341464
life_expectancy,ISL,Iceland,2002,80.5024390243903
life_expectancy,ISL,Iceland,2001,80.690243902439
life_expectancy,ISL,Iceland,2000,79.6536585365854
life_expectancy,ISL,Iceland,1999,79.3512195121951
life_expectancy,ISL,Iceland,1998,79.6024390243903
life_expectancy,ISL,Iceland,1997,78.8853658536585
life_expectancy,ISL,Iceland,1996,78.7778048780488
life_expectancy,ISL,Iceland,1995,77.9843902439024
life_expectancy,ISL,Iceland,1994,79.2470731707317
life_expectancy,ISL,Iceland,1993,78.9346341463415
life_expectancy,ISL,Iceland,1992,78.760243902439
life_expectancy,ISL,Iceland,1991,77.9919512195122
life_expectancy,ISL,Iceland,1990,78.0363414634146
life_expectancy,ISR,Israel,2024,83.1975609756098
life_expectancy,ISR,Israel,2023,83.1951219512195
life_expectancy,ISR,Israel,2022,82.7
life_expectancy,ISR,Israel,2021,82.5
life_expectancy,ISR,Israel,2020,82.6487804878049
life_expectancy,ISR,Israel,2019,82.8048780487805
life_expectancy,ISR,Israel,2018,82.8024390243903
life_expectancy,ISR,Israel,2017,82.5512195121951
life_expectancy,ISR,Israel,2016,82.4073170731707
life_expectancy,ISR,Israel,2015,82.0512195121951
life_expectancy,ISR,Israel,2014,82.1536585365854
life_expectancy,ISR,Israel,2013,82.0560975609756
life_expectancy,ISR,Israel,2012,81.7048780487805
life_expectancy,ISR,Israel,2011,81.6560975609756
life_expectancy,ISR,Israel,2010,81.6024390243903
life_expectancy,ISR,Israel,2009,81.4048780487805
life_expectancy,ISR,Israel,2008,80.9512195121951
life_expectancy,ISR,Israel,2007,80.5048780487805
life_expectancy,ISR,Israel,2006,80.5536585365854
life_expectancy,ISR,Israel,2005,80.1512195121951
life_expectancy,ISR,Israel,2004,80.1463414634146
life_expectancy,ISR,Israel,2003,79.6487804878049
life_expectancy,ISR,Israel,2002,79.4512195121951
life_expectancy,ISR,Israel,2001,79.4073170731707
life_expectancy,ISR,Israel,2000,78.9536585365854
life_expectancy,ISR,Israel,1999,78.6585365853659
life_expectancy,ISR,Israel,1998,78.1487804878049
life_expectancy,ISR,Israel,1997,78
life_expectancy,ISR,Israel,1996,78.1048780487805
life_expectancy,ISR,Israel,1995,77.4512195121951
life_expectancy,ISR,Israel,1994,77.4024390243903
life_expectancy,ISR,Israel,1993,77.1536585365854
life_expectancy,ISR,Israel,1992,76.5048780487805
life_expectancy,ISR,Israel,1991,76.7585365853659
life_expectancy,ISR,Israel,1990,76.6073170731707
life_expectancy,ITA,Italy,2024,83.9512195121951
life_expectancy,ITA,Italy,2023,83.3512195121951
life_expectancy,ITA,Italy,2022,82.7
life_expectancy,ITA,Italy,2021,82.6463414634146
life_expectancy,ITA,Italy,2020,82.1951219512195
life_expectancy,ITA,Italy,2019,83.4975609756098
life_expectancy,ITA,Italy,2018,83.3463414634146
life_expectancy,ITA,Italy,2017,82.9463414634147
life_expectancy,ITA,Italy,2016,83.2439024390244
life_expectancy,ITA,Italy,2015,82.5439024390244
life_expectancy,ITA,Italy,2014,83.090243902439
life_expectancy,ITA,Italy,2013,82.690243902439
life_expectancy,ITA,Italy,2012,82.2390243902439
life_expectancy,ITA,Italy,2011,82.1878048780488
life_expectancy,ITA,Italy,2010,82.0365853658537
life_expectancy,ITA,Italy,2009,81.6365853658537
life_expectancy,ITA,Italy,2008,81.4853658536585
life_expectancy,ITA,Italy,2007,81.4341463414634
life_expectancy,ITA,Italy,2006,81.2829268292683
life_expectancy,ITA,Italy,2005,80.7829268292683
life_expectancy,ITA,Italy,2004,80.7804878048781
life_expectancy,ITA,Italy,2003,79.9829268292683
life_expectancy,ITA,Italy,2002,80.2292682926829
life_expectancy,ITA,Italy,2001,80.1268292682927
life_expectancy,ITA,Italy,2000,79.7780487804878
life_expectancy,ITA,Italy,1999,79.4243902439024
life_expectancy,ITA,Italy,1998,78.9756097560976
life_expectancy,ITA,Italy,1997,78.8243902439024
life_expectancy,ITA,Italy,1996,78.5219512195122
life_expectancy,ITA,Italy,1995,78.1707317073171
life_expectancy,ITA,Italy,1994,77.9219512195122
life_expectancy,ITA,Italy,1993,77.7219512195122
life_expectancy,ITA,Italy,1992,77.419512195122
life_expectancy,ITA,Italy,1991,77.0195121951219
life_expectancy,ITA,Italy,1990,76.9707317073171
life_expectancy,JPN,Japan,2024,84.0363414634146
life_expectancy,JPN,Japan,2023,84.0412195121951
life_expectancy,JPN,Japan,2022,83.9963414634146
life_expectancy,JPN,Japan,2021,84.4456097560976
life_expectancy,JPN,Japan,2020,84.56
life_expectancy,JPN,Japan,2019,84.3563414634146
life_expectancy,JPN,Japan,2018,84.2109756097561
life_expectancy,JPN,Japan,2017,84.099756097561
life_expectancy,JPN,Japan,2016,83.9848780487805
life_expectancy,JPN,Japan,2015,83.7939024390244
life_expectancy,JPN,Japan,2014,83.5878048780488
life_expectancy,JPN,Japan,2013,83.3319512195122
life_expectancy,JPN,Japan,2012,83.0960975609756
life_expectancy,JPN,Japan,2011,82.5912195121951
life_expectancy,JPN,Japan,2010,82.8426829268293
life_expectancy,JPN,Japan,2009,82.9314634146342
life_expectancy,JPN,Japan,2008,82.5875609756098
life_expectancy,JPN,Japan,2007,82.5070731707317
life_expectancy,JPN,Japan,2006,82.3219512195122
life_expectancy,JPN,Japan,2005,81.9551219512195
life_expectancy,JPN,Japan,2004,82.030243902439
life_expectancy,JPN,Japan,2003,81.76
life_expectancy,JPN,Japan,2002,81.6907317073171
life_expectancy,JPN,Japan,2001,81.4163414634146
life_expectancy,JPN,Japan,2000,81.0760975609756
life_expectancy,JPN,Japan,1999,80.4609756097561
life_expectancy,JPN,Japan,1998,80.5014634146342
life_expectancy,JPN,Japan,1997,80.4241463414634
life_expectancy,JPN,Japan,1996,80.219756097561
life_expectancy,JPN,Japan,1995,79.5360975609756
life_expectancy,JPN,Japan,1994,79.6968292682927
life_expectancy,JPN,Japan,1993,79.3036585365854
life_expectancy,JPN,Japan,1992,79.080243902439
life_expectancy,JPN,Japan,1991,79.0368292682927
life_expectancy,JPN,Japan,1990,78.8370731707317
life_expectancy,KOR,"Korea, Rep.",2024,83.6292682926829
life_expectancy,KOR,"Korea, Rep.",2023,83.4292682926829
life_expectancy,KOR,"Korea, Rep.",2022,82.6804878048781
life_expectancy,KOR,"Korea, Rep.",2021,83.5268292682927
life_expectancy,KOR,"Korea, Rep.",2020,83.4268292682927
life_expectancy,KOR,"Korea, Rep.",2019,83.2268292682927
life_expectancy,KOR,"Korea, Rep.",2018,82.6268292682927
life_expectancy,KOR,"Korea, Rep.",2017,82.6268292682927
life_expectancy,KOR,"Korea, Rep.",2016,82.2756097560976
life_expectancy,KOR,"Korea, Rep.",2015,82.0243902439024
life_expectancy,KOR,"Korea, Rep.",2014,81.7219512195122
life_expectancy,KOR,"Korea, Rep.",2013,81.2707317073171
life_expectancy,KOR,"Korea, Rep.",2012,80.819512195122
life_expectancy,KOR,"Korea, Rep.",2011,80.5682926829269
life_expectancy,KOR,"Korea, Rep.",2010,80.1170731707317
life_expectancy,KOR,"Korea, Rep.",2009,79.9682926829268
life_expectancy,KOR,"Korea, Rep.",2008,79.5170731707317
life_expectancy,KOR,"Korea, Rep.",2007,79.119512195122
life_expectancy,KOR,"Korea, Rep.",2006,78.6682926829268
life_expectancy,KOR,"Korea, Rep.",2005,78.1682926829268
life_expectancy,KOR,"Korea, Rep.",2004,77.6658536585366
life_expectancy,KOR,"Korea, Rep.",2003,77.2146341463415
life_expectancy,KOR,"Korea, Rep.",2002,76.7658536585366
life_expectancy,KOR,"Korea, Rep.",2001,76.4121951219512
life_expectancy,KOR,"Korea, Rep.",2000,75.909756097561
life_expectancy,KOR,"Korea, Rep.",1999,75.409756097561
life_expectancy,KOR,"Korea, Rep.",1998,75.0048780487805
life_expectancy,KOR,"Korea, Rep.",1997,74.6024390243903
life_expectancy,KOR,"Korea, Rep.",1996,74.1512195121951
life_expectancy,KOR,"Korea, Rep.",1995,73.7
life_expectancy,KOR,"Korea, Rep.",1994,73.3975609756098
life_expectancy,KOR,"Korea, Rep.",1993,72.9975609756098
life_expectancy,KOR,"Korea, Rep.",1992,72.4975609756098
life_expectancy,KOR,"Korea, Rep.",1991,72.0463414634146
life_expectancy,KOR,"Korea, Rep.",1990,71.5975609756098
life_expectancy,LUX,Luxembourg,2024,83.1951219512195
life_expectancy,LUX,Luxembourg,2023,83.309756097561
life_expectancy,LUX,Luxembourg,2022,82.9463414634147
life_expectancy,LUX,Luxembourg,2021,82.5975609756098
life_expectancy,LUX,Luxembourg,2020,82.1439024390244
life_expectancy,LUX,Luxembourg,2019,82.6390243902439
life_expectancy,LUX,Luxembourg,2018,82.2951219512195
life_expectancy,LUX,Luxembourg,2017,82.0951219512195
life_expectancy,LUX,Luxembourg,2016,82.6853658536585
life_expectancy,LUX,Luxembourg,2015,82.2926829268293
life_expectancy,LUX,Luxembourg,2014,82.2292682926829
life_expectancy,LUX,Luxembourg,2013,81.8
life_expectancy,LUX,Luxembourg,2012,81.3926829268293
life_expectancy,LUX,Luxembourg,2011,80.9878048780488
life_expectancy,LUX,Luxembourg,2010,80.6317073170732
life_expectancy,LUX,Luxembourg,2009,80.6365853658537
life_expectancy,LUX,Luxembourg,2008,80.5390243902439
life_expectancy,LUX,Luxembourg,2007,79.3829268292683
life_expectancy,LUX,Luxembourg,2006,79.2878048780488
life_expectancy,LUX,Luxembourg,2005,79.4317073170732
life_expectancy,LUX,Luxembourg,2004,79.1219512195122
life_expectancy,LUX,Luxembourg,2003,77.7268292682927
life_expectancy,LUX,Luxembourg,2002,77.9658536585366
life_expectancy,LUX,Luxembourg,2001,77.8243902439025
life_expectancy,LUX,Luxembourg,2000,77.8731707317073
life_expectancy,LUX,Luxembourg,1999,77.7707317073171
life_expectancy,LUX,Luxembourg,1998,77.0170731707317
life_expectancy,LUX,Luxembourg,1997,76.880487804878
life_expectancy,LUX,Luxembourg,1996,76.519512195122
life_expectancy,LUX,Luxembourg,1995,76.5121951219512
life_expectancy,LUX,Luxembourg,1994,76.3707317073171
life_expectancy,LUX,Luxembourg,1993,75.7121951219512
life_expectancy,LUX,Luxembourg,1992,75.7707317073171
life_expectancy,LUX,Luxembourg,1991,75.4634146341463
life_expectancy,LUX,Luxembourg,1990,74.7754878048781
life_expectancy,NLD,Netherlands,2024,81.9658536585366
life_expectancy,NLD,Netherlands,2023,81.8634146341464
life_expectancy,NLD,Netherlands,2022,81.6146341463415
life_expectancy,NLD,Netherlands,2021,81.309756097561
life_expectancy,NLD,Netherlands,2020,81.3585365853659
life_expectancy,NLD,Netherlands,2019,82.1121951219512
life_expectancy,NLD,Netherlands,2018,81.8121951219512
life_expectancy,NLD,Netherlands,2017,81.7609756097561
life_expectancy,NLD,Netherlands,2016,81.5609756097561
life_expectancy,NLD,Netherlands,2015,81.509756097561
life_expectancy,NLD,Netherlands,2014,81.7073170731707
life_expectancy,NLD,Netherlands,2013,81.3048780487805
life_expectancy,NLD,Netherlands,2012,81.1048780487805
life_expectancy,NLD,Netherlands,2011,81.2048780487805
life_expectancy,NLD,Netherlands,2010,80.7024390243902
life_expectancy,NLD,Netherlands,2009,80.5487804878049
life_expectancy,NLD,Netherlands,2008,80.2512195121951
life_expectancy,NLD,Netherlands,2007,80.0975609756098
life_expectancy,NLD,Netherlands,2006,79.6975609756098
life_expectancy,NLD,Netherlands,2005,79.3463414634146
life_expectancy,NLD,Netherlands,2004,79.0951219512195
life_expectancy,NLD,Netherlands,2003,78.4926829268293
life_expectancy,NLD,Netherlands,2002,78.2926829268293
life_expectancy,NLD,Netherlands,2001,78.190243902439
life_expectancy,NLD,Netherlands,2000,77.9878048780488
life_expectancy,NLD,Netherlands,1999,77.8365853658537
life_expectancy,NLD,Netherlands,1998,77.8829268292683
life_expectancy,NLD,Netherlands,1997,77.7943902439024
life_expectancy,NLD,Netherlands,1996,77.4356097560976
life_expectancy,NLD,Netherlands,1995,77.4046341463415
life_expectancy,NLD,Netherlands,1994,77.3751219512195
life_expectancy,NLD,Netherlands,1993,76.9165853658537
life_expectancy,NLD,Netherlands,1992,77.2170731707317
life_expectancy,NLD,Netherlands,1991,77
life_expectancy,NLD,Netherlands,1990,76.8780487804878
life_expectancy,NOR,Norway,2024,83.1609756097561
life_expectancy,NOR,Norway,2023,83.0121951219512
life_expectancy,NOR,Norway,2022,82.509756097561
life_expectancy,NOR,Norway,2021,83.1634146341463
life_expectancy,NOR,Norway,2020,83.209756097561
life_expectancy,NOR,Norway,2019,82.9585365853659
life_expectancy,NOR,Norway,2018,82.7585365853659
life_expectancy,NOR,Norway,2017,82.609756097561
life_expectancy,NOR,Norway,2016,82.4073170731707
life_expectancy,NOR,Norway,2015,82.3048780487805
life_expectancy,NOR,Norway,2014,82.1
life_expectancy,NOR,Norway,2013,81.7512195121951
life_expectancy,NOR,Norway,2012,81.4512195121951
life_expectancy,NOR,Norway,2011,81.2951219512195
life_expectancy,NOR,Norway,2010,80.9975609756098
life_expectancy,NOR,Norway,2009,80.7951219512195
life_expectancy,NOR,Norway,2008,80.5926829268293
life_expectancy,NOR,Norway,2007,80.3951219512195
life_expectancy,NOR,Norway,2006,80.3439024390244
life_expectancy,NOR,Norway,2005,80.0414634146342
life_expectancy,NOR,Norway,2004,79.8414634146342
life_expectancy,NOR,Norway,2003,79.390243902439
life_expectancy,NOR,Norway,2002,78.9878048780488
life_expectancy,NOR,Norway,2001,78.7853658536585
life_expectancy,NOR,Norway,2000,78.6341463414634
life_expectancy,NOR,Norway,1999,78.2829268292683
life_expectancy,NOR,Norway,1998,78.3292682926829
life_expectancy,NOR,Norway,1997,78.1426829268293
life_expectancy,NOR,Norway,1996,78.1504878048781
life_expectancy,NOR,Norway,1995,77.7365853658537
life_expectancy,NOR,Norway,1994,77.689756097561
life_expectancy,NOR,Norway,1993,77.1517073170732
life_expectancy,NOR,Norway,1992,77.1843902439025
life_expectancy,NOR,Norway,1991,76.9807317073171
life_expectancy,NOR,Norway,1990,76.5373170731707
life_expectancy,NZL,New Zealand,2024,82.009756097561
life_expectancy,NZL,New Zealand,2023,81.7585365853659
life_expectancy,NZL,New Zealand,2022,81.9585365853658
life_expectancy,NZL,New Zealand,2021,82.2073170731707
life_expectancy,NZL,New Zealand,2020,82.2560975609756
life_expectancy,NZL,New Zealand,2019,82.0560975609756
life_expectancy,NZL,New Zealand,2018,81.7073170731707
life_expectancy,NZL,New Zealand,2017,81.8585365853659
life_expectancy,NZL,New Zealand,2016,81.6585365853659
life_expectancy,NZL,New Zealand,2015,81.6124390243903
life_expectancy,NZL,New Zealand,2014,81.4568292682927
life_expectancy,NZL,New Zealand,2013,81.4048780487805
life_expectancy,NZL,New Zealand,2012,81.4073170731707
life_expectancy,NZL,New Zealand,2011,81.1560975609756
life_expectancy,NZL,New Zealand,2010,80.9048780487805
life_expectancy,NZL,New Zealand,2009,80.7024390243902
life_expectancy,NZL,New Zealand,2008,80.3512195121951
life_expectancy,NZL,New Zealand,2007,80.1512195121951
life_expectancy,NZL,New Zealand,2006,80.0487804878049
life_expectancy,NZL,New Zealand,2005,79.8512195121951
life_expectancy,NZL,New Zealand,2004,79.5487804878049
life_expectancy,NZL,New Zealand,2003,79.1463414634146
life_expectancy,NZL,New Zealand,2002,78.8463414634146
life_expectancy,NZL,New Zealand,2001,78.6926829268293
life_expectancy,NZL,New Zealand,2000,78.6365853658537
life_expectancy,NZL,New Zealand,1999,77.890243902439
life_expectancy,NZL,New Zealand,1998,78.0853658536585
life_expectancy,NZL,New Zealand,1997,77.3341463414634
life_expectancy,NZL,New Zealand,1996,76.7878048780488
life_expectancy,NZL,New Zealand,1995,76.7341463414634
life_expectancy,NZL,New Zealand,1994,76.8829268292683
life_expectancy,NZL,New Zealand,1993,76.4341463414634
life_expectancy,NZL,New Zealand,1992,76.1243902439025
life_expectancy,NZL,New Zealand,1991,76.0317073170732
life_expectancy,NZL,New Zealand,1990,75.3780487804878
life_expectancy,POL,Poland,2024,78.409756097561
life_expectancy,POL,Poland,2023,78.2585365853659
life_expectancy,POL,Poland,2022,77.1560975609756
life_expectancy,POL,Poland,2021,75.3512195121951
life_expectancy,POL,Poland,2020,76.4
life_expectancy,POL,Poland,2019,77.9048780487805
life_expectancy,POL,Poland,2018,77.6024390243903
life_expectancy,POL,Poland,2017,77.7536585365854
life_expectancy,POL,Poland,2016,77.8512195121951
life_expectancy,POL,Poland,2015,77.4512195121951
life_expectancy,POL,Poland,2014,77.6024390243903
life_expectancy,POL,Poland,2013,77
life_expectancy,POL,Poland,2012,76.7463414634146
life_expectancy,POL,Poland,2011,76.6951219512195
life_expectancy,POL,Poland,2010,76.2463414634146
life_expectancy,POL,Poland,2009,75.6951219512195
life_expectancy,POL,Poland,2008,75.5439024390244
life_expectancy,POL,Poland,2007,75.2439024390244
life_expectancy,POL,Poland,2006,75.1439024390244
life_expectancy,POL,Poland,2005,74.9951219512195
life_expectancy,POL,Poland,2004,74.8463414634146
life_expectancy,POL,Poland,2003,74.5975609756098
life_expectancy,POL,Poland,2002,74.4975609756098
life_expectancy,POL,Poland,2001,74.2
life_expectancy,POL,Poland,2000,73.7487804878049
life_expectancy,POL,Poland,1999,73.0439024390244
life_expectancy,POL,Poland,1998,72.9975609756098
life_expectancy,POL,Poland,1997,72.6463414634146
life_expectancy,POL,Poland,1996,72.2463414634146
life_expectancy,POL,Poland,1995,71.8926829268293
life_expectancy,POL,Poland,1994,71.6951219512195
life_expectancy,POL,Poland,1993,71.5951219512195
life_expectancy,POL,Poland,1992,71.090243902439
life_expectancy,POL,Poland,1991,70.5878048780488
life_expectancy,POL,Poland,1990,70.890243902439
life_expectancy,PRT,Portugal,2024,82.3829268292683
life_expectancy,PRT,Portugal,2023,82.3292682926829
life_expectancy,PRT,Portugal,2022,81.6317073170732
life_expectancy,PRT,Portugal,2021,81.3780487804878
life_expectancy,PRT,Portugal,2020,81.3292682926829
life_expectancy,PRT,Portugal,2019,81.6756097560976
life_expectancy,PRT,Portugal,2018,81.3243902439024
life_expectancy,PRT,Portugal,2017,81.4243902439025
life_expectancy,PRT,Portugal,2016,81.1243902439025
life_expectancy,PRT,Portugal,2015,81.1243902439025
life_expectancy,PRT,Portugal,2014,81.1219512195122
life_expectancy,PRT,Portugal,2013,80.7219512195122
life_expectancy,PRT,Portugal,2012,80.3731707317073
life_expectancy,PRT,Portugal,2011,80.4707317073171
life_expectancy,PRT,Portugal,2010,79.0268292682927
life_expectancy,PRT,Portugal,2009,78.7268292682927
life_expectancy,PRT,Portugal,2008,78.5243902439025
life_expectancy,PRT,Portugal,2007,78.3219512195122
life_expectancy,PRT,Portugal,2006,78.419512195122
life_expectancy,PRT,Portugal,2005,78.0707317073171
life_expectancy,PRT,Portugal,2004,77.6707317073171
life_expectancy,PRT,Portugal,2003,77.219512195122
life_expectancy,PRT,Portugal,2002,77.0658536585366
life_expectancy,PRT,Portugal,2001,76.8146341463415
life_expectancy,PRT,Portugal,2000,76.3146341463415
life_expectancy,PRT,Portugal,1999,75.9634146341463
life_expectancy,PRT,Portugal,1998,75.7121951219512
life_expectancy,PRT,Portugal,1997,75.4121951219512
life_expectancy,PRT,Portugal,1996,75.2609756097561
life_expectancy,PRT,Portugal,1995,75.3121951219512
life_expectancy,PRT,Portugal,1994,74.9146341463415
life_expectancy,PRT,Portugal,1993,74.5121951219512
life_expectancy,PRT,Portugal,1992,74.3121951219512
life_expectancy,PRT,Portugal,1991,74.0146341463415
life_expectancy,PRT,Portugal,1990,73.9658536585366
life_expectancy,SGP,Singapore,2024,83.3463414634146
life_expectancy,SGP,Singapore,2023,83.0975609756098
life_expectancy,SGP,Singapore,2022,82.8951219512195
life_expectancy,SGP,Singapore,2021,83.0926829268293
life_expectancy,SGP,Singapore,2020,83.5439024390244
life_expectancy,SGP,Singapore,2019,83.5951219512195
life_expectancy,SGP,Singapore,2018,83.2975609756098
life_expectancy,SGP,Singapore,2017,83.0951219512195
life_expectancy,SGP,Singapore,2016,82.8463414634146
life_expectancy,SGP,Singapore,2015,82.7439024390244
life_expectancy,SGP,Singapore,2014,82.4951219512195
life_expectancy,SGP,Singapore,2013,82.2463414634147
life_expectancy,SGP,Singapore,2012,81.9951219512195
life_expectancy,SGP,Singapore,2011,81.7439024390244
life_expectancy,SGP,Singapore,2010,81.5414634146342
life_expectancy,SGP,Singapore,2009,81.2414634146342
life_expectancy,SGP,Singapore,2008,80.790243902439
life_expectancy,SGP,Singapore,2007,80.4414634146342
life_expectancy,SGP,Singapore,2006,80.1414634146341
life_expectancy,SGP,Singapore,2005,79.990243902439
life_expectancy,SGP,Singapore,2004,79.490243902439
life_expectancy,SGP,Singapore,2003,79.0390243902439
life_expectancy,SGP,Singapore,2002,78.5512195121951
life_expectancy,SGP,Singapore,2001,78.2512195121951
life_expectancy,SGP,Singapore,2000,77.9512195121951
life_expectancy,SGP,Singapore,1999,77.5512195121951
life_expectancy,SGP,Singapore,1998,77.3
life_expectancy,SGP,Singapore,1997,76.8975609756097
life_expectancy,SGP,Singapore,1996,76.5951219512195
life_expectancy,SGP,Singapore,1995,76.2951219512195
life_expectancy,SGP,Singapore,1994,76.1975609756098
life_expectancy,SGP,Singapore,1993,76.0463414634146
life_expectancy,SGP,Singapore,1992,75.9463414634146
life_expectancy,SGP,Singapore,1991,75.6463414634146
life_expectancy,SGP,Singapore,1990,75.2951219512195
life_expectancy,SWE,Sweden,2024,84.0634146341463
life_expectancy,SWE,Sweden,2023,83.309756097561
life_expectancy,SWE,Sweden,2022,83.0585365853659
life_expectancy,SWE,Sweden,2021,83.0560975609756
life_expectancy,SWE,Sweden,2020,82.3560975609756
life_expectancy,SWE,Sweden,2019,83.109756097561
life_expectancy,SWE,Sweden,2018,82.5585365853659
life_expectancy,SWE,Sweden,2017,82.409756097561
life_expectancy,SWE,Sweden,2016,82.3073170731707
life_expectancy,SWE,Sweden,2015,82.2048780487805
life_expectancy,SWE,Sweden,2014,82.2536585365854
life_expectancy,SWE,Sweden,2013,81.9560975609756
life_expectancy,SWE,Sweden,2012,81.7048780487805
life_expectancy,SWE,Sweden,2011,81.8024390243903
life_expectancy,SWE,Sweden,2010,81.4512195121951
life_expectancy,SWE,Sweden,2009,81.3512195121951
life_expectancy,SWE,Sweden,2008,81.1
life_expectancy,SWE,Sweden,2007,80.9
life_expectancy,SWE,Sweden,2006,80.7487804878049
life_expectancy,SWE,Sweden,2005,80.5463414634146
life_expectancy,SWE,Sweden,2004,80.4975609756098
life_expectancy,SWE,Sweden,2003,80.0951219512195
life_expectancy,SWE,Sweden,2002,79.8463414634146
life_expectancy,SWE,Sweden,2001,79.7951219512195
life_expectancy,SWE,Sweden,2000,79.6439024390244
life_expectancy,SWE,Sweden,1999,79.4414634146342
life_expectancy,SWE,Sweden,1998,79.3390243902439
life_expectancy,SWE,Sweden,1997,79.1975609756098
life_expectancy,SWE,Sweden,1996,78.9590243902439
life_expectancy,SWE,Sweden,1995,78.7404878048781
life_expectancy,SWE,Sweden,1994,78.650243902439
life_expectancy,SWE,Sweden,1993,78.0604878048781
life_expectancy,SWE,Sweden,1992,77.9987804878049
life_expectancy,SWE,Sweden,1991,77.6668292682927
life_expectancy,SWE,Sweden,1990,77.5368292682927
life_expectancy,USA,United States,2024,78.890243902439
life_expectancy,USA,United States,2023,78.3853658536585
life_expectancy,USA,United States,2022,77.4341463414634
life_expectancy,USA,United States,2021,76.3292682926829
life_expectancy,USA,United States,2020,76.9804878048781
life_expectancy,USA,United States,2019,78.7878048780488
life_expectancy,USA,United States,2018,78.6390243902439
life_expectancy,USA,United States,2017,78.5390243902439
life_expectancy,USA,United States,2016,78.5390243902439
life_expectancy,USA,United States,2015,78.690243902439
life_expectancy,USA,United States,2014,78.8414634146341
life_expectancy,USA,United States,2013,78.7414634146342
life_expectancy,USA,United States,2012,78.7414634146342
life_expectancy,USA,United States,2011,78.6414634146341
life_expectancy,USA,United States,2010,78.5414634146342
life_expectancy,USA,United States,2009,78.390243902439
life_expectancy,USA,United States,2008,78.0390243902439
life_expectancy,USA,United States,2007,77.9878048780488
life_expectancy,USA,United States,2006,77.6878048780488
life_expectancy,USA,United States,2005,77.4878048780488
life_expectancy,USA,United States,2004,77.4878048780488
life_expectancy,USA,United States,2003,77.0365853658537
life_expectancy,USA,United States,2002,76.9365853658537
life_expectancy,USA,United States,2001,76.8365853658537
life_expectancy,USA,United States,2000,76.6365853658537
life_expectancy,USA,United States,1999,76.5829268292683
life_expectancy,USA,United States,1998,76.5804878048781
life_expectancy,USA,United States,1997,76.4292682926829
life_expectancy,USA,United States,1996,76.0268292682927
life_expectancy,USA,United States,1995,75.6219512195122
life_expectancy,USA,United States,1994,75.619512195122
life_expectancy,USA,United States,1993,75.419512195122
life_expectancy,USA,United States,1992,75.6170731707317
life_expectancy,USA,United States,1991,75.3658536585366
life_expectancy,USA,United States,1990,75.2146341463415
gdp_pc_current,ARE,United Arab Emirates,2024,50273.5126243239
gdp_pc_current,ARE,United Arab Emirates,2023,49850.6945082084
gdp_pc_current,ARE,United Arab Emirates,2022,50759.7590190204
gdp_pc_current,ARE,United Arab Emirates,2021,44118.4936214315
gdp_pc_current,ARE,United Arab Emirates,2020,37991.738387966
gdp_pc_current,ARE,United Arab Emirates,2019,45938.6084572227
gdp_pc_current,ARE,United Arab Emirates,2018,47135.3478795605
gdp_pc_current,ARE,United Arab Emirates,2017,43733.6242018215
gdp_pc_current,ARE,United Arab Emirates,2016,42721.1136110991
gdp_pc_current,ARE,United Arab Emirates,2015,44910.3458860776
gdp_pc_current,ARE,United Arab Emirates,2014,52725.2307981936
gdp_pc_current,ARE,United Arab Emirates,2013,53247.2278745159
gdp_pc_current,ARE,United Arab Emirates,2012,53141.6251661086
gdp_pc_current,ARE,United Arab Emirates,2011,51921.8890746408
gdp_pc_current,ARE,United Arab Emirates,2010,44795.2846234991
gdp_pc_current,ARE,United Arab Emirates,2009,37803.0663737818
gdp_pc_current,ARE,United Arab Emirates,2008,50054.1700685968
gdp_pc_current,ARE,United Arab Emirates,2007,45854.7352436978
gdp_pc_current,ARE,United Arab Emirates,2006,44342.603055045
gdp_pc_current,ARE,United Arab Emirates,2005,38719.3138285388
gdp_pc_current,ARE,United Arab Emirates,2004,33376.6880534412
gdp_pc_current,ARE,United Arab Emirates,2003,29659.5710296993
gdp_pc_current,ARE,United Arab Emirates,2002,27753.5810466782
gdp_pc_current,ARE,United Arab Emirates,2001,27745.1684523079
gdp_pc_current,ARE,United Arab Emirates,2000,29865.5285002232
gdp_pc_current,ARE,United Arab Emirates,1999,25855.8379155488
gdp_pc_current,ARE,United Arab Emirates,1998,24889.4426807231
gdp_pc_current,ARE,United Arab Emirates,1997,27982.752550093
gdp_pc_current,ARE,United Arab Emirates,1996,28323.1586889615
gdp_pc_current,ARE,United Arab Emirates,1995,27003.1753753727
gdp_pc_current,ARE,United Arab Emirates,1994,25472.6470660889
gdp_pc_current,ARE,United Arab Emirates,1993,25032.8269272198
gdp_pc_current,ARE,United Arab Emirates,1992,25648.2807476605
gdp_pc_current,ARE,United Arab Emirates,1991,25690.9151233865
gdp_pc_current,ARE,United Arab Emirates,1990,26709.9567949611
gdp_pc_current,AUS,Australia,2025,65129.7227990563
gdp_pc_current,AUS,Australia,2024,64609.9865116088
gdp_pc_current,AUS,Australia,2023,65058.3773146674
gdp_pc_current,AUS,Australia,2022,65169.5191118657
gdp_pc_current,AUS,Australia,2021,60758.9044397144
gdp_pc_current,AUS,Australia,2020,51983.4523666382
gdp_pc_current,AUS,Australia,2019,55194.7585097428
gdp_pc_current,AUS,Australia,2018,57410.1737346009
gdp_pc_current,AUS,Australia,2017,54117.547718609
gdp_pc_current,AUS,Australia,2016,50084.4440606385
gdp_pc_current,AUS,Australia,2015,56970.3613028094
gdp_pc_current,AUS,Australia,2014,62817.2061751737
gdp_pc_current,AUS,Australia,2013,68476.6788496118
gdp_pc_current,AUS,Australia,2012,68301.4402512587
gdp_pc_current,AUS,Australia,2011,62799.3895017032
gdp_pc_current,AUS,Australia,2010,52313.8939041213
gdp_pc_current,AUS,Australia,2009,42954.8494884573
gdp_pc_current,AUS,Australia,2008,49811.2067218988
gdp_pc_current,AUS,Australia,2007,41128.2476618402
gdp_pc_current,AUS,Australia,2006,36658.8243476122
gdp_pc_current,AUS,Australia,2005,34535.20727091
gdp_pc_current,AUS,Australia,2004,30886.0500949401
gdp_pc_current,AUS,Australia,2003,23757.5898471684
gdp_pc_current,AUS,Australia,2002,20335.0960191023
gdp_pc_current,AUS,Australia,2001,19733.6510102645
gdp_pc_current,AUS,Australia,2000,21908.9968019784
gdp_pc_current,AUS,Australia,1999,20749.6443779096
gdp_pc_current,AUS,Australia,1998,21516.0403147759
gdp_pc_current,AUS,Australia,1997,23683.4948964934
gdp_pc_current,AUS,Australia,1996,22055.838490507
gdp_pc_current,AUS,Australia,1995,20479.1748274233
gdp_pc_current,AUS,Australia,1994,18155.6282000179
gdp_pc_current,AUS,Australia,1993,17724.5399501656
gdp_pc_current,AUS,Australia,1992,18650.3675476612
gdp_pc_current,AUS,Australia,1991,18885.4274465057
gdp_pc_current,AUS,Australia,1990,18273.561526468
gdp_pc_current,AUT,Austria,2025,62930.0351324599
gdp_pc_current,AUT,Austria,2024,58268.8787651601
gdp_pc_current,AUT,Austria,2023,56579.504175468
gdp_pc_current,AUT,Austria,2022,52336.7725223758
gdp_pc_current,AUT,Austria,2021,53648.6437976214
gdp_pc_current,AUT,Austria,2020,48716.4098900349
gdp_pc_current,AUT,Austria,2019,49885.9947355204
gdp_pc_current,AUT,Austria,2018,51194.0749841299
gdp_pc_current,AUT,Austria,2017,47163.7425775142
gdp_pc_current,AUT,Austria,2016,45061.4993920192
gdp_pc_current,AUT,Austria,2015,43915.228020857
gdp_pc_current,AUT,Austria,2014,51314.9722616322
gdp_pc_current,AUT,Austria,2013,50305.3545774973
gdp_pc_current,AUT,Austria,2012,48250.4059142637
gdp_pc_current,AUT,Austria,2011,51116.8953522042
gdp_pc_current,AUT,Austria,2010,46611.1393420232
gdp_pc_current,AUT,Austria,2009,47857.4446635266
gdp_pc_current,AUT,Austria,2008,51581.3982361071
gdp_pc_current,AUT,Austria,2007,46622.9622913635
gdp_pc_current,AUT,Austria,2006,40382.2078298575
gdp_pc_current,AUT,Austria,2005,38157.37022862
gdp_pc_current,AUT,Austria,2004,36614.2506533707
gdp_pc_current,AUT,Austria,2003,32110.1159661425
gdp_pc_current,AUT,Austria,2002,26334.862215032
gdp_pc_current,AUT,Austria,2001,24430.495982841
gdp_pc_current,AUT,Austria,2000,24487.2974685956
gdp_pc_current,AUT,Austria,1999,27078.7081612201
gdp_pc_current,AUT,Austria,1998,27212.4642905708
gdp_pc_current,AUT,Austria,1997,26571.7523626508
gdp_pc_current,AUT,Austria,1996,29645.9451251491
gdp_pc_current,AUT,Austria,1995,30207.0674314652
gdp_pc_current,AUT,Austria,1994,25546.2460525087
gdp_pc_current,AUT,Austria,1993,23987.2037240657
gdp_pc_current,AUT,Austria,1992,24782.7118767063
gdp_pc_current,AUT,Austria,1991,22323.1312492943
gdp_pc_current,AUT,Austria,1990,21596.068219998
gdp_pc_current,CAN,Canada,2025,55697.6639660837
gdp_pc_current,CAN,Canada,2024,55015.7066917734
gdp_pc_current,CAN,Canada,2023,54847.5370112652
gdp_pc_current,CAN,Canada,2022,56496.9275340663
gdp_pc_current,CAN,Canada,2021,52886.6407813788
gdp_pc_current,CAN,Canada,2020,43537.8981198851
gdp_pc_current,CAN,Canada,2019,46352.9695208927
gdp_pc_current,CAN,Canada,2018,46539.2177903178
gdp_pc_current,CAN,Canada,2017,45129.7335281051
gdp_pc_current,CAN,Canada,2016,42314.1033623905
gdp_pc_current,CAN,Canada,2015,43594.2379080706
gdp_pc_current,CAN,Canada,2014,50960.8942086685
gdp_pc_current,CAN,Canada,2013,52637.7313222622
gdp_pc_current,CAN,Canada,2012,52670.1429540952
gdp_pc_current,CAN,Canada,2011,52224.1237767406
gdp_pc_current,CAN,Canada,2010,47560.8378831258
gdp_pc_current,CAN,Canada,2009,40874.9612318547
gdp_pc_current,CAN,Canada,2008,46710.3654423328
gdp_pc_current,CAN,Canada,2007,44660.0838892281
gdp_pc_current,CAN,Canada,2006,40504.8490329826
gdp_pc_current,CAN,Canada,2005,36383.9671341396
gdp_pc_current,CAN,Canada,2004,32145.5653280273
gdp_pc_current,CAN,Canada,2003,28301.9097055898
gdp_pc_current,CAN,Canada,2002,24256.0598742201
gdp_pc_current,CAN,Canada,2001,23822.096210932
gdp_pc_current,CAN,Canada,2000,24271.0020563821
gdp_pc_current,CAN,Canada,1999,22315.3130930482
gdp_pc_current,CAN,Canada,1998,21024.5627149423
gdp_pc_current,CAN,Canada,1997,21901.5870048928
gdp_pc_current,CAN,Canada,1996,21296.9723536904
gdp_pc_current,CAN,Canada,1995,20679.634792669
gdp_pc_current,CAN,Canada,1994,19997.6237373354
gdp_pc_current,CAN,Canada,1993,20186.7988782965
gdp_pc_current,CAN,Canada,1992,20950.3305287651
gdp_pc_current,CAN,Canada,1991,21846.7930471354
gdp_pc_current,CAN,Canada,1990,21525.8611387148
gdp_pc_current,CHE,Switzerland,2025,114769.012314293
gdp_pc_current,CHE,Switzerland,2024,107702.065940312
gdp_pc_current,CHE,Switzerland,2023,104449.75451772
gdp_pc_current,CHE,Switzerland,2022,97809.095567203
gdp_pc_current,CHE,Switzerland,2021,96582.8687080693
gdp_pc_current,CHE,Switzerland,2020,87529.7016394892
gdp_pc_current,CHE,Switzerland,2019,85872.9702303454
gdp_pc_current,CHE,Switzerland,2018,87002.3382293532
gdp_pc_current,CHE,Switzerland,2017,83610.248611484
gdp_pc_current,CHE,Switzerland,2016,83432.4111596314
gdp_pc_current,CHE,Switzerland,2015,85265.06205193
gdp_pc_current,CHE,Switzerland,2014,90511.6484558843
gdp_pc_current,CHE,Switzerland,2013,88851.2374497983
gdp_pc_current,CHE,Switzerland,2012,87269.5594780124
gdp_pc_current,CHE,Switzerland,2011,91910.3964565203
gdp_pc_current,CHE,Switzerland,2010,77956.1262043942
gdp_pc_current,CHE,Switzerland,2009,72788.2049524379
gdp_pc_current,CHE,Switzerland,2008,75147.5376709155
gdp_pc_current,CHE,Switzerland,2007,66082.1233977532
gdp_pc_current,CHE,Switzerland,2006,59910.293405504
gdp_pc_current,CHE,Switzerland,2005,57080.0704338193
gdp_pc_current,CHE,Switzerland,2004,55349.6164595028
gdp_pc_current,CHE,Switzerland,2003,49947.3910175152
gdp_pc_current,CHE,Switzerland,2002,43094.2492848494
gdp_pc_current,CHE,Switzerland,2001,40133.6101965261
gdp_pc_current,CHE,Switzerland,2000,39298.0968042444
gdp_pc_current,CHE,Switzerland,1999,42260.8690492557
gdp_pc_current,CHE,Switzerland,1998,43165.639648677
gdp_pc_current,CHE,Switzerland,1997,42159.9962722039
gdp_pc_current,CHE,Switzerland,1996,48837.8072568268
gdp_pc_current,CHE,Switzerland,1995,50868.9734516769
gdp_pc_current,CHE,Switzerland,1994,43741.1064805172
gdp_pc_current,CHE,Switzerland,1993,39828.3640333356
gdp_pc_current,CHE,Switzerland,1992,41327.1832947809
gdp_pc_current,CHE,Switzerland,1991,40140.3718874038
gdp_pc_current,CHE,Switzerland,1990,40170.8696758305
gdp_pc_current,DEU,Germany,2025,60496.4350820414
gdp_pc_current,DEU,Germany,2024,56103.7323182554
gdp_pc_current,DEU,Germany,2023,54776.7668235491
gdp_pc_current,DEU,Germany,2022,50506.5179638543
gdp_pc_current,DEU,Germany,2021,52349.2459994422
gdp_pc_current,DEU,Germany,2020,47394.8734504469
gdp_pc_current,DEU,Germany,2019,47656.199739747
gdp_pc_current,DEU,Germany,2018,48916.1686612154
gdp_pc_current,DEU,Germany,2017,45553.9341495339
gdp_pc_current,DEU,Germany,2016,42948.9381932694
gdp_pc_current,DEU,Germany,2015,41929.7549110722
gdp_pc_current,DEU,Germany,2014,48959.5991203133
gdp_pc_current,DEU,Germany,2013,47206.8353514242
gdp_pc_current,DEU,Germany,2012,44718.0159214069
gdp_pc_current,DEU,Germany,2011,47630.9761883572
gdp_pc_current,DEU,Germany,2010,42396.9665976293
gdp_pc_current,DEU,Germany,2009,42471.8868625226
gdp_pc_current,DEU,Germany,2008,46379.1647953479
gdp_pc_current,DEU,Germany,2007,42350.9217211489
gdp_pc_current,DEU,Germany,2006,36980.3349948954
gdp_pc_current,DEU,Germany,2005,35084.4363546269
gdp_pc_current,DEU,Germany,2004,34566.7359143735
gdp_pc_current,DEU,Germany,2003,30711.1022511331
gdp_pc_current,DEU,Germany,2002,25486.5942008748
gdp_pc_current,DEU,Germany,2001,23878.3641471651
gdp_pc_current,DEU,Germany,2000,23925.8559901991
gdp_pc_current,DEU,Germany,1999,26965.4922773722
gdp_pc_current,DEU,Germany,1998,27395.9440608051
gdp_pc_current,DEU,Germany,1997,27046.9565464237
gdp_pc_current,DEU,Germany,1996,30599.7891048363
gdp_pc_current,DEU,Germany,1995,31747.2449398447
gdp_pc_current,DEU,Germany,1994,27201.9593555204
gdp_pc_current,DEU,Germany,1993,25616.6508772405
gdp_pc_current,DEU,Germany,1992,26559.8543879632
gdp_pc_current,DEU,Germany,1991,23443.3350818536
gdp_pc_current,DEU,Germany,1990,22385.6778250275
gdp_pc_current,DNK,Denmark,2025,76970.1535217919
gdp_pc_current,DNK,Denmark,2024,71026.4832271897
gdp_pc_current,DNK,Denmark,2023,68043.5466971243
gdp_pc_current,DNK,Denmark,2022,67781.0940939514
gdp_pc_current,DNK,Denmark,2021,69340.7334922138
gdp_pc_current,DNK,Denmark,2020,60985.4885601514
gdp_pc_current,DNK,Denmark,2019,59404.2663247723
gdp_pc_current,DNK,Denmark,2018,61324.7665045565
gdp_pc_current,DNK,Denmark,2017,57521.5514992225
gdp_pc_current,DNK,Denmark,2016,54500.9260410217
gdp_pc_current,DNK,Denmark,2015,53094.0133607574
gdp_pc_current,DNK,Denmark,2014,62520.4509747011
gdp_pc_current,DNK,Denmark,2013,61377.5940590412
gdp_pc_current,DNK,Denmark,2012,58443.7747103968
gdp_pc_current,DNK,Denmark,2011,61809.737898222
gdp_pc_current,DNK,Denmark,2010,58104.5445594981
gdp_pc_current,DNK,Denmark,2009,58412.7472358513
gdp_pc_current,DNK,Denmark,2008,64616.6657583663
gdp_pc_current,DNK,Denmark,2007,58631.6566433635
gdp_pc_current,DNK,Denmark,2006,52119.1787984282
gdp_pc_current,DNK,Denmark,2005,48925.8076698784
gdp_pc_current,DNK,Denmark,2004,46625.050098011
gdp_pc_current,DNK,Denmark,2003,40519.0974905924
gdp_pc_current,DNK,Denmark,2002,33257.1622586509
gdp_pc_current,DNK,Denmark,2001,30768.4775471112
gdp_pc_current,DNK,Denmark,2000,30722.0251837567
gdp_pc_current,DNK,Denmark,1999,33426.2381077405
gdp_pc_current,DNK,Denmark,1998,33346.4884298957
gdp_pc_current,DNK,Denmark,1997,32779.879045297
gdp_pc_current,DNK,Denmark,1996,35621.9878051732
gdp_pc_current,DNK,Denmark,1995,35321.0980773087
gdp_pc_current,DNK,Denmark,1994,29967.8303903163
gdp_pc_current,DNK,Denmark,1993,27581.7241097459
gdp_pc_current,DNK,Denmark,1992,29579.4913648682
gdp_pc_current,DNK,Denmark,1991,27002.8057705804
gdp_pc_current,DNK,Denmark,1990,26885.6994188191
gdp_pc_current,ESP,Spain,2025,38627.2472148623
gdp_pc_current,ESP,Spain,2024,35326.7683069278
gdp_pc_current,ESP,Spain,2023,33493.2225409111
gdp_pc_current,ESP,Spain,2022,30319.4987196616
gdp_pc_current,ESP,Spain,2021,30799.4775937775
gdp_pc_current,ESP,Spain,2020,27233.9426461608
gdp_pc_current,ESP,Spain,2019,29786.5245689007
gdp_pc_current,ESP,Spain,2018,30602.4212881113
gdp_pc_current,ESP,Spain,2017,28381.3425596906
gdp_pc_current,ESP,Spain,2016,26755.6061149398
gdp_pc_current,ESP,Spain,2015,25982.4416197775
gdp_pc_current,ESP,Spain,2014,29707.765509467
gdp_pc_current,ESP,Spain,2013,29228.846559842
gdp_pc_current,ESP,Spain,2012,28456.4438151477
gdp_pc_current,ESP,Spain,2011,31824.6219134777
gdp_pc_current,ESP,Spain,2010,30658.7422282912
gdp_pc_current,ESP,Spain,2009,32279.8208476151
gdp_pc_current,ESP,Spain,2008,35603.248328071
gdp_pc_current,ESP,Spain,2007,32652.015594702
gdp_pc_current,ESP,Spain,2006,28421.686527407
gdp_pc_current,ESP,Spain,2005,26450.9530130382
gdp_pc_current,ESP,Spain,2004,24925.0267844576
gdp_pc_current,ESP,Spain,2003,21522.0170990262
gdp_pc_current,ESP,Spain,2002,17111.0685058941
gdp_pc_current,ESP,Spain,2001,15368.2337984435
gdp_pc_current,ESP,Spain,2000,14743.2671031455
gdp_pc_current,ESP,Spain,1999,15707.9473068138
gdp_pc_current,ESP,Spain,1998,15382.3348573373
gdp_pc_current,ESP,Spain,1997,14722.3717633536
gdp_pc_current,ESP,Spain,1996,16100.6215831114
gdp_pc_current,ESP,Spain,1995,15460.9110266653
gdp_pc_current,ESP,Spain,1994,13405.704414883
gdp_pc_current,ESP,Spain,1993,13330.3798192211
gdp_pc_current,ESP,Spain,1992,16100.6799428032
gdp_pc_current,ESP,Spain,1991,14801.3226152172
gdp_pc_current,ESP,Spain,1990,13795.0159385128
gdp_pc_current,EST,Estonia,2025,34417.6320815138
gdp_pc_current,EST,Estonia,2024,31428.3547816104
gdp_pc_current,EST,Estonia,2023,30264.0064885057
gdp_pc_current,EST,Estonia,2022,28340.3826549406
gdp_pc_current,EST,Estonia,2021,27951.1659277744
gdp_pc_current,EST,Estonia,2020,23933.9939421065
gdp_pc_current,EST,Estonia,2019,24021.2501413306
gdp_pc_current,EST,Estonia,2018,23618.1361254581
gdp_pc_current,EST,Estonia,2017,20851.5223496861
gdp_pc_current,EST,Estonia,2016,18666.3736521706
gdp_pc_current,EST,Estonia,2015,17722.1557669523
gdp_pc_current,EST,Estonia,2014,20581.7898991695
gdp_pc_current,EST,Estonia,2013,19310.3874900757
gdp_pc_current,EST,Estonia,2012,17568.2137969714
gdp_pc_current,EST,Estonia,2011,17555.5455239426
gdp_pc_current,EST,Estonia,2010,14663.7041018705
gdp_pc_current,EST,Estonia,2009,14712.4494217916
gdp_pc_current,EST,Estonia,2008,18205.9064113446
gdp_pc_current,EST,Estonia,2007,16745.4308011148
gdp_pc_current,EST,Estonia,2006,12641.4800976473
gdp_pc_current,EST,Estonia,2005,10414.6381183565
gdp_pc_current,EST,Estonia,2004,8916.0728274602
gdp_pc_current,EST,Estonia,2003,7205.40703313243
gdp_pc_current,EST,Estonia,2002,5343.18310760735
gdp_pc_current,EST,Estonia,2001,4502.66614992392
gdp_pc_current,EST,Estonia,2000,4070.60902410208
gdp_pc_current,EST,Estonia,1999,4140.93660232167
gdp_pc_current,EST,Estonia,1998,4093.39247738765
gdp_pc_current,EST,Estonia,1997,3682.95230146695
gdp_pc_current,EST,Estonia,1996,3380.92630243199
gdp_pc_current,EST,Estonia,1995,3134.38975345407
gdp_pc_current,EST,Estonia,1994,2819.12612100926
gdp_pc_current,EST,Estonia,1993,2685.90889287357
gdp_pc_current,FIN,Finland,2025,56148.580949046
gdp_pc_current,FIN,Finland,2024,53155.5451165897
gdp_pc_current,FIN,Finland,2023,52864.6931581216
gdp_pc_current,FIN,Finland,2022,50440.560224974
gdp_pc_current,FIN,Finland,2021,53099.1351400148
gdp_pc_current,FIN,Finland,2020,48828.6846862799
gdp_pc_current,FIN,Finland,2019,48358.1807773701
gdp_pc_current,FIN,Finland,2018,49654.2497035329
gdp_pc_current,FIN,Finland,2017,46085.0174739036
gdp_pc_current,FIN,Finland,2016,43451.2562442158
gdp_pc_current,FIN,Finland,2015,42560.3456767103
gdp_pc_current,FIN,Finland,2014,50073.7760815871
gdp_pc_current,FIN,Finland,2013,49691.0145200739
gdp_pc_current,FIN,Finland,2012,47551.6740841369
gdp_pc_current,FIN,Finland,2011,51060.3242589767
gdp_pc_current,FIN,Finland,2010,46506.2919016566
gdp_pc_current,FIN,Finland,2009,47478.3495310999
gdp_pc_current,FIN,Finland,2008,53769.4726240385
gdp_pc_current,FIN,Finland,2007,48473.0240091455
gdp_pc_current,FIN,Finland,2006,41214.0187765069
gdp_pc_current,FIN,Finland,2005,39049.8703780223
gdp_pc_current,FIN,Finland,2004,37768.1334202029
gdp_pc_current,FIN,Finland,2003,32920.0857192568
gdp_pc_current,FIN,Finland,2002,26989.389260959
gdp_pc_current,FIN,Finland,2001,24965.202996776
gdp_pc_current,FIN,Finland,2000,24335.9225082659
gdp_pc_current,FIN,Finland,1999,26180.4128562349
gdp_pc_current,FIN,Finland,1998,25999.9861694953
gdp_pc_current,FIN,Finland,1997,24682.29083271
gdp_pc_current,FIN,Finland,1996,25756.6777073618
gdp_pc_current,FIN,Finland,1995,26246.2743214462
gdp_pc_current,FIN,Finland,1994,20278.29109854
gdp_pc_current,FIN,Finland,1993,17588.6781715509
gdp_pc_current,FIN,Finland,1992,22320.1124695857
gdp_pc_current,FIN,Finland,1991,25488.8450525604
gdp_pc_current,FIN,Finland,1990,28366.204276071
gdp_pc_current,FRA,France,2025,48985.7307807924
gdp_pc_current,FRA,France,2024,46103.0840855884
gdp_pc_current,FRA,France,2023,44700.1384177544
gdp_pc_current,FRA,France,2022,40988.6396406579
gdp_pc_current,FRA,France,2021,43725.0999521245
gdp_pc_current,FRA,France,2020,39169.8606000707
gdp_pc_current,FRA,France,2019,40408.2848574751
gdp_pc_current,FRA,France,2018,41418.1766484844
gdp_pc_current,FRA,France,2017,38687.1626407164
gdp_pc_current,FRA,France,2016,37024.2157133669
gdp_pc_current,FRA,France,2015,36702.4323733379
gdp_pc_current,FRA,France,2014,43148.0459288416
gdp_pc_current,FRA,France,2013,42669.1795111893
gdp_pc_current,FRA,France,2012,40863.5814412333
gdp_pc_current,FRA,France,2011,43929.7840873812
gdp_pc_current,FRA,France,2010,40694.8211697025
gdp_pc_current,FRA,France,2009,41728.0884164132
gdp_pc_current,FRA,France,2008,45464.8181385158
gdp_pc_current,FRA,France,2007,41486.1907828787
gdp_pc_current,FRA,France,2006,36431.5658906555
gdp_pc_current,FRA,France,2005,34696.3718316971
gdp_pc_current,FRA,France,2004,33644.9282220364
gdp_pc_current,FRA,France,2003,29479.5222101175
gdp_pc_current,FRA,France,2002,24144.5727019529
gdp_pc_current,FRA,France,2001,22331.7948343036
gdp_pc_current,FRA,France,2000,22340.5939516217
gdp_pc_current,FRA,France,1999,24576.3152254528
gdp_pc_current,FRA,France,1998,24869.4030795939
gdp_pc_current,FRA,France,1997,24169.4008102822
gdp_pc_current,FRA,France,1996,26757.6351494145
gdp_pc_current,FRA,France,1995,26791.8151982369
gdp_pc_current,FRA,France,1994,23359.8985104774
gdp_pc_current,FRA,France,1993,22238.8250618434
gdp_pc_current,FRA,France,1992,23615.0168565483
gdp_pc_current,FRA,France,1991,21500.7778366233
gdp_pc_current,FRA,France,1990,21586.4674617483
gdp_pc_current,GBR,United Kingdom,2025,57601.9621201954
gdp_pc_current,GBR,United Kingdom,2024,53341.3131094262
gdp_pc_current,GBR,United Kingdom,2023,49919.6896621586
gdp_pc_current,GBR,United Kingdom,2022,47034.7795621476
gdp_pc_current,GBR,United Kingdom,2021,47695.6491523474
gdp_pc_current,GBR,United Kingdom,2020,40815.1255364787
gdp_pc_current,GBR,United Kingdom,2019,43160.6843971799
gdp_pc_current,GBR,United Kingdom,2018,43704.3162296687
gdp_pc_current,GBR,United Kingdom,2017,40918.0520870944
gdp_pc_current,GBR,United Kingdom,2016,41258.5374285695
gdp_pc_current,GBR,United Kingdom,2015,45256.040227057
gdp_pc_current,GBR,United Kingdom,2014,47746.9810645521
gdp_pc_current,GBR,United Kingdom,2013,43607.6636827371
gdp_pc_current,GBR,United Kingdom,2012,42688.3263728372
gdp_pc_current,GBR,United Kingdom,2011,42295.9273835322
gdp_pc_current,GBR,United Kingdom,2010,39778.3220528565
gdp_pc_current,GBR,United Kingdom,2009,39009.3715547821
gdp_pc_current,GBR,United Kingdom,2008,47652.4030691881
gdp_pc_current,GBR,United Kingdom,2007,50629.0799172887
gdp_pc_current,GBR,United Kingdom,2006,44695.161023424
gdp_pc_current,GBR,United Kingdom,2005,42240.2462987547
gdp_pc_current,GBR,United Kingdom,2004,40504.4118103928
gdp_pc_current,GBR,United Kingdom,2003,34556.7726095905
gdp_pc_current,GBR,United Kingdom,2002,30158.7017807858
gdp_pc_current,GBR,United Kingdom,2001,28013.8729635508
gdp_pc_current,GBR,United Kingdom,2000,28383.8761094996
gdp_pc_current,GBR,United Kingdom,1999,28858.0065333126
gdp_pc_current,GBR,United Kingdom,1998,28396.3523548013
gdp_pc_current,GBR,United Kingdom,1997,26910.1381529902
gdp_pc_current,GBR,United Kingdom,1996,24503.3829602903
gdp_pc_current,GBR,United Kingdom,1995,23252.6157127423
gdp_pc_current,GBR,United Kingdom,1994,19709.2380983653
gdp_pc_current,GBR,United Kingdom,1993,18389.0195675099
gdp_pc_current,GBR,United Kingdom,1992,20487.1707852878
gdp_pc_current,GBR,United Kingdom,1991,19900.7266505069
gdp_pc_current,GBR,United Kingdom,1990,19095.4669984608
gdp_pc_current,ISL,Iceland,2025,98323.4849517418
gdp_pc_current,ISL,Iceland,2024,85863.1479330343
gdp_pc_current,ISL,Iceland,2023,82201.2908518078
gdp_pc_current,ISL,Iceland,2022,76376.9599334915
gdp_pc_current,ISL,Iceland,2021,70425.4064277273
gdp_pc_current,ISL,Iceland,2020,60127.9393575616
gdp_pc_current,ISL,Iceland,2019,69296.3144361601
gdp_pc_current,ISL,Iceland,2018,75633.8651351915
gdp_pc_current,ISL,Iceland,2017,72976.3729990975
gdp_pc_current,ISL,Iceland,2016,62854.0906407932
gdp_pc_current,ISL,Iceland,2015,53505.6964079339
gdp_pc_current,ISL,Iceland,2014,55140.364935793
gdp_pc_current,ISL,Iceland,2013,50173.3360061057
gdp_pc_current,ISL,Iceland,2012,46594.9869146614
gdp_pc_current,ISL,Iceland,2011,48254.953927254
gdp_pc_current,ISL,Iceland,2010,43776.4677400475
gdp_pc_current,ISL,Iceland,2009,41483.7843682814
gdp_pc_current,ISL,Iceland,2008,57489.3399795216
gdp_pc_current,ISL,Iceland,2007,70483.0117228535
gdp_pc_current,ISL,Iceland,2006,58172.1426656622
gdp_pc_current,ISL,Iceland,2005,57783.7745608117
gdp_pc_current,ISL,Iceland,2004,47809.6073050042
gdp_pc_current,ISL,Iceland,2003,39944.2104095591
gdp_pc_current,ISL,Iceland,2002,32749.379004627
gdp_pc_current,ISL,Iceland,2001,29208.1981853568
gdp_pc_current,ISL,Iceland,2000,32503.578963236
gdp_pc_current,ISL,Iceland,1999,32834.4215745364
gdp_pc_current,ISL,Iceland,1998,31519.1647473126
gdp_pc_current,ISL,Iceland,1997,28461.7664095122
gdp_pc_current,ISL,Iceland,1996,28583.5208959793
gdp_pc_current,ISL,Iceland,1995,27564.569102386
gdp_pc_current,ISL,Iceland,1994,24858.2031335605
gdp_pc_current,ISL,Iceland,1993,24404.0275812365
gdp_pc_current,ISL,Iceland,1992,28072.4041083276
gdp_pc_current,ISL,Iceland,1991,27739.8886025504
gdp_pc_current,ISL,Iceland,1990,26272.2452156659
gdp_pc_current,ISR,Israel,2025,60336.8477964194
gdp_pc_current,ISR,Israel,2024,54216.5218142787
gdp_pc_current,ISR,Israel,2023,52126.4489280033
gdp_pc_current,ISR,Israel,2022,54947.2091250715
gdp_pc_current,ISR,Israel,2021,52258.4693499398
gdp_pc_current,ISR,Israel,2020,44590.8237253282
gdp_pc_current,ISR,Israel,2019,44091.8678022544
gdp_pc_current,ISR,Israel,2018,42269.3770257585
gdp_pc_current,ISR,Israel,2017,41013.2575323519
gdp_pc_current,ISR,Israel,2016,37571.2561196275
gdp_pc_current,ISR,Israel,2015,36138.13561386
gdp_pc_current,ISR,Israel,2014,38265.3651949373
gdp_pc_current,ISR,Israel,2013,36980.622214228
gdp_pc_current,ISR,Israel,2012,33268.7066672115
gdp_pc_current,ISR,Israel,2011,34476.7252065949
gdp_pc_current,ISR,Israel,2010,31398.9266927022
gdp_pc_current,ISR,Israel,2009,28469.6817348489
gdp_pc_current,ISR,Israel,2008,30231.0191013609
gdp_pc_current,ISR,Israel,2007,25688.901610248
gdp_pc_current,ISR,Israel,2006,22499.7541717986
gdp_pc_current,ISR,Israel,2005,21261.7474251846
gdp_pc_current,ISR,Israel,2004,20550.0694706176
gdp_pc_current,ISR,Israel,2003,19624.0321412582
gdp_pc_current,ISR,Israel,2002,19058.7462869465
gdp_pc_current,ISR,Israel,2001,20948.7745727671
gdp_pc_current,ISR,Israel,2000,21690.237340061
gdp_pc_current,ISR,Israel,1999,19808.8555169876
gdp_pc_current,ISR,Israel,1998,20175.625397054
gdp_pc_current,ISR,Israel,1997,20457.3857209047
gdp_pc_current,ISR,Israel,1996,20212.9229756617
gdp_pc_current,ISR,Israel,1995,19013.94330229
gdp_pc_current,ISR,Israel,1994,16796.463811535
gdp_pc_current,ISR,Israel,1993,15169.4731267116
gdp_pc_current,ISR,Israel,1992,15500.4201495689
gdp_pc_current,ISR,Israel,1991,14337.2280625182
gdp_pc_current,ISR,Israel,1990,13300.0985026479
gdp_pc_current,ITA,Italy,2025,43308.6403060733
gdp_pc_current,ITA,Italy,2024,40429.6224047352
gdp_pc_current,ITA,Italy,2023,39279.699782164
gdp_pc_current,ITA,Italy,2022,35653.9042103495
gdp_pc_current,ITA,Italy,2021,36852.5425414951
gdp_pc_current,ITA,Italy,2020,32091.4866621366
gdp_pc_current,ITA,Italy,2019,33812.788724868
gdp_pc_current,ITA,Italy,2018,35062.3364176949
gdp_pc_current,ITA,Italy,2017,32844.115660604
gdp_pc_current,ITA,Italy,2016,31391.5692898108
gdp_pc_current,ITA,Italy,2015,30639.8829751432
gdp_pc_current,ITA,Italy,2014,36028.3494022349
gdp_pc_current,ITA,Italy,2013,35701.6746002376
gdp_pc_current,ITA,Italy,2012,34854.3949441965
gdp_pc_current,ITA,Italy,2011,38432.3742820019
gdp_pc_current,ITA,Italy,2010,35856.8625485539
gdp_pc_current,ITA,Italy,2009,37099.6133958219
gdp_pc_current,ITA,Italy,2008,40828.5795580937
gdp_pc_current,ITA,Italy,2007,37826.1754554823
gdp_pc_current,ITA,Italy,2006,33537.1286994269
gdp_pc_current,ITA,Italy,2005,32062.723833669
gdp_pc_current,ITA,Italy,2004,31348.1901841445
gdp_pc_current,ITA,Italy,2003,27577.5700319855
gdp_pc_current,ITA,Italy,2002,22451.3964379368
gdp_pc_current,ITA,Italy,2001,20570.4385917862
gdp_pc_current,ITA,Italy,2000,20190.0035636084
gdp_pc_current,ITA,Italy,1999,22049.9990620261
gdp_pc_current,ITA,Italy,1998,22365.1837644545
gdp_pc_current,ITA,Italy,1997,21883.9872666651
gdp_pc_current,ITA,Italy,1996,23122.9337219116
gdp_pc_current,ITA,Italy,1995,20712.1798690324
gdp_pc_current,ITA,Italy,1994,19382.2002150155
gdp_pc_current,ITA,Italy,1993,18781.9529427137
gdp_pc_current,ITA,Italy,1992,23297.0460325456
gdp_pc_current,ITA,Italy,1991,22007.1350964074
gdp_pc_current,ITA,Italy,1990,20873.7834092719
gdp_pc_current,JPN,Japan,2025,35951.0449549304
gdp_pc_current,JPN,Japan,2024,33797.1014287876
gdp_pc_current,JPN,Japan,2023,35215.003535366
gdp_pc_current,JPN,Japan,2022,35548.2645222433
gdp_pc_current,JPN,Japan,2021,41580.739040705
gdp_pc_current,JPN,Japan,2020,41098.9739004553
gdp_pc_current,JPN,Japan,2019,41424.8655601543
gdp_pc_current,JPN,Japan,2018,40645.478086519
gdp_pc_current,JPN,Japan,2017,39679.8635262948
gdp_pc_current,JPN,Japan,2016,40214.9688631562
gdp_pc_current,JPN,Japan,2015,35664.6446110613
gdp_pc_current,JPN,Japan,2014,39172.8471161948
gdp_pc_current,JPN,Japan,2013,41369.1948479498
gdp_pc_current,JPN,Japan,2012,49626.6830327571
gdp_pc_current,JPN,Japan,2011,49122.077634247
gdp_pc_current,JPN,Japan,2010,45378.1378109399
gdp_pc_current,JPN,Japan,2009,41678.1783063195
gdp_pc_current,JPN,Japan,2008,40294.2081309702
gdp_pc_current,JPN,Japan,2007,36129.9535132925
gdp_pc_current,JPN,Japan,2006,36354.4271646349
gdp_pc_current,JPN,Japan,2005,38158.6758263963
gdp_pc_current,JPN,Japan,2004,38677.5708064787
gdp_pc_current,JPN,Japan,2003,35808.6816792388
gdp_pc_current,JPN,Japan,2002,33315.9165174962
gdp_pc_current,JPN,Japan,2001,34910.166403687
gdp_pc_current,JPN,Japan,2000,39752.937397755
gdp_pc_current,JPN,Japan,1999,37028.7168989208
gdp_pc_current,JPN,Japan,1998,32835.1192750829
gdp_pc_current,JPN,Japan,1997,36331.0311480645
gdp_pc_current,JPN,Japan,1996,39929.7185750327
gdp_pc_current,JPN,Japan,1995,44947.4763611465
gdp_pc_current,JPN,Japan,1994,40774.4450809919
gdp_pc_current,JPN,Japan,1993,37110.6114371751
gdp_pc_current,JPN,Japan,1992,32666.5024513195
gdp_pc_current,JPN,Japan,1991,30048.1401766828
gdp_pc_current,JPN,Japan,1990,26344.7273187725
gdp_pc_current,KOR,"Korea, Rep.",2025,36226.9663637512
gdp_pc_current,KOR,"Korea, Rep.",2024,36238.639908315
gdp_pc_current,KOR,"Korea, Rep.",2023,35674.095995632
gdp_pc_current,KOR,"Korea, Rep.",2022,34822.4048404971
gdp_pc_current,KOR,"Korea, Rep.",2021,37518.4635305697
gdp_pc_current,KOR,"Korea, Rep.",2020,33645.7719545073
gdp_pc_current,KOR,"Korea, Rep.",2019,33826.9443301597
gdp_pc_current,KOR,"Korea, Rep.",2018,35363.9508228687
gdp_pc_current,KOR,"Korea, Rep.",2017,33296.9845439195
gdp_pc_current,KOR,"Korea, Rep.",2016,30832.0628072516
gdp_pc_current,KOR,"Korea, Rep.",2015,30171.7906545222
gdp_pc_current,KOR,"Korea, Rep.",2014,30667.0912467447
gdp_pc_current,KOR,"Korea, Rep.",2013,28449.3591104972
gdp_pc_current,KOR,"Korea, Rep.",2012,26600.5477433903
gdp_pc_current,KOR,"Korea, Rep.",2011,26175.2398553363
gdp_pc_current,KOR,"Korea, Rep.",2010,24071.2620526362
gdp_pc_current,KOR,"Korea, Rep.",2009,19937.3029137734
gdp_pc_current,KOR,"Korea, Rep.",2008,22252.3125108061
gdp_pc_current,KOR,"Korea, Rep.",2007,25078.4853957105
gdp_pc_current,KOR,"Korea, Rep.",2006,22609.7059431449
gdp_pc_current,KOR,"Korea, Rep.",2005,20167.0474902506
gdp_pc_current,KOR,"Korea, Rep.",2004,17121.6301633201
gdp_pc_current,KOR,"Korea, Rep.",2003,15211.5483770422
gdp_pc_current,KOR,"Korea, Rep.",2002,13642.9424537101
gdp_pc_current,KOR,"Korea, Rep.",2001,11981.4828218758
gdp_pc_current,KOR,"Korea, Rep.",2000,12710.2995795579
gdp_pc_current,KOR,"Korea, Rep.",1999,11062.5019301357
gdp_pc_current,KOR,"Korea, Rep.",1998,8583.43557499234
gdp_pc_current,KOR,"Korea, Rep.",1997,12821.6893313675
gdp_pc_current,KOR,"Korea, Rep.",1996,13864.9376534518
gdp_pc_current,KOR,"Korea, Rep.",1995,13001.7205867019
gdp_pc_current,KOR,"Korea, Rep.",1994,10733.9888860657
gdp_pc_current,KOR,"Korea, Rep.",1993,9179.96872485152
gdp_pc_current,KOR,"Korea, Rep.",1992,8387.16308258471
gdp_pc_current,KOR,"Korea, Rep.",1991,7872.65052449111
gdp_pc_current,KOR,"Korea, Rep.",1990,6812.9019416767
gdp_pc_current,LUX,Luxembourg,2025,147252.179121515
gdp_pc_current,LUX,Luxembourg,2024,137781.681659123
gdp_pc_current,LUX,Luxembourg,2023,133230.619178899
gdp_pc_current,LUX,Luxembourg,2022,123719.658915996
gdp_pc_current,LUX,Luxembourg,2021,134965.815442152
gdp_pc_current,LUX,Luxembourg,2020,116860.02817236
gdp_pc_current,LUX,Luxembourg,2019,112696.649059674
gdp_pc_current,LUX,Luxembourg,2018,116926.759593905
gdp_pc_current,LUX,Luxembourg,2017,110193.213797228
gdp_pc_current,LUX,Luxembourg,2016,106899.293549552
gdp_pc_current,LUX,Luxembourg,2015,105462.012584423
gdp_pc_current,LUX,Luxembourg,2014,123678.706919314
gdp_pc_current,LUX,Luxembourg,2013,120000.140729859
gdp_pc_current,LUX,Luxembourg,2012,112584.676270958
gdp_pc_current,LUX,Luxembourg,2011,119025.057203467
gdp_pc_current,LUX,Luxembourg,2010,110885.991378721
gdp_pc_current,LUX,Luxembourg,2009,109419.746953106
gdp_pc_current,LUX,Luxembourg,2008,120422.137934157
gdp_pc_current,LUX,Luxembourg,2007,107475.320297978
gdp_pc_current,LUX,Luxembourg,2006,90788.8164271049
gdp_pc_current,LUX,Luxembourg,2005,80988.2044869403
gdp_pc_current,LUX,Luxembourg,2004,76544.9170868473
gdp_pc_current,LUX,Luxembourg,2003,65689.3214536911
gdp_pc_current,LUX,Luxembourg,2002,53005.731801629
gdp_pc_current,LUX,Luxembourg,2001,48440.1805564662
gdp_pc_current,LUX,Luxembourg,2000,48659.6390968187
gdp_pc_current,LUX,Luxembourg,1999,50872.4492684624
gdp_pc_current,LUX,Luxembourg,1998,47445.3863148198
gdp_pc_current,LUX,Luxembourg,1997,46641.6408754876
gdp_pc_current,LUX,Luxembourg,1996,50444.3591236175
gdp_pc_current,LUX,Luxembourg,1995,51032.349635318
gdp_pc_current,LUX,Luxembourg,1994,43933.235442736
gdp_pc_current,LUX,Luxembourg,1993,40066.7242518773
gdp_pc_current,LUX,Luxembourg,1992,39570.8615665986
gdp_pc_current,LUX,Luxembourg,1991,35747.3377992066
gdp_pc_current,LUX,Luxembourg,1990,33465.478207919
gdp_pc_current,NLD,Netherlands,2025,73683.917132794
gdp_pc_current,NLD,Netherlands,2024,67465.3208126875
gdp_pc_current,NLD,Netherlands,2023,63515.6030780019
gdp_pc_current,NLD,Netherlands,2022,59123.318556487
gdp_pc_current,NLD,Netherlands,2021,60141.9880911492
gdp_pc_current,NLD,Netherlands,2020,53467.9277413737
gdp_pc_current,NLD,Netherlands,2019,53554.9007491475
gdp_pc_current,NLD,Netherlands,2018,53955.0770024266
gdp_pc_current,NLD,Netherlands,2017,49513.6817346384
gdp_pc_current,NLD,Netherlands,2016,46808.5291492503
gdp_pc_current,NLD,Netherlands,2015,45793.8135434697
gdp_pc_current,NLD,Netherlands,2014,53457.2234864322
gdp_pc_current,NLD,Netherlands,2013,52602.2860520766
gdp_pc_current,NLD,Netherlands,2012,50473.9442002689
gdp_pc_current,NLD,Netherlands,2011,54701.7728030611
gdp_pc_current,NLD,Netherlands,2010,51305.7338533973
gdp_pc_current,NLD,Netherlands,2009,53172.0261581418
gdp_pc_current,NLD,Netherlands,2008,58246.7026905874
gdp_pc_current,NLD,Netherlands,2007,52100.7996285947
gdp_pc_current,NLD,Netherlands,2006,45123.5432406426
gdp_pc_current,NLD,Netherlands,2005,42165.396168388
gdp_pc_current,NLD,Netherlands,2004,40611.3414353091
gdp_pc_current,NLD,Netherlands,2003,35896.7504630706
gdp_pc_current,NLD,Netherlands,2002,29446.5330872868
gdp_pc_current,NLD,Netherlands,2001,26955.7128032278
gdp_pc_current,NLD,Netherlands,2000,26225.1697734149
gdp_pc_current,NLD,Netherlands,1999,28318.7466538357
gdp_pc_current,NLD,Netherlands,1998,27924.281808994
gdp_pc_current,NLD,Netherlands,1997,26744.9601318097
gdp_pc_current,NLD,Netherlands,1996,29063.6236532536
gdp_pc_current,NLD,Netherlands,1995,29301.1940492376
gdp_pc_current,NLD,Netherlands,1994,24682.5866742863
gdp_pc_current,NLD,Netherlands,1993,23156.4404444568
gdp_pc_current,NLD,Netherlands,1992,23939.2173482108
gdp_pc_current,NLD,Netherlands,1991,21764.2144987258
gdp_pc_current,NLD,Netherlands,1990,21322.1944802703
gdp_pc_current,NOR,Norway,2025,94594.1929573987
gdp_pc_current,NOR,Norway,2024,89888.9535204758
gdp_pc_current,NOR,Norway,2023,90984.4087141111
gdp_pc_current,NOR,Norway,2022,113122.130765691
gdp_pc_current,NOR,Norway,2021,96442.5552173002
gdp_pc_current,NOR,Norway,2020,71057.5879471399
gdp_pc_current,NOR,Norway,2019,79329.3075190012
gdp_pc_current,NOR,Norway,2018,85579.0776455494
gdp_pc_current,NOR,Norway,2017,78771.2151264554
gdp_pc_current,NOR,Norway,2016,73222.4006864905
gdp_pc_current,NOR,Norway,2015,77220.9524311414
gdp_pc_current,NOR,Norway,2014,100410.020200979
gdp_pc_current,NOR,Norway,2013,106333.138368566
gdp_pc_current,NOR,Norway,2012,104627.93694681
gdp_pc_current,NOR,Norway,2011,103545.218988177
gdp_pc_current,NOR,Norway,2010,90020.342257973
gdp_pc_current,NOR,Norway,2009,81939.726548458
gdp_pc_current,NOR,Norway,2008,99001.5300678626
gdp_pc_current,NOR,Norway,2007,86600.2387607877
gdp_pc_current,NOR,Norway,2006,75047.741700385
gdp_pc_current,NOR,Norway,2005,67358.3615969796
gdp_pc_current,NOR,Norway,2004,57854.5698169407
gdp_pc_current,NOR,Norway,2003,50208.0960234078
gdp_pc_current,NOR,Norway,2002,43048.288735011
gdp_pc_current,NOR,Norway,2001,38458.2530907659
gdp_pc_current,NOR,Norway,2000,37991.8907576589
gdp_pc_current,NOR,Norway,1999,36151.4491624485
gdp_pc_current,NOR,Norway,1998,34515.8977194734
gdp_pc_current,NOR,Norway,1997,36324.1473513598
gdp_pc_current,NOR,Norway,1996,37072.6000316602
gdp_pc_current,NOR,Norway,1995,34658.6948344762
gdp_pc_current,NOR,Norway,1994,29129.7350937014
gdp_pc_current,NOR,Norway,1993,27792.6599198329
gdp_pc_current,NOR,Norway,1992,30328.210916818
gdp_pc_current,NOR,Norway,1991,28427.2524217324
gdp_pc_current,NOR,Norway,1990,28137.4837293741
gdp_pc_current,NZL,New Zealand,2025,49591.0405731713
gdp_pc_current,NZL,New Zealand,2024,49432.3626396797
gdp_pc_current,NZL,New Zealand,2023,49302.341876493
gdp_pc_current,NZL,New Zealand,2022,49141.6316294227
gdp_pc_current,NZL,New Zealand,2021,49902.154346032
gdp_pc_current,NZL,New Zealand,2020,42054.6743136586
gdp_pc_current,NZL,New Zealand,2019,42872.2681243427
gdp_pc_current,NZL,New Zealand,2018,43204.1305124872
gdp_pc_current,NZL,New Zealand,2017,42912.1537002148
gdp_pc_current,NZL,New Zealand,2016,40088.3205470499
gdp_pc_current,NZL,New Zealand,2015,38648.7302562109
gdp_pc_current,NZL,New Zealand,2014,44599.8992733675
gdp_pc_current,NZL,New Zealand,2013,42984.9571801167
gdp_pc_current,NZL,New Zealand,2012,40041.7524816244
gdp_pc_current,NZL,New Zealand,2011,38425.829997974
gdp_pc_current,NZL,New Zealand,2010,33761.9009639947
gdp_pc_current,NZL,New Zealand,2009,28276.7255416225
gdp_pc_current,NZL,New Zealand,2008,31324.7397977102
gdp_pc_current,NZL,New Zealand,2007,32479.9817381467
gdp_pc_current,NZL,New Zealand,2006,26654.5932018985
gdp_pc_current,NZL,New Zealand,2005,27751.0654708859
gdp_pc_current,NZL,New Zealand,2004,25420.234882944
gdp_pc_current,NZL,New Zealand,2003,21913.7081719961
gdp_pc_current,NZL,New Zealand,2002,16874.1874918196
gdp_pc_current,NZL,New Zealand,2001,13882.8568268586
gdp_pc_current,NZL,New Zealand,2000,13641.1027183822
gdp_pc_current,NZL,New Zealand,1999,15322.2238340267
gdp_pc_current,NZL,New Zealand,1998,14738.4455703918
gdp_pc_current,NZL,New Zealand,1997,17474.187029724
gdp_pc_current,NZL,New Zealand,1996,18794.436039393
gdp_pc_current,NZL,New Zealand,1995,17400.4201848172
gdp_pc_current,NZL,New Zealand,1994,15280.3127842922
gdp_pc_current,NZL,New Zealand,1993,13094.3454502639
gdp_pc_current,NZL,New Zealand,1992,11793.1392416214
gdp_pc_current,NZL,New Zealand,1991,12230.0734548834
gdp_pc_current,NZL,New Zealand,1990,13663.0216184298
gdp_pc_current,POL,Poland,2025,28419.5777395638
gdp_pc_current,POL,Poland,2024,25103.565661423
gdp_pc_current,POL,Poland,2023,22145.2660647429
gdp_pc_current,POL,Poland,2022,18891.2121169279
gdp_pc_current,POL,Poland,2021,18635.5104895754
gdp_pc_current,POL,Poland,2020,16150.9304813473
gdp_pc_current,POL,Poland,2019,15874.5220531254
gdp_pc_current,POL,Poland,2018,15658.210586693
gdp_pc_current,POL,Poland,2017,13913.3415190124
gdp_pc_current,POL,Poland,2016,12464.0121044827
gdp_pc_current,POL,Poland,2015,12637.5220324406
gdp_pc_current,POL,Poland,2014,14262.2841914116
gdp_pc_current,POL,Poland,2013,13621.9023794031
gdp_pc_current,POL,Poland,2012,13087.420943321
gdp_pc_current,POL,Poland,2011,13867.6669408192
gdp_pc_current,POL,Poland,2010,12567.7317676382
gdp_pc_current,POL,Poland,2009,11556.3026866026
gdp_pc_current,POL,Poland,2008,14048.5604672654
gdp_pc_current,POL,Poland,2007,11272.5293683383
gdp_pc_current,POL,Poland,2006,9068.85528307627
gdp_pc_current,POL,Poland,2005,8043.92332253757
gdp_pc_current,POL,Poland,2004,6711.72715262967
gdp_pc_current,POL,Poland,2003,5720.81366178104
gdp_pc_current,POL,Poland,2002,5223.45178967082
gdp_pc_current,POL,Poland,2001,5015.23790036613
gdp_pc_current,POL,Poland,2000,4520.64100449111
gdp_pc_current,POL,Poland,1999,4415.50067547826
gdp_pc_current,POL,Poland,1998,4533.5356551781
gdp_pc_current,POL,Poland,1997,4137.00831823145
gdp_pc_current,POL,Poland,1996,4163.51195431959
gdp_pc_current,POL,Poland,1995,3700.95956775144
gdp_pc_current,POL,Poland,1994,2874.83163555069
gdp_pc_current,POL,Poland,1993,2497.13055936127
gdp_pc_current,POL,Poland,1992,2459.02068468253
gdp_pc_current,POL,Poland,1991,2235.54108862522
gdp_pc_current,POL,Poland,1990,1731.2095094382
gdp_pc_current,PRT,Portugal,2025,32081.8106150292
gdp_pc_current,PRT,Portugal,2024,29328.3067415343
gdp_pc_current,PRT,Portugal,2023,27634.6183139773
gdp_pc_current,PRT,Portugal,2022,24620.5197587181
gdp_pc_current,PRT,Portugal,2021,24711.4510062111
gdp_pc_current,PRT,Portugal,2020,22299.4044062173
gdp_pc_current,PRT,Portugal,2019,23343.3628970034
gdp_pc_current,PRT,Portugal,2018,23541.1401075289
gdp_pc_current,PRT,Portugal,2017,21442.3842768879
gdp_pc_current,PRT,Portugal,2016,19980.2808866516
gdp_pc_current,PRT,Portugal,2015,19215.7813014347
gdp_pc_current,PRT,Portugal,2014,22120.6850127107
gdp_pc_current,PRT,Portugal,2013,21676.4859642714
gdp_pc_current,PRT,Portugal,2012,20593.4274224109
gdp_pc_current,PRT,Portugal,2011,23246.5425416481
gdp_pc_current,PRT,Portugal,2010,22551.935098809
gdp_pc_current,PRT,Portugal,2009,23151.2154130712
gdp_pc_current,PRT,Portugal,2008,24949.0413566739
gdp_pc_current,PRT,Portugal,2007,22811.0564844365
gdp_pc_current,PRT,Portugal,2006,19839.4540499032
gdp_pc_current,PRT,Portugal,2005,18780.12751241
gdp_pc_current,PRT,Portugal,2004,18064.1580932987
gdp_pc_current,PRT,Portugal,2003,15797.7821340276
gdp_pc_current,PRT,Portugal,2002,12936.6928204482
gdp_pc_current,PRT,Portugal,2001,11734.7649743954
gdp_pc_current,PRT,Portugal,2000,11526.3720667968
gdp_pc_current,PRT,Portugal,1999,12475.2917701476
gdp_pc_current,PRT,Portugal,1998,12199.206385024
gdp_pc_current,PRT,Portugal,1997,11575.5071124358
gdp_pc_current,PRT,Portugal,1996,12185.0914010629
gdp_pc_current,PRT,Portugal,1995,11781.3618502221
gdp_pc_current,PRT,Portugal,1994,9977.31990905771
gdp_pc_current,PRT,Portugal,1993,9534.6563637308
gdp_pc_current,PRT,Portugal,1992,10810.5665079626
gdp_pc_current,PRT,Portugal,1991,8958.9853330247
gdp_pc_current,PRT,Portugal,1990,7884.61798756332
gdp_pc_current,SGP,Singapore,2025,98813.9788172877
gdp_pc_current,SGP,Singapore,2024,94896.5621495988
gdp_pc_current,SGP,Singapore,2023,86382.5900499252
gdp_pc_current,SGP,Singapore,2022,91227.6970426492
gdp_pc_current,SGP,Singapore,2021,80884.8565369236
gdp_pc_current,SGP,Singapore,2020,61772.5036492256
gdp_pc_current,SGP,Singapore,2019,66068.7003106378
gdp_pc_current,SGP,Singapore,2018,67032.8225769734
gdp_pc_current,SGP,Singapore,2017,61436.1325502558
gdp_pc_current,SGP,Singapore,2016,57204.0340105222
gdp_pc_current,SGP,Singapore,2015,55645.6068614606
gdp_pc_current,SGP,Singapore,2014,57564.8023114977
gdp_pc_current,SGP,Singapore,2013,56967.4257940383
gdp_pc_current,SGP,Singapore,2012,55547.5553077786
gdp_pc_current,SGP,Singapore,2011,53891.4570264372
gdp_pc_current,SGP,Singapore,2010,47236.683084953
gdp_pc_current,SGP,Singapore,2009,38926.8054365453
gdp_pc_current,SGP,Singapore,2008,40008.5720489092
gdp_pc_current,SGP,Singapore,2007,39432.8860198877
gdp_pc_current,SGP,Singapore,2006,33768.4528234651
gdp_pc_current,SGP,Singapore,2005,29961.3172812732
gdp_pc_current,SGP,Singapore,2004,27608.080013423
gdp_pc_current,SGP,Singapore,2003,23730.3840054566
gdp_pc_current,SGP,Singapore,2002,22159.8373710639
gdp_pc_current,SGP,Singapore,2001,21699.7414868907
gdp_pc_current,SGP,Singapore,2000,23852.8389514753
gdp_pc_current,SGP,Singapore,1999,21796.6373891001
gdp_pc_current,SGP,Singapore,1998,21829.2737831583
gdp_pc_current,SGP,Singapore,1997,26375.8653668113
gdp_pc_current,SGP,Singapore,1996,26232.866096827
gdp_pc_current,SGP,Singapore,1995,24914.8507020358
gdp_pc_current,SGP,Singapore,1994,21552.4100366948
gdp_pc_current,SGP,Singapore,1993,18290.130113185
gdp_pc_current,SGP,Singapore,1992,16136.2405377661
gdp_pc_current,SGP,Singapore,1991,14502.3799938606
gdp_pc_current,SGP,Singapore,1990,11861.7561591366
gdp_pc_current,SWE,Sweden,2025,63133.2126736715
gdp_pc_current,SWE,Sweden,2024,57222.7100565003
gdp_pc_current,SWE,Sweden,2023,54950.2834725622
gdp_pc_current,SWE,Sweden,2022,54836.8907235124
gdp_pc_current,SWE,Sweden,2021,60647.5416365347
gdp_pc_current,SWE,Sweden,2020,52568.5726980146
gdp_pc_current,SWE,Sweden,2019,51648.9892820514
gdp_pc_current,SWE,Sweden,2018,54018.4554391861
gdp_pc_current,SWE,Sweden,2017,53210.2233318965
gdp_pc_current,SWE,Sweden,2016,51703.5088332851
gdp_pc_current,SWE,Sweden,2015,51188.1652120493
gdp_pc_current,SWE,Sweden,2014,59583.4584491714
gdp_pc_current,SWE,Sweden,2013,60843.9888799369
gdp_pc_current,SWE,Sweden,2012,57749.5615420853
gdp_pc_current,SWE,Sweden,2011,60379.4814599322
gdp_pc_current,SWE,Sweden,2010,52542.5759090299
gdp_pc_current,SWE,Sweden,2009,46707.6425044751
gdp_pc_current,SWE,Sweden,2008,55817.1759726485
gdp_pc_current,SWE,Sweden,2007,53568.3057787832
gdp_pc_current,SWE,Sweden,2006,46531.3762240485
gdp_pc_current,SWE,Sweden,2005,43378.4077394363
gdp_pc_current,SWE,Sweden,2004,42758.0048564929
gdp_pc_current,SWE,Sweden,2003,37292.2419727801
gdp_pc_current,SWE,Sweden,2002,29957.7776664916
gdp_pc_current,SWE,Sweden,2001,27259.3174300217
gdp_pc_current,SWE,Sweden,2000,29632.5890811623
gdp_pc_current,SWE,Sweden,1999,30968.8710702052
gdp_pc_current,SWE,Sweden,1998,30605.3669074811
gdp_pc_current,SWE,Sweden,1997,30324.1845796306
gdp_pc_current,SWE,Sweden,1996,33022.2444768661
gdp_pc_current,SWE,Sweden,1995,30254.0273028727
gdp_pc_current,SWE,Sweden,1994,26045.5196995275
gdp_pc_current,SWE,Sweden,1993,24389.8738124128
gdp_pc_current,SWE,Sweden,1992,32753.4287003642
gdp_pc_current,SWE,Sweden,1991,31776.6680192213
gdp_pc_current,SWE,Sweden,1990,30549.3185706762
gdp_pc_current,USA,United States,2025,90026.5163005744
gdp_pc_current,USA,United States,2024,86169.6641581917
gdp_pc_current,USA,United States,2023,82586.7847707894
gdp_pc_current,USA,United States,2022,78008.6895811877
gdp_pc_current,USA,United States,2021,71441.2319805947
gdp_pc_current,USA,United States,2020,64465.2971415748
gdp_pc_current,USA,United States,2019,65227.9565911038
gdp_pc_current,USA,United States,2018,62875.6661382728
gdp_pc_current,USA,United States,2017,60047.7190728307
gdp_pc_current,USA,United States,2016,57976.628204291
gdp_pc_current,USA,United States,2015,56849.4697923159
gdp_pc_current,USA,United States,2014,55153.3940182967
gdp_pc_current,USA,United States,2013,53297.3862901595
gdp_pc_current,USA,United States,2012,51708.3940614082
gdp_pc_current,USA,United States,2011,50024.8812320773
gdp_pc_current,USA,United States,2010,48642.6312088213
gdp_pc_current,USA,United States,2009,47194.9500893872
gdp_pc_current,USA,United States,2008,48570.0594269601
gdp_pc_current,USA,United States,2007,48050.227412195
gdp_pc_current,USA,United States,2006,46301.9876485519
gdp_pc_current,USA,United States,2005,44123.3996470026
gdp_pc_current,USA,United States,2004,41724.6411982614
gdp_pc_current,USA,United States,2003,39490.3023903176
gdp_pc_current,USA,United States,2002,37997.7424300242
gdp_pc_current,USA,United States,2001,37133.6203973517
gdp_pc_current,USA,United States,2000,36329.9702595751
gdp_pc_current,USA,United States,1999,34515.3813073394
gdp_pc_current,USA,United States,1998,32853.6725949234
gdp_pc_current,USA,United States,1997,31459.1299691554
gdp_pc_current,USA,United States,1996,29967.7127181749
gdp_pc_current,USA,United States,1995,28690.8757013347
gdp_pc_current,USA,United States,1994,27694.853416234
gdp_pc_current,USA,United States,1993,26387.2937338171
gdp_pc_current,USA,United States,1992,25418.9907763319
gdp_pc_current,USA,United States,1991,24342.2589048189
gdp_pc_current,USA,United States,1990,23888.6000088133
population,ARE,United Arab Emirates,2025,11513149
population,ARE,United Arab Emirates,2024,10986400
population,ARE,United Arab Emirates,2023,10483751
population,ARE,United Arab Emirates,2022,10074977
population,ARE,United Arab Emirates,2021,9575152
population,ARE,United Arab Emirates,2020,9401038
population,ARE,United Arab Emirates,2019,9445785
population,ARE,United Arab Emirates,2018,9346701
population,ARE,United Arab Emirates,2017,9223225
population,ARE,United Arab Emirates,2016,8935095
population,ARE,United Arab Emirates,2015,8505237
population,ARE,United Arab Emirates,2014,8059440
population,ARE,United Arab Emirates,2013,7693031
population,ARE,United Arab Emirates,2012,7391448
population,ARE,United Arab Emirates,2011,7104538
population,ARE,United Arab Emirates,2010,6869838
population,ARE,United Arab Emirates,2009,6707058
population,ARE,United Arab Emirates,2008,6302664
population,ARE,United Arab Emirates,2007,5624635
population,ARE,United Arab Emirates,2006,5009100
population,ARE,United Arab Emirates,2005,4664790
population,ARE,United Arab Emirates,2004,4428967
population,ARE,United Arab Emirates,2003,4192457
population,ARE,United Arab Emirates,2002,3956826
population,ARE,United Arab Emirates,2001,3723590
population,ARE,United Arab Emirates,2000,3493575
population,ARE,United Arab Emirates,1999,3266009
population,ARE,United Arab Emirates,1998,3040421
population,ARE,United Arab Emirates,1997,2817410
population,ARE,United Arab Emirates,1996,2597564
population,ARE,United Arab Emirates,1995,2434662
population,ARE,United Arab Emirates,1994,2328188
population,ARE,United Arab Emirates,1993,2222093
population,ARE,United Arab Emirates,1992,2114730
population,ARE,United Arab Emirates,1991,2006626
population,ARE,United Arab Emirates,1990,1898220
population,AUS,Australia,2025,27614411
population,AUS,Australia,2024,27194286
population,AUS,Australia,2023,26659922
population,AUS,Australia,2022,26018721
population,AUS,Australia,2021,25685412
population,AUS,Australia,2020,25649248
population,AUS,Australia,2019,25334826
population,AUS,Australia,2018,24963258
population,AUS,Australia,2017,24592588
population,AUS,Australia,2016,24190907
population,AUS,Australia,2015,23815995
population,AUS,Australia,2014,23475686
population,AUS,Australia,2013,23128129
population,AUS,Australia,2012,22733465
population,AUS,Australia,2011,22340024
population,AUS,Australia,2010,22031750
population,AUS,Australia,2009,21691653
population,AUS,Australia,2008,21249199
population,AUS,Australia,2007,20827622
population,AUS,Australia,2006,20450966
population,AUS,Australia,2005,20176844
population,AUS,Australia,2004,19932722
population,AUS,Australia,2003,19720737
population,AUS,Australia,2002,19495210
population,AUS,Australia,2001,19274701
population,AUS,Australia,2000,19028802
population,AUS,Australia,1999,18812264
population,AUS,Australia,1998,18607584
population,AUS,Australia,1997,18423037
population,AUS,Australia,1996,18224767
population,AUS,Australia,1995,18004882
population,AUS,Australia,1994,17805468
population,AUS,Australia,1993,17634808
population,AUS,Australia,1992,17478635
population,AUS,Australia,1991,17284036
population,AUS,Australia,1990,17065128
population,AUT,Austria,2025,9208163
population,AUT,Austria,2024,9177982
population,AUT,Austria,2023,9131761
population,AUT,Austria,2022,9041851
population,AUT,Austria,2021,8955797
population,AUT,Austria,2020,8916864
population,AUT,Austria,2019,8879920
population,AUT,Austria,2018,8840521
population,AUT,Austria,2017,8797566
population,AUT,Austria,2016,8736668
population,AUT,Austria,2015,8642699
population,AUT,Austria,2014,8546356
population,AUT,Austria,2013,8479823
population,AUT,Austria,2012,8429991
population,AUT,Austria,2011,8391643
population,AUT,Austria,2010,8363404
population,AUT,Austria,2009,8343323
population,AUT,Austria,2008,8321496
population,AUT,Austria,2007,8295487
population,AUT,Austria,2006,8268641
population,AUT,Austria,2005,8227829
population,AUT,Austria,2004,8171966
population,AUT,Austria,2003,8121423
population,AUT,Austria,2002,8081957
population,AUT,Austria,2001,8042293
population,AUT,Austria,2000,8011566
population,AUT,Austria,1999,7992324
population,AUT,Austria,1998,7976789
population,AUT,Austria,1997,7968041
population,AUT,Austria,1996,7959017
population,AUT,Austria,1995,7948278
population,AUT,Austria,1994,7936118
population,AUT,Austria,1993,7905633
population,AUT,Austria,1992,7840709
population,AUT,Austria,1991,7754891
population,AUT,Austria,1990,7677850
population,CAN,Canada,2025,41651653
population,CAN,Canada,2024,41262329
population,CAN,Canada,2023,40049088
population,CAN,Canada,2022,38950132
population,CAN,Canada,2021,38239864
population,CAN,Canada,2020,38028638
population,CAN,Canada,2019,37618495
population,CAN,Canada,2018,37072620
population,CAN,Canada,2017,36545075
population,CAN,Canada,2016,36110803
population,CAN,Canada,2015,35704498
population,CAN,Canada,2014,35434066
population,CAN,Canada,2013,35080992
population,CAN,Canada,2012,34713395
population,CAN,Canada,2011,34339221
population,CAN,Canada,2010,34005902
population,CAN,Canada,2009,33630069
population,CAN,Canada,2008,33247298
population,CAN,Canada,2007,32888886
population,CAN,Canada,2006,32571193
population,CAN,Canada,2005,32242732
population,CAN,Canada,2004,31938807
population,CAN,Canada,2003,31642461
population,CAN,Canada,2002,31359199
population,CAN,Canada,2001,31020855
population,CAN,Canada,2000,30685730
population,CAN,Canada,1999,30401286
population,CAN,Canada,1998,30155173
population,CAN,Canada,1997,29905948
population,CAN,Canada,1996,29610218
population,CAN,Canada,1995,29302311
population,CAN,Canada,1994,29000663
population,CAN,Canada,1993,28684764
population,CAN,Canada,1992,28371264
population,CAN,Canada,1991,28037420
population,CAN,Canada,1990,27691138
population,CHE,Switzerland,2025,9092436
population,CHE,Switzerland,2024,9005582
population,CHE,Switzerland,2023,8888822
population,CHE,Switzerland,2022,8777088
population,CHE,Switzerland,2021,8704546
population,CHE,Switzerland,2020,8638167
population,CHE,Switzerland,2019,8575280
population,CHE,Switzerland,2018,8514329
population,CHE,Switzerland,2017,8451840
population,CHE,Switzerland,2016,8373338
population,CHE,Switzerland,2015,8282396
population,CHE,Switzerland,2014,8188649
population,CHE,Switzerland,2013,8089346
population,CHE,Switzerland,2012,7996861
population,CHE,Switzerland,2011,7912398
population,CHE,Switzerland,2010,7824909
population,CHE,Switzerland,2009,7743831
population,CHE,Switzerland,2008,7647675
population,CHE,Switzerland,2007,7551117
population,CHE,Switzerland,2006,7483934
population,CHE,Switzerland,2005,7437115
population,CHE,Switzerland,2004,7389625
population,CHE,Switzerland,2003,7339001
population,CHE,Switzerland,2002,7284753
population,CHE,Switzerland,2001,7229854
population,CHE,Switzerland,2000,7184250
population,CHE,Switzerland,1999,7143991
population,CHE,Switzerland,1998,7110001
population,CHE,Switzerland,1997,7088906
population,CHE,Switzerland,1996,7071850
population,CHE,Switzerland,1995,7040687
population,CHE,Switzerland,1994,6993795
population,CHE,Switzerland,1993,6938265
population,CHE,Switzerland,1992,6875364
population,CHE,Switzerland,1991,6799978
population,CHE,Switzerland,1990,6715519
population,DEU,Germany,2025,83491249
population,DEU,Germany,2024,83516593
population,DEU,Germany,2023,83287273
population,DEU,Germany,2022,83177813
population,DEU,Germany,2021,83196078
population,DEU,Germany,2020,83160871
population,DEU,Germany,2019,83092962
population,DEU,Germany,2018,82905782
population,DEU,Germany,2017,82657002
population,DEU,Germany,2016,82348669
population,DEU,Germany,2015,81686611
population,DEU,Germany,2014,80982500
population,DEU,Germany,2013,80645605
population,DEU,Germany,2012,80425823
population,DEU,Germany,2011,80274983
population,DEU,Germany,2010,81776930
population,DEU,Germany,2009,81902307
population,DEU,Germany,2008,82110097
population,DEU,Germany,2007,82266372
population,DEU,Germany,2006,82376451
population,DEU,Germany,2005,82469422
population,DEU,Germany,2004,82516260
population,DEU,Germany,2003,82534176
population,DEU,Germany,2002,82488495
population,DEU,Germany,2001,82349925
population,DEU,Germany,2000,82211508
population,DEU,Germany,1999,82100243
population,DEU,Germany,1998,82047195
population,DEU,Germany,1997,82034771
population,DEU,Germany,1996,81914831
population,DEU,Germany,1995,81678051
population,DEU,Germany,1994,81438348
population,DEU,Germany,1993,81156363
population,DEU,Germany,1992,80624598
population,DEU,Germany,1991,80013896
population,DEU,Germany,1990,79433029
population,DNK,Denmark,2025,6009169
population,DNK,Denmark,2024,5976992
population,DNK,Denmark,2023,5946952
population,DNK,Denmark,2022,5903037
population,DNK,Denmark,2021,5856733
population,DNK,Denmark,2020,5831404
population,DNK,Denmark,2019,5814422
population,DNK,Denmark,2018,5793636
population,DNK,Denmark,2017,5764980
population,DNK,Denmark,2016,5728010
population,DNK,Denmark,2015,5683483
population,DNK,Denmark,2014,5643475
population,DNK,Denmark,2013,5614932
population,DNK,Denmark,2012,5591572
population,DNK,Denmark,2011,5570572
population,DNK,Denmark,2010,5547683
population,DNK,Denmark,2009,5523095
population,DNK,Denmark,2008,5493621
population,DNK,Denmark,2007,5461438
population,DNK,Denmark,2006,5437272
population,DNK,Denmark,2005,5419432
population,DNK,Denmark,2004,5404523
population,DNK,Denmark,2003,5390574
population,DNK,Denmark,2002,5375931
population,DNK,Denmark,2001,5358783
population,DNK,Denmark,2000,5339616
population,DNK,Denmark,1999,5321799
population,DNK,Denmark,1998,5304219
population,DNK,Denmark,1997,5284991
population,DNK,Denmark,1996,5263074
population,DNK,Denmark,1995,5233373
population,DNK,Denmark,1994,5206180
population,DNK,Denmark,1993,5188628
population,DNK,Denmark,1992,5171370
population,DNK,Denmark,1991,5154298
population,DNK,Denmark,1990,5140939
population,ESP,Spain,2025,49355143
population,ESP,Spain,2024,48848840
population,ESP,Spain,2023,48352528
population,ESP,Spain,2022,47786102
population,ESP,Spain,2021,47443821
population,ESP,Spain,2020,47359424
population,ESP,Spain,2019,47118501
population,ESP,Spain,2018,46782011
population,ESP,Spain,2017,46571232
population,ESP,Spain,2016,46458139
population,ESP,Spain,2015,46422303
population,ESP,Spain,2014,46460733
population,ESP,Spain,2013,46604197
population,ESP,Spain,2012,46773055
population,ESP,Spain,2011,46742697
population,ESP,Spain,2010,46576897
population,ESP,Spain,2009,46362946
population,ESP,Spain,2008,45954106
population,ESP,Spain,2007,45226803
population,ESP,Spain,2006,44397319
population,ESP,Spain,2005,43653155
population,ESP,Spain,2004,42921895
population,ESP,Spain,2003,42187645
population,ESP,Spain,2002,41431558
population,ESP,Spain,2001,40850412
population,ESP,Spain,2000,40567864
population,ESP,Spain,1999,40386875
population,ESP,Spain,1998,40223509
population,ESP,Spain,1997,40057389
population,ESP,Spain,1996,39889852
population,ESP,Spain,1995,39724050
population,ESP,Spain,1994,39549108
population,ESP,Spain,1993,39361262
population,ESP,Spain,1992,39157685
population,ESP,Spain,1991,38966376
population,ESP,Spain,1990,38867322
population,EST,Estonia,2025,1366475
population,EST,Estonia,2024,1372341
population,EST,Estonia,2023,1370286
population,EST,Estonia,2022,1348840
population,EST,Estonia,2021,1330932
population,EST,Estonia,2020,1329522
population,EST,Estonia,2019,1326898
population,EST,Estonia,2018,1321977
population,EST,Estonia,2017,1317384
population,EST,Estonia,2016,1315790
population,EST,Estonia,2015,1315407
population,EST,Estonia,2014,1314545
population,EST,Estonia,2013,1317997
population,EST,Estonia,2012,1322696
population,EST,Estonia,2011,1327439
population,EST,Estonia,2010,1331475
population,EST,Estonia,2009,1334515
population,EST,Estonia,2008,1337090
population,EST,Estonia,2007,1340680
population,EST,Estonia,2006,1346810
population,EST,Estonia,2005,1354775
population,EST,Estonia,2004,1362550
population,EST,Estonia,2003,1370720
population,EST,Estonia,2002,1379350
population,EST,Estonia,2001,1388115
population,EST,Estonia,2000,1396985
population,EST,Estonia,1999,1390244
population,EST,Estonia,1998,1386156
population,EST,Estonia,1997,1399535
population,EST,Estonia,1996,1415594
population,EST,Estonia,1995,1436634
population,EST,Estonia,1994,1462514
population,EST,Estonia,1993,1494128
population,EST,Estonia,1992,1533091
population,EST,Estonia,1991,1561314
population,EST,Estonia,1990,1569174
population,FIN,Finland,2025,5646436
population,FIN,Finland,2024,5619911
population,FIN,Finland,2023,5583911
population,FIN,Finland,2022,5556106
population,FIN,Finland,2021,5541017
population,FIN,Finland,2020,5529543
population,FIN,Finland,2019,5521606
population,FIN,Finland,2018,5515525
population,FIN,Finland,2017,5508214
population,FIN,Finland,2016,5495303
population,FIN,Finland,2015,5479531
population,FIN,Finland,2014,5461512
population,FIN,Finland,2013,5438972
population,FIN,Finland,2012,5413971
population,FIN,Finland,2011,5388272
population,FIN,Finland,2010,5363352
population,FIN,Finland,2009,5338871
population,FIN,Finland,2008,5313399
population,FIN,Finland,2007,5288720
population,FIN,Finland,2006,5266268
population,FIN,Finland,2005,5246096
population,FIN,Finland,2004,5228172
population,FIN,Finland,2003,5213014
population,FIN,Finland,2002,5200598
population,FIN,Finland,2001,5188008
population,FIN,Finland,2000,5176209
population,FIN,Finland,1999,5165474
population,FIN,Finland,1998,5153498
population,FIN,Finland,1997,5139835
population,FIN,Finland,1996,5124573
population,FIN,Finland,1995,5107790
population,FIN,Finland,1994,5088333
population,FIN,Finland,1993,5066447
population,FIN,Finland,1992,5041992
population,FIN,Finland,1991,5013740
population,FIN,Finland,1990,4986431
population,FRA,France,2025,68720337
population,FRA,France,2024,68551653
population,FRA,France,2023,68372286
population,FRA,France,2022,68184457
population,FRA,France,2021,67842811
population,FRA,France,2020,67601110
population,FRA,France,2019,67382061
population,FRA,France,2018,67158348
population,FRA,France,2017,66918020
population,FRA,France,2016,66724104
population,FRA,France,2015,66548272
population,FRA,France,2014,66312067
population,FRA,France,2013,65997932
population,FRA,France,2012,65657659
population,FRA,France,2011,65340830
population,FRA,France,2010,65026211
population,FRA,France,2009,64706436
population,FRA,France,2008,64375116
population,FRA,France,2007,64016890
population,FRA,France,2006,63622342
population,FRA,France,2005,63180854
population,FRA,France,2004,62707588
population,FRA,France,2003,62249855
population,FRA,France,2002,61812142
population,FRA,France,2001,61364377
population,FRA,France,2000,60918661
population,FRA,France,1999,60501986
population,FRA,France,1998,60190684
population,FRA,France,1997,59968066
population,FRA,France,1996,59754504
population,FRA,France,1995,59541294
population,FRA,France,1994,59324863
population,FRA,France,1993,59103094
population,FRA,France,1992,58846584
population,FRA,France,1991,58554242
population,FRA,France,1990,58261012
population,GBR,United Kingdom,2025,69487000
population,GBR,United Kingdom,2024,69281000
population,GBR,United Kingdom,2023,68526000
population,GBR,United Kingdom,2022,67636000
population,GBR,United Kingdom,2021,66978000
population,GBR,United Kingdom,2020,66740000
population,GBR,United Kingdom,2019,66628000
population,GBR,United Kingdom,2018,66287000
population,GBR,United Kingdom,2017,65964000
population,GBR,United Kingdom,2016,65606000
population,GBR,United Kingdom,2015,65087000
population,GBR,United Kingdom,2014,64619000
population,GBR,United Kingdom,2013,64138000
population,GBR,United Kingdom,2012,63711000
population,GBR,United Kingdom,2011,63258810
population,GBR,United Kingdom,2010,62766365
population,GBR,United Kingdom,2009,62276270
population,GBR,United Kingdom,2008,61806995
population,GBR,United Kingdom,2007,61322463
population,GBR,United Kingdom,2006,60846820
population,GBR,United Kingdom,2005,60401206
population,GBR,United Kingdom,2004,59987905
population,GBR,United Kingdom,2003,59647577
population,GBR,United Kingdom,2002,59370479
population,GBR,United Kingdom,2001,59119673
population,GBR,United Kingdom,2000,58892514
population,GBR,United Kingdom,1999,58682466
population,GBR,United Kingdom,1998,58487141
population,GBR,United Kingdom,1997,58316954
population,GBR,United Kingdom,1996,58166950
population,GBR,United Kingdom,1995,58019030
population,GBR,United Kingdom,1994,57865745
population,GBR,United Kingdom,1993,57718614
population,GBR,United Kingdom,1992,57580402
population,GBR,United Kingdom,1991,57424897
population,GBR,United Kingdom,1990,57247586
population,ISL,Iceland,2025,392404
population,ISL,Iceland,2024,386506
population,ISL,Iceland,2023,385663
population,ISL,Iceland,2022,382003
population,ISL,Iceland,2021,372520
population,ISL,Iceland,2020,366463
population,ISL,Iceland,2019,360563
population,ISL,Iceland,2018,352721
population,ISL,Iceland,2017,343400
population,ISL,Iceland,2016,335439
population,ISL,Iceland,2015,330815
population,ISL,Iceland,2014,327386
population,ISL,Iceland,2013,323764
population,ISL,Iceland,2012,320716
population,ISL,Iceland,2011,319014
population,ISL,Iceland,2010,318041
population,ISL,Iceland,2009,318499
population,ISL,Iceland,2008,317414
population,ISL,Iceland,2007,311566
population,ISL,Iceland,2006,303782
population,ISL,Iceland,2005,296734
population,ISL,Iceland,2004,292074
population,ISL,Iceland,2003,289521
population,ISL,Iceland,2002,287523
population,ISL,Iceland,2001,284968
population,ISL,Iceland,2000,281205
population,ISL,Iceland,1999,277381
population,ISL,Iceland,1998,274047
population,ISL,Iceland,1997,271128
population,ISL,Iceland,1996,268916
population,ISL,Iceland,1995,267468
population,ISL,Iceland,1994,266021
population,ISL,Iceland,1993,263725
population,ISL,Iceland,1992,261057
population,ISL,Iceland,1991,257797
population,ISL,Iceland,1990,254826
population,ISR,Israel,2025,10122800
population,ISR,Israel,2024,10002200
population,ISR,Israel,2023,9849000
population,ISR,Israel,2022,9557500
population,ISR,Israel,2021,9371400
population,ISR,Israel,2020,9215100
population,ISR,Israel,2019,9054000
population,ISR,Israel,2018,8882800
population,ISR,Israel,2017,8713300
population,ISR,Israel,2016,8546000
population,ISR,Israel,2015,8380100
population,ISR,Israel,2014,8215700
population,ISR,Israel,2013,8059500
population,ISR,Israel,2012,7910500
population,ISR,Israel,2011,7765800
population,ISR,Israel,2010,7623600
population,ISR,Israel,2009,7485600
population,ISR,Israel,2008,7308800
population,ISR,Israel,2007,7180100
population,ISR,Israel,2006,7053700
population,ISR,Israel,2005,6930100
population,ISR,Israel,2004,6809000
population,ISR,Israel,2003,6689700
population,ISR,Israel,2002,6570000
population,ISR,Israel,2001,6439000
population,ISR,Israel,2000,6289000
population,ISR,Israel,1999,6125000
population,ISR,Israel,1998,5971000
population,ISR,Israel,1997,5836000
population,ISR,Israel,1996,5692000
population,ISR,Israel,1995,5545000
population,ISR,Israel,1994,5399000
population,ISR,Israel,1993,5261000
population,ISR,Israel,1992,5123000
population,ISR,Israel,1991,4949000
population,ISR,Israel,1990,4660000
population,ITA,Italy,2025,58915656
population,ITA,Italy,2024,58952704
population,ITA,Italy,2023,58984216
population,ITA,Italy,2022,59013667
population,ITA,Italy,2021,59133173
population,ITA,Italy,2020,59438851
population,ITA,Italy,2019,59729081
population,ITA,Italy,2018,59877221
population,ITA,Italy,2017,60002252
population,ITA,Italy,2016,60115223
population,ITA,Italy,2015,60229605
population,ITA,Italy,2014,60320707
population,ITA,Italy,2013,60311613
population,ITA,Italy,2012,60191247
population,ITA,Italy,2011,60026841
population,ITA,Italy,2010,59819407
population,ITA,Italy,2009,59555454
population,ITA,Italy,2008,59211181
population,ITA,Italy,2007,58756247
population,ITA,Italy,2006,58399861
population,ITA,Italy,2005,58166682
population,ITA,Italy,2004,57828179
population,ITA,Italy,2003,57399184
population,ITA,Italy,2002,57089824
population,ITA,Italy,2001,56976981
population,ITA,Italy,2000,56942108
population,ITA,Italy,1999,56916317
population,ITA,Italy,1998,56906744
population,ITA,Italy,1997,56890372
population,ITA,Italy,1996,56860281
population,ITA,Italy,1995,56844303
population,ITA,Italy,1994,56843400
population,ITA,Italy,1993,56831821
population,ITA,Italy,1992,56797087
population,ITA,Italy,1991,56758521
population,ITA,Italy,1990,56719240
population,JPN,Japan,2025,123366734
population,JPN,Japan,2024,123975371
population,JPN,Japan,2023,124516650
population,JPN,Japan,2022,125124989
population,JPN,Japan,2021,125681593
population,JPN,Japan,2020,126261000
population,JPN,Japan,2019,126633000
population,JPN,Japan,2018,126811000
population,JPN,Japan,2017,126972000
population,JPN,Japan,2016,127076000
population,JPN,Japan,2015,127141000
population,JPN,Japan,2014,127276000
population,JPN,Japan,2013,127445000
population,JPN,Japan,2012,127629000
population,JPN,Japan,2011,127833000
population,JPN,Japan,2010,128070000
population,JPN,Japan,2009,128047000
population,JPN,Japan,2008,128063000
population,JPN,Japan,2007,128001000
population,JPN,Japan,2006,127854000
population,JPN,Japan,2005,127773000
population,JPN,Japan,2004,127761000
population,JPN,Japan,2003,127718000
population,JPN,Japan,2002,127445000
population,JPN,Japan,2001,127149000
population,JPN,Japan,2000,126843000
population,JPN,Japan,1999,126631000
population,JPN,Japan,1998,126400000
population,JPN,Japan,1997,126057000
population,JPN,Japan,1996,125757000
population,JPN,Japan,1995,125472000
population,JPN,Japan,1994,125178000
population,JPN,Japan,1993,124829000
population,JPN,Japan,1992,124425000
population,JPN,Japan,1991,123964000
population,JPN,Japan,1990,123478000
population,KOR,"Korea, Rep.",2025,51684564
population,KOR,"Korea, Rep.",2024,51751065
population,KOR,"Korea, Rep.",2023,51712619
population,KOR,"Korea, Rep.",2022,51672569
population,KOR,"Korea, Rep.",2021,51769539
population,KOR,"Korea, Rep.",2020,51836239
population,KOR,"Korea, Rep.",2019,51764822
population,KOR,"Korea, Rep.",2018,51585058
population,KOR,"Korea, Rep.",2017,51361911
population,KOR,"Korea, Rep.",2016,51217803
population,KOR,"Korea, Rep.",2015,51014947
population,KOR,"Korea, Rep.",2014,50746659
population,KOR,"Korea, Rep.",2013,50428893
population,KOR,"Korea, Rep.",2012,50199853
population,KOR,"Korea, Rep.",2011,49936638
population,KOR,"Korea, Rep.",2010,49554112
population,KOR,"Korea, Rep.",2009,49307835
population,KOR,"Korea, Rep.",2008,49054708
population,KOR,"Korea, Rep.",2007,48683638
population,KOR,"Korea, Rep.",2006,48438292
population,KOR,"Korea, Rep.",2005,48184561
population,KOR,"Korea, Rep.",2004,48082519
population,KOR,"Korea, Rep.",2003,47892330
population,KOR,"Korea, Rep.",2002,47644736
population,KOR,"Korea, Rep.",2001,47370164
population,KOR,"Korea, Rep.",2000,47008111
population,KOR,"Korea, Rep.",1999,46616677
population,KOR,"Korea, Rep.",1998,46286503
population,KOR,"Korea, Rep.",1997,45953580
population,KOR,"Korea, Rep.",1996,45524681
population,KOR,"Korea, Rep.",1995,45092991
population,KOR,"Korea, Rep.",1994,44641540
population,KOR,"Korea, Rep.",1993,44194628
population,KOR,"Korea, Rep.",1992,43747962
population,KOR,"Korea, Rep.",1991,43295704
population,KOR,"Korea, Rep.",1990,42869283
population,LUX,Luxembourg,2025,686970
population,LUX,Luxembourg,2024,677012
population,LUX,Luxembourg,2023,666430
population,LUX,Luxembourg,2022,653103
population,LUX,Luxembourg,2021,640064
population,LUX,Luxembourg,2020,630419
population,LUX,Luxembourg,2019,620001
population,LUX,Luxembourg,2018,607950
population,LUX,Luxembourg,2017,596336
population,LUX,Luxembourg,2016,582014
population,LUX,Luxembourg,2015,569604
population,LUX,Luxembourg,2014,556319
population,LUX,Luxembourg,2013,543360
population,LUX,Luxembourg,2012,530946
population,LUX,Luxembourg,2011,518347
population,LUX,Luxembourg,2010,506953
population,LUX,Luxembourg,2009,497783
population,LUX,Luxembourg,2008,488650
population,LUX,Luxembourg,2007,479993
population,LUX,Luxembourg,2006,472637
population,LUX,Luxembourg,2005,465158
population,LUX,Luxembourg,2004,458095
population,LUX,Luxembourg,2003,451630
population,LUX,Luxembourg,2002,446175
population,LUX,Luxembourg,2001,441525
population,LUX,Luxembourg,2000,436300
population,LUX,Luxembourg,1999,430475
population,LUX,Luxembourg,1998,424700
population,LUX,Luxembourg,1997,419450
population,LUX,Luxembourg,1996,414225
population,LUX,Luxembourg,1995,408625
population,LUX,Luxembourg,1994,402925
population,LUX,Luxembourg,1993,397475
population,LUX,Luxembourg,1992,392175
population,LUX,Luxembourg,1991,387000
population,LUX,Luxembourg,1990,381850
population,NLD,Netherlands,2025,18087633
population,NLD,Netherlands,2024,17993485
population,NLD,Netherlands,2023,17877117
population,NLD,Netherlands,2022,17700982
population,NLD,Netherlands,2021,17533044
population,NLD,Netherlands,2020,17441500
population,NLD,Netherlands,2019,17344874
population,NLD,Netherlands,2018,17231624
population,NLD,Netherlands,2017,17131296
population,NLD,Netherlands,2016,17030314
population,NLD,Netherlands,2015,16939923
population,NLD,Netherlands,2014,16865008
population,NLD,Netherlands,2013,16804432
population,NLD,Netherlands,2012,16754962
population,NLD,Netherlands,2011,16693074
population,NLD,Netherlands,2010,16615394
population,NLD,Netherlands,2009,16530388
population,NLD,Netherlands,2008,16445593
population,NLD,Netherlands,2007,16381696
population,NLD,Netherlands,2006,16346101
population,NLD,Netherlands,2005,16319868
population,NLD,Netherlands,2004,16281779
population,NLD,Netherlands,2003,16225302
population,NLD,Netherlands,2002,16148929
population,NLD,Netherlands,2001,16046180
population,NLD,Netherlands,2000,15925513
population,NLD,Netherlands,1999,15812088
population,NLD,Netherlands,1998,15707209
population,NLD,Netherlands,1997,15610650
population,NLD,Netherlands,1996,15530498
population,NLD,Netherlands,1995,15459006
population,NLD,Netherlands,1994,15382838
population,NLD,Netherlands,1993,15290368
population,NLD,Netherlands,1992,15184166
population,NLD,Netherlands,1991,15069798
population,NLD,Netherlands,1990,14951510
population,NOR,Norway,2025,5610870
population,NOR,Norway,2024,5572279
population,NOR,Norway,2023,5519601
population,NOR,Norway,2022,5457127
population,NOR,Norway,2021,5408320
population,NOR,Norway,2020,5379475
population,NOR,Norway,2019,5347896
population,NOR,Norway,2018,5311916
population,NOR,Norway,2017,5276968
population,NOR,Norway,2016,5234519
population,NOR,Norway,2015,5188607
population,NOR,Norway,2014,5137232
population,NOR,Norway,2013,5079623
population,NOR,Norway,2012,5018573
population,NOR,Norway,2011,4953088
population,NOR,Norway,2010,4889252
population,NOR,Norway,2009,4828726
population,NOR,Norway,2008,4768212
population,NOR,Norway,2007,4709153
population,NOR,Norway,2006,4660677
population,NOR,Norway,2005,4623291
population,NOR,Norway,2004,4591910
population,NOR,Norway,2003,4564855
population,NOR,Norway,2002,4538159
population,NOR,Norway,2001,4513751
population,NOR,Norway,2000,4490967
population,NOR,Norway,1999,4461913
population,NOR,Norway,1998,4431464
population,NOR,Norway,1997,4405157
population,NOR,Norway,1996,4381336
population,NOR,Norway,1995,4359184
population,NOR,Norway,1994,4336613
population,NOR,Norway,1993,4311991
population,NOR,Norway,1992,4286401
population,NOR,Norway,1991,4261732
population,NOR,Norway,1990,4241473
population,NZL,New Zealand,2025,5324700
population,NZL,New Zealand,2024,5290000
population,NZL,New Zealand,2023,5200000
population,NZL,New Zealand,2022,5081700
population,NZL,New Zealand,2021,5084600
population,NZL,New Zealand,2020,5072400
population,NZL,New Zealand,2019,4970300
population,NZL,New Zealand,2018,4900600
population,NZL,New Zealand,2017,4813600
population,NZL,New Zealand,2016,4714100
population,NZL,New Zealand,2015,4609400
population,NZL,New Zealand,2014,4516500
population,NZL,New Zealand,2013,4442100
population,NZL,New Zealand,2012,4408100
population,NZL,New Zealand,2011,4384000
population,NZL,New Zealand,2010,4350700
population,NZL,New Zealand,2009,4302600
population,NZL,New Zealand,2008,4259800
population,NZL,New Zealand,2007,4223800
population,NZL,New Zealand,2006,4184600
population,NZL,New Zealand,2005,4133900
population,NZL,New Zealand,2004,4087500
population,NZL,New Zealand,2003,4027200
population,NZL,New Zealand,2002,3948500
population,NZL,New Zealand,2001,3880500
population,NZL,New Zealand,2000,3857700
population,NZL,New Zealand,1999,3835100
population,NZL,New Zealand,1998,3815000
population,NZL,New Zealand,1997,3781300
population,NZL,New Zealand,1996,3732000
population,NZL,New Zealand,1995,3673400
population,NZL,New Zealand,1994,3620000
population,NZL,New Zealand,1993,3572200
population,NZL,New Zealand,1992,3531700
population,NZL,New Zealand,1991,3495100
population,NZL,New Zealand,1990,3329800
population,POL,Poland,2025,36435861
population,POL,Poland,2024,36559233
population,POL,Poland,2023,36687353
population,POL,Poland,2022,36821749
population,POL,Poland,2021,36981559
population,POL,Poland,2020,37515748
population,POL,Poland,2019,37965475
population,POL,Poland,2018,37974750
population,POL,Poland,2017,37974826
population,POL,Poland,2016,37970087
population,POL,Poland,2015,37986412
population,POL,Poland,2014,38011735
population,POL,Poland,2013,38040196
population,POL,Poland,2012,38063164
population,POL,Poland,2011,38063255
population,POL,Poland,2010,38042794
population,POL,Poland,2009,38151603
population,POL,Poland,2008,38125759
population,POL,Poland,2007,38120560
population,POL,Poland,2006,38141267
population,POL,Poland,2005,38165445
population,POL,Poland,2004,38182222
population,POL,Poland,2003,38204570
population,POL,Poland,2002,38230364
population,POL,Poland,2001,38248076
population,POL,Poland,2000,38258629
population,POL,Poland,1999,38660271
population,POL,Poland,1998,38663481
population,POL,Poland,1997,38649660
population,POL,Poland,1996,38624370
population,POL,Poland,1995,38594998
population,POL,Poland,1994,38542652
population,POL,Poland,1993,38461408
population,POL,Poland,1992,38363667
population,POL,Poland,1991,38246193
population,POL,Poland,1990,38110782
population,PRT,Portugal,2025,10804871
population,PRT,Portugal,2024,10694681
population,PRT,Portugal,2023,10578174
population,PRT,Portugal,2022,10434332
population,PRT,Portugal,2021,10361831
population,PRT,Portugal,2020,10297081
population,PRT,Portugal,2019,10286263
population,PRT,Portugal,2018,10283822
population,PRT,Portugal,2017,10300300
population,PRT,Portugal,2016,10325452
population,PRT,Portugal,2015,10358076
population,PRT,Portugal,2014,10401062
population,PRT,Portugal,2013,10457295
population,PRT,Portugal,2012,10514844
population,PRT,Portugal,2011,10557560
population,PRT,Portugal,2010,10573100
population,PRT,Portugal,2009,10568247
population,PRT,Portugal,2008,10558177
population,PRT,Portugal,2007,10542964
population,PRT,Portugal,2006,10522288
population,PRT,Portugal,2005,10503330
population,PRT,Portugal,2004,10483861
population,PRT,Portugal,2003,10458821
population,PRT,Portugal,2002,10419631
population,PRT,Portugal,2001,10362722
population,PRT,Portugal,2000,10289898
population,PRT,Portugal,1999,10217828
population,PRT,Portugal,1998,10160196
population,PRT,Portugal,1997,10108977
population,PRT,Portugal,1996,10063945
population,PRT,Portugal,1995,10026176
population,PRT,Portugal,1994,9991525
population,PRT,Portugal,1993,9964675
population,PRT,Portugal,1992,9952494
population,PRT,Portugal,1991,9960235
population,PRT,Portugal,1990,9983218
population,SGP,Singapore,2025,6111175
population,SGP,Singapore,2024,6036860
population,SGP,Singapore,2023,5917648
population,SGP,Singapore,2022,5637022
population,SGP,Singapore,2021,5453566
population,SGP,Singapore,2020,5685807
population,SGP,Singapore,2019,5703569
population,SGP,Singapore,2018,5638676
population,SGP,Singapore,2017,5612253
population,SGP,Singapore,2016,5607283
population,SGP,Singapore,2015,5535002
population,SGP,Singapore,2014,5469724
population,SGP,Singapore,2013,5399162
population,SGP,Singapore,2012,5312437
population,SGP,Singapore,2011,5183688
population,SGP,Singapore,2010,5076732
population,SGP,Singapore,2009,4987573
population,SGP,Singapore,2008,4839396
population,SGP,Singapore,2007,4588599
population,SGP,Singapore,2006,4401365
population,SGP,Singapore,2005,4265762
population,SGP,Singapore,2004,4166664
population,SGP,Singapore,2003,4114826
population,SGP,Singapore,2002,4175950
population,SGP,Singapore,2001,4138012
population,SGP,Singapore,2000,4027887
population,SGP,Singapore,1999,3958723
population,SGP,Singapore,1998,3927213
population,SGP,Singapore,1997,3796038
population,SGP,Singapore,1996,3670704
population,SGP,Singapore,1995,3524506
population,SGP,Singapore,1994,3419048
population,SGP,Singapore,1993,3313471
population,SGP,Singapore,1992,3230698
population,SGP,Singapore,1991,3135083
population,SGP,Singapore,1990,3047132
population,SWE,Sweden,2025,10596620
population,SWE,Sweden,2024,10569709
population,SWE,Sweden,2023,10536632
population,SWE,Sweden,2022,10486941
population,SWE,Sweden,2021,10415811
population,SWE,Sweden,2020,10353442
population,SWE,Sweden,2019,10278887
population,SWE,Sweden,2018,10175214
population,SWE,Sweden,2017,10057698
population,SWE,Sweden,2016,9923085
population,SWE,Sweden,2015,9799186
population,SWE,Sweden,2014,9696110
population,SWE,Sweden,2013,9600379
population,SWE,Sweden,2012,9519374
population,SWE,Sweden,2011,9449213
population,SWE,Sweden,2010,9378126
population,SWE,Sweden,2009,9298515
population,SWE,Sweden,2008,9219637
population,SWE,Sweden,2007,9148092
population,SWE,Sweden,2006,9080505
population,SWE,Sweden,2005,9029572
population,SWE,Sweden,2004,8993531
population,SWE,Sweden,2003,8958229
population,SWE,Sweden,2002,8924958
population,SWE,Sweden,2001,8895960
population,SWE,Sweden,2000,8872109
population,SWE,Sweden,1999,8857874
population,SWE,Sweden,1998,8850974
population,SWE,Sweden,1997,8846062
population,SWE,Sweden,1996,8840998
population,SWE,Sweden,1995,8826939
population,SWE,Sweden,1994,8780745
population,SWE,Sweden,1993,8718561
population,SWE,Sweden,1992,8668067
population,SWE,Sweden,1991,8617375
population,SWE,Sweden,1990,8558835
population,USA,United States,2025,341784857
population,USA,United States,2024,340003797
population,USA,United States,2023,336755052
population,USA,United States,2022,333996304
population,USA,United States,2021,332100166
population,USA,United States,2020,331578104
population,USA,United States,2019,330226227
population,USA,United States,2018,328529577
population,USA,United States,2017,326608609
population,USA,United States,2016,324353340
population,USA,United States,2015,321815121
population,USA,United States,2014,319257560
population,USA,United States,2013,316726282
population,USA,United States,2012,314339099
population,USA,United States,2011,311839461
population,USA,United States,2010,309378227
population,USA,United States,2009,306771529
population,USA,United States,2008,304093966
population,USA,United States,2007,301231207
population,USA,United States,2006,298379912
population,USA,United States,2005,295516599
population,USA,United States,2004,292805298
population,USA,United States,2003,290107933
population,USA,United States,2002,287625193
population,USA,United States,2001,284968955
population,USA,United States,2000,282162411
population,USA,United States,1999,279040000
population,USA,United States,1998,275854000
population,USA,United States,1997,272657000
population,USA,United States,1996,269394000
population,USA,United States,1995,266278000
population,USA,United States,1994,263126000
population,USA,United States,1993,259919000
population,USA,United States,1992,256514000
population,USA,United States,1991,252981000
population,USA,United States,1990,249623000
gdp_ppp_intdollar,ARE,United Arab Emirates,2024,871702497011.261
gdp_ppp_intdollar,ARE,United Arab Emirates,2023,817937250430.128
gdp_ppp_intdollar,ARE,United Arab Emirates,2022,756225458497.196
gdp_ppp_intdollar,ARE,United Arab Emirates,2021,656665181293.844
gdp_ppp_intdollar,ARE,United Arab Emirates,2020,627901561733.231
gdp_ppp_intdollar,ARE,United Arab Emirates,2019,753927637632.337
gdp_ppp_intdollar,ARE,United Arab Emirates,2018,723866553517.518
gdp_ppp_intdollar,ARE,United Arab Emirates,2017,648225748926.389
gdp_ppp_intdollar,ARE,United Arab Emirates,2016,625340547078.451
gdp_ppp_intdollar,ARE,United Arab Emirates,2015,629269158546.742
gdp_ppp_intdollar,ARE,United Arab Emirates,2014,705021482663.739
gdp_ppp_intdollar,ARE,United Arab Emirates,2013,673342569890.033
gdp_ppp_intdollar,ARE,United Arab Emirates,2012,659302624635.849
gdp_ppp_intdollar,ARE,United Arab Emirates,2011,637031065631.766
gdp_ppp_intdollar,ARE,United Arab Emirates,2010,584761553248.816
gdp_ppp_intdollar,ARE,United Arab Emirates,2009,568626127582.665
gdp_ppp_intdollar,ARE,United Arab Emirates,2008,596409747571.208
gdp_ppp_intdollar,ARE,United Arab Emirates,2007,567037117097.466
gdp_ppp_intdollar,ARE,United Arab Emirates,2006,535041904064.456
gdp_ppp_intdollar,ARE,United Arab Emirates,2005,472549661102.503
gdp_ppp_intdollar,ARE,United Arab Emirates,2004,436968125581.363
gdp_ppp_intdollar,ARE,United Arab Emirates,2003,388371695241.351
gdp_ppp_intdollar,ARE,United Arab Emirates,2002,350046365181.872
gdp_ppp_intdollar,ARE,United Arab Emirates,2001,336501558167.355
gdp_ppp_intdollar,ARE,United Arab Emirates,2000,324551222198.169
gdp_ppp_intdollar,ARE,United Arab Emirates,1999,286291584042.11
gdp_ppp_intdollar,ARE,United Arab Emirates,1998,274335446042.97
gdp_ppp_intdollar,ARE,United Arab Emirates,1997,270496088551.107
gdp_ppp_intdollar,ARE,United Arab Emirates,1996,245780527894.876
gdp_ppp_intdollar,ARE,United Arab Emirates,1995,228133334821.153
gdp_ppp_intdollar,ARE,United Arab Emirates,1994,209441560681.324
gdp_ppp_intdollar,ARE,United Arab Emirates,1993,191834037038.03
gdp_ppp_intdollar,ARE,United Arab Emirates,1992,185058463956.831
gdp_ppp_intdollar,ARE,United Arab Emirates,1991,175078350012.523
gdp_ppp_intdollar,ARE,United Arab Emirates,1990,167907035886.214
gdp_ppp_intdollar,AUS,Australia,2025,1986426180337.58
gdp_ppp_intdollar,AUS,Australia,2024,1961194326932.44
gdp_ppp_intdollar,AUS,Australia,2023,1926784790365.08
gdp_ppp_intdollar,AUS,Australia,2022,1719920190001.38
gdp_ppp_intdollar,AUS,Australia,2021,1498163677059.36
gdp_ppp_intdollar,AUS,Australia,2020,1389782994669.37
gdp_ppp_intdollar,AUS,Australia,2019,1339853335919.13
gdp_ppp_intdollar,AUS,Australia,2018,1257430105896.14
gdp_ppp_intdollar,AUS,Australia,2017,1194334822507.21
gdp_ppp_intdollar,AUS,Australia,2016,1147766860944.62
gdp_ppp_intdollar,AUS,Australia,2015,1106600366019.74
gdp_ppp_intdollar,AUS,Australia,2014,1105906481907.95
gdp_ppp_intdollar,AUS,Australia,2013,1066749681955.16
gdp_ppp_intdollar,AUS,Australia,2012,977704262344.046
gdp_ppp_intdollar,AUS,Australia,2011,941694925125.012
gdp_ppp_intdollar,AUS,Australia,2010,870350207285.626
gdp_ppp_intdollar,AUS,Australia,2009,877090906570.653
gdp_ppp_intdollar,AUS,Australia,2008,799310108426.021
gdp_ppp_intdollar,AUS,Australia,2007,764543805901.331
gdp_ppp_intdollar,AUS,Australia,2006,713538801396.708
gdp_ppp_intdollar,AUS,Australia,2005,667645762326.089
gdp_ppp_intdollar,AUS,Australia,2004,634149683390.803
gdp_ppp_intdollar,AUS,Australia,2003,594920232985.354
gdp_ppp_intdollar,AUS,Australia,2002,566921563199.126
gdp_ppp_intdollar,AUS,Australia,2001,533673271158.645
gdp_ppp_intdollar,AUS,Australia,2000,505877260697.377
gdp_ppp_intdollar,AUS,Australia,1999,480293766143.645
gdp_ppp_intdollar,AUS,Australia,1998,453770601195.903
gdp_ppp_intdollar,AUS,Australia,1997,426343322558.765
gdp_ppp_intdollar,AUS,Australia,1996,403384154791.237
gdp_ppp_intdollar,AUS,Australia,1995,378995834548.066
gdp_ppp_intdollar,AUS,Australia,1994,359200986391.002
gdp_ppp_intdollar,AUS,Australia,1993,338947046000.544
gdp_ppp_intdollar,AUS,Australia,1992,319137562500.518
gdp_ppp_intdollar,AUS,Australia,1991,308330911527.991
gdp_ppp_intdollar,AUS,Australia,1990,296685757962.007
gdp_ppp_intdollar,AUT,Austria,2025,706980122891.209
gdp_ppp_intdollar,AUT,Austria,2024,695456204579.909
gdp_ppp_intdollar,AUT,Austria,2023,678135494455.28
gdp_ppp_intdollar,AUT,Austria,2022,653604985280.941
gdp_ppp_intdollar,AUT,Austria,2021,563936272645.242
gdp_ppp_intdollar,AUT,Austria,2020,521841933098.152
gdp_ppp_intdollar,AUT,Austria,2019,535946931732.608
gdp_ppp_intdollar,AUT,Austria,2018,500696126093.052
gdp_ppp_intdollar,AUT,Austria,2017,473923403470.153
gdp_ppp_intdollar,AUT,Austria,2016,457782737463.172
gdp_ppp_intdollar,AUT,Austria,2015,428239825841.592
gdp_ppp_intdollar,AUT,Austria,2014,413263298435.022
gdp_ppp_intdollar,AUT,Austria,2013,402959936317.639
gdp_ppp_intdollar,AUT,Austria,2012,389098738029.221
gdp_ppp_intdollar,AUT,Austria,2011,370671977954.567
gdp_ppp_intdollar,AUT,Austria,2010,349050492029.011
gdp_ppp_intdollar,AUT,Austria,2009,339462059937.129
gdp_ppp_intdollar,AUT,Austria,2008,341570699090.85
gdp_ppp_intdollar,AUT,Austria,2007,325119816177.868
gdp_ppp_intdollar,AUT,Austria,2006,309148607379.8
gdp_ppp_intdollar,AUT,Austria,2005,286136493567.015
gdp_ppp_intdollar,AUT,Austria,2004,273912173141.677
gdp_ppp_intdollar,AUT,Austria,2003,259551414495.312
gdp_ppp_intdollar,AUT,Austria,2002,250154113650.079
gdp_ppp_intdollar,AUT,Austria,2001,237675761705.927
gdp_ppp_intdollar,AUT,Austria,2000,234105852348.313
gdp_ppp_intdollar,AUT,Austria,1999,219789588984.161
gdp_ppp_intdollar,AUT,Austria,1998,211631673691.272
gdp_ppp_intdollar,AUT,Austria,1997,201596567961.196
gdp_ppp_intdollar,AUT,Austria,1996,194413030697.316
gdp_ppp_intdollar,AUT,Austria,1995,187611378026.528
gdp_ppp_intdollar,AUT,Austria,1994,178983328210.697
gdp_ppp_intdollar,AUT,Austria,1993,171130733844.562
gdp_ppp_intdollar,AUT,Austria,1992,166292336559.966
gdp_ppp_intdollar,AUT,Austria,1991,159253082350.696
gdp_ppp_intdollar,AUT,Austria,1990,148918502923.265
gdp_ppp_intdollar,CAN,Canada,2025,2780073936107.75
gdp_ppp_intdollar,CAN,Canada,2024,2701978839989.15
gdp_ppp_intdollar,CAN,Canada,2023,2601676541838.53
gdp_ppp_intdollar,CAN,Canada,2022,2501262353907.96
gdp_ppp_intdollar,CAN,Canada,2021,2179484689194.25
gdp_ppp_intdollar,CAN,Canada,2020,1847839998535.39
gdp_ppp_intdollar,CAN,Canada,2019,1899699472845.81
gdp_ppp_intdollar,CAN,Canada,2018,1852987590798.03
gdp_ppp_intdollar,CAN,Canada,2017,1765766672385.8
gdp_ppp_intdollar,CAN,Canada,2016,1678094023006.6
gdp_ppp_intdollar,CAN,Canada,2015,1594853378331.82
gdp_ppp_intdollar,CAN,Canada,2014,1621397186835.05
gdp_ppp_intdollar,CAN,Canada,2013,1554113562091.5
gdp_ppp_intdollar,CAN,Canada,2012,1468092337581.26
gdp_ppp_intdollar,CAN,Canada,2011,1430813998503.11
gdp_ppp_intdollar,CAN,Canada,2010,1363747388824.5
gdp_ppp_intdollar,CAN,Canada,2009,1306976225786.41
gdp_ppp_intdollar,CAN,Canada,2008,1342399079707.39
gdp_ppp_intdollar,CAN,Canada,2007,1301509598020.75
gdp_ppp_intdollar,CAN,Canada,2006,1241725035718.37
gdp_ppp_intdollar,CAN,Canada,2005,1171336075488.36
gdp_ppp_intdollar,CAN,Canada,2004,1083661973887.78
gdp_ppp_intdollar,CAN,Canada,2003,1023631541463.09
gdp_ppp_intdollar,CAN,Canada,2002,971005415131.62
gdp_ppp_intdollar,CAN,Canada,2001,938102688981.544
gdp_ppp_intdollar,CAN,Canada,2000,900558298058.048
gdp_ppp_intdollar,CAN,Canada,1999,846415465103.585
gdp_ppp_intdollar,CAN,Canada,1998,793792715800.774
gdp_ppp_intdollar,CAN,Canada,1997,755540781803.625
gdp_ppp_intdollar,CAN,Canada,1996,712271325047.301
gdp_ppp_intdollar,CAN,Canada,1995,687848319876.131
gdp_ppp_intdollar,CAN,Canada,1994,656123037360.569
gdp_ppp_intdollar,CAN,Canada,1993,614777970806.488
gdp_ppp_intdollar,CAN,Canada,1992,584995582625.264
gdp_ppp_intdollar,CAN,Canada,1991,566913377990.183
gdp_ppp_intdollar,CAN,Canada,1990,560079852535.334
gdp_ppp_intdollar,CHE,Switzerland,2025,932096048760.891
gdp_ppp_intdollar,CHE,Switzerland,2024,877753767387.646
gdp_ppp_intdollar,CHE,Switzerland,2023,835013969788.183
gdp_ppp_intdollar,CHE,Switzerland,2022,830573401100.201
gdp_ppp_intdollar,CHE,Switzerland,2021,727047059179.797
gdp_ppp_intdollar,CHE,Switzerland,2020,642547142297.224
gdp_ppp_intdollar,CHE,Switzerland,2019,645435667735.924
gdp_ppp_intdollar,CHE,Switzerland,2018,614474626463.059
gdp_ppp_intdollar,CHE,Switzerland,2017,585861259246.661
gdp_ppp_intdollar,CHE,Switzerland,2016,572732784842.142
gdp_ppp_intdollar,CHE,Switzerland,2015,550106794576.254
gdp_ppp_intdollar,CHE,Switzerland,2014,529757067815.295
gdp_ppp_intdollar,CHE,Switzerland,2013,507597804761.531
gdp_ppp_intdollar,CHE,Switzerland,2012,483278307209.661
gdp_ppp_intdollar,CHE,Switzerland,2011,462120345073.839
gdp_ppp_intdollar,CHE,Switzerland,2010,433857381355.724
gdp_ppp_intdollar,CHE,Switzerland,2009,417193305920.325
gdp_ppp_intdollar,CHE,Switzerland,2008,416906506752.29
gdp_ppp_intdollar,CHE,Switzerland,2007,391042217440.579
gdp_ppp_intdollar,CHE,Switzerland,2006,351600728770.16
gdp_ppp_intdollar,CHE,Switzerland,2005,313421946484.772
gdp_ppp_intdollar,CHE,Switzerland,2004,300638479617.061
gdp_ppp_intdollar,CHE,Switzerland,2003,287817697419.59
gdp_ppp_intdollar,CHE,Switzerland,2002,286176303691.746
gdp_ppp_intdollar,CHE,Switzerland,2001,276867828664.253
gdp_ppp_intdollar,CHE,Switzerland,2000,266565156038.599
gdp_ppp_intdollar,CHE,Switzerland,1999,251565370893.415
gdp_ppp_intdollar,CHE,Switzerland,1998,243463753596.243
gdp_ppp_intdollar,CHE,Switzerland,1997,235216900791.309
gdp_ppp_intdollar,CHE,Switzerland,1996,226198629821.232
gdp_ppp_intdollar,CHE,Switzerland,1995,220274021870.571
gdp_ppp_intdollar,CHE,Switzerland,1994,214717403018.347
gdp_ppp_intdollar,CHE,Switzerland,1993,207592236840.031
gdp_ppp_intdollar,CHE,Switzerland,1992,203041305783.948
gdp_ppp_intdollar,CHE,Switzerland,1991,198604106994.352
gdp_ppp_intdollar,CHE,Switzerland,1990,193883181827.353
gdp_ppp_intdollar,DEU,Germany,2025,6295798631798.23
gdp_ppp_intdollar,DEU,Germany,2024,6176636770148.76
gdp_ppp_intdollar,DEU,Germany,2023,6018523537416.52
gdp_ppp_intdollar,DEU,Germany,2022,5794969081509.46
gdp_ppp_intdollar,DEU,Germany,2021,5210634826523.96
gdp_ppp_intdollar,DEU,Germany,2020,4881924519973.52
gdp_ppp_intdollar,DEU,Germany,2019,4928324126256.54
gdp_ppp_intdollar,DEU,Germany,2018,4669303608140.89
gdp_ppp_intdollar,DEU,Germany,2017,4475276691331.57
gdp_ppp_intdollar,DEU,Germany,2016,4245516922488.2
gdp_ppp_intdollar,DEU,Germany,2015,3967282765427.53
gdp_ppp_intdollar,DEU,Germany,2014,3881293265898.25
gdp_ppp_intdollar,DEU,Germany,2013,3699715017346.77
gdp_ppp_intdollar,DEU,Germany,2012,3555788152623.2
gdp_ppp_intdollar,DEU,Germany,2011,3482660297005.73
gdp_ppp_intdollar,DEU,Germany,2010,3247684935096.22
gdp_ppp_intdollar,DEU,Germany,2009,3076286406449.67
gdp_ppp_intdollar,DEU,Germany,2008,3156115119313.6
gdp_ppp_intdollar,DEU,Germany,2007,3036781051743.85
gdp_ppp_intdollar,DEU,Germany,2006,2861867908526.11
gdp_ppp_intdollar,DEU,Germany,2005,2664895195600.89
gdp_ppp_intdollar,DEU,Germany,2004,2620153001468.31
gdp_ppp_intdollar,DEU,Germany,2003,2500901226672.74
gdp_ppp_intdollar,DEU,Germany,2002,2434539237038.42
gdp_ppp_intdollar,DEU,Germany,2001,2361315607485.98
gdp_ppp_intdollar,DEU,Germany,2000,2258651592444.51
gdp_ppp_intdollar,DEU,Germany,1999,2177128848707.55
gdp_ppp_intdollar,DEU,Germany,1998,2087761317297.27
gdp_ppp_intdollar,DEU,Germany,1997,2022112713988.2
gdp_ppp_intdollar,DEU,Germany,1996,1979805279864
gdp_ppp_intdollar,DEU,Germany,1995,1930097422717.07
gdp_ppp_intdollar,DEU,Germany,1994,1862430881564.67
gdp_ppp_intdollar,DEU,Germany,1993,1777340411652.32
gdp_ppp_intdollar,DEU,Germany,1992,1753247818552.81
gdp_ppp_intdollar,DEU,Germany,1991,1680347469517.76
gdp_ppp_intdollar,DEU,Germany,1990,1546387515961.92
gdp_ppp_intdollar,DNK,Denmark,2025,500071455651.622
gdp_ppp_intdollar,DNK,Denmark,2024,483764583912.86
gdp_ppp_intdollar,DNK,Denmark,2023,460445058423.324
gdp_ppp_intdollar,DNK,Denmark,2022,463707887262.401
gdp_ppp_intdollar,DNK,Denmark,2021,406035574978.675
gdp_ppp_intdollar,DNK,Denmark,2020,365525756328.655
gdp_ppp_intdollar,DNK,Denmark,2019,352324705726.531
gdp_ppp_intdollar,DNK,Denmark,2018,331590779599.814
gdp_ppp_intdollar,DNK,Denmark,2017,318639654733.581
gdp_ppp_intdollar,DNK,Denmark,2016,296830932013.306
gdp_ppp_intdollar,DNK,Denmark,2015,277906461655.467
gdp_ppp_intdollar,DNK,Denmark,2014,270207300529.4
gdp_ppp_intdollar,DNK,Denmark,2013,263167333211.328
gdp_ppp_intdollar,DNK,Denmark,2012,250251713083.953
gdp_ppp_intdollar,DNK,Denmark,2011,247576922067.284
gdp_ppp_intdollar,DNK,Denmark,2010,238758955885.134
gdp_ppp_intdollar,DNK,Denmark,2009,223819626924.37
gdp_ppp_intdollar,DNK,Denmark,2008,227806103577.384
gdp_ppp_intdollar,DNK,Denmark,2007,213597362493.228
gdp_ppp_intdollar,DNK,Denmark,2006,203312220757.082
gdp_ppp_intdollar,DNK,Denmark,2005,185552256869.12
gdp_ppp_intdollar,DNK,Denmark,2004,178433307921.784
gdp_ppp_intdollar,DNK,Denmark,2003,166375281667.993
gdp_ppp_intdollar,DNK,Denmark,2002,164861508226.377
gdp_ppp_intdollar,DNK,Denmark,2001,157864325238.972
gdp_ppp_intdollar,DNK,Denmark,2000,152968402265.577
gdp_ppp_intdollar,DNK,Denmark,1999,141784548049.729
gdp_ppp_intdollar,DNK,Denmark,1998,136842656416.169
gdp_ppp_intdollar,DNK,Denmark,1997,131527940183.127
gdp_ppp_intdollar,DNK,Denmark,1996,124854747066.08
gdp_ppp_intdollar,DNK,Denmark,1995,118674693327.726
gdp_ppp_intdollar,DNK,Denmark,1994,112810346811.071
gdp_ppp_intdollar,DNK,Denmark,1993,104897949846.963
gdp_ppp_intdollar,DNK,Denmark,1992,102550014732.968
gdp_ppp_intdollar,DNK,Denmark,1991,98277148392.4382
gdp_ppp_intdollar,DNK,Denmark,1990,93696062489.2858
gdp_ppp_intdollar,ESP,Spain,2025,2954778621729.59
gdp_ppp_intdollar,ESP,Spain,2024,2836346104923.08
gdp_ppp_intdollar,ESP,Spain,2023,2691365412053.06
gdp_ppp_intdollar,ESP,Spain,2022,2460149125630.3
gdp_ppp_intdollar,ESP,Spain,2021,2099468112223.22
gdp_ppp_intdollar,ESP,Spain,2020,1862544224980.41
gdp_ppp_intdollar,ESP,Spain,2019,2075228716950.46
gdp_ppp_intdollar,ESP,Spain,2018,1918771506082.64
gdp_ppp_intdollar,ESP,Spain,2017,1854710948435.34
gdp_ppp_intdollar,ESP,Spain,2016,1747416921343.7
gdp_ppp_intdollar,ESP,Spain,2015,1635394289496.65
gdp_ppp_intdollar,ESP,Spain,2014,1568558742313.46
gdp_ppp_intdollar,ESP,Spain,2013,1519934795494.96
gdp_ppp_intdollar,ESP,Spain,2012,1490647159038.59
gdp_ppp_intdollar,ESP,Spain,2011,1496494330856.19
gdp_ppp_intdollar,ESP,Spain,2010,1481363055625.47
gdp_ppp_intdollar,ESP,Spain,2009,1493734747545.34
gdp_ppp_intdollar,ESP,Spain,2008,1532566796443.4
gdp_ppp_intdollar,ESP,Spain,2007,1471507777186.01
gdp_ppp_intdollar,ESP,Spain,2006,1365161602316.89
gdp_ppp_intdollar,ESP,Spain,2005,1206123912941.78
gdp_ppp_intdollar,ESP,Spain,2004,1122827608175.71
gdp_ppp_intdollar,ESP,Spain,2003,1057110459649.32
gdp_ppp_intdollar,ESP,Spain,2002,1010011962624.88
gdp_ppp_intdollar,ESP,Spain,2001,937613530266.266
gdp_ppp_intdollar,ESP,Spain,2000,875544030101.985
gdp_ppp_intdollar,ESP,Spain,1999,805240729968.48
gdp_ppp_intdollar,ESP,Spain,1998,767578867088.249
gdp_ppp_intdollar,ESP,Spain,1997,717163411843.393
gdp_ppp_intdollar,ESP,Spain,1996,676980802913.139
gdp_ppp_intdollar,ESP,Spain,1995,646542871872.529
gdp_ppp_intdollar,ESP,Spain,1994,616271880964.55
gdp_ppp_intdollar,ESP,Spain,1993,589343434150.611
gdp_ppp_intdollar,ESP,Spain,1992,581697492071.347
gdp_ppp_intdollar,ESP,Spain,1991,563500585117.368
gdp_ppp_intdollar,ESP,Spain,1990,531534163822.581
gdp_ppp_intdollar,EST,Estonia,2025,71200875879.9427
gdp_ppp_intdollar,EST,Estonia,2024,69160179531.5933
gdp_ppp_intdollar,EST,Estonia,2023,66935925247.8679
gdp_ppp_intdollar,EST,Estonia,2022,64784560252.5639
gdp_ppp_intdollar,EST,Estonia,2021,58890307058.6033
gdp_ppp_intdollar,EST,Estonia,2020,54074496993.4123
gdp_ppp_intdollar,EST,Estonia,2019,53853984376.4777
gdp_ppp_intdollar,EST,Estonia,2018,49073092321.7703
gdp_ppp_intdollar,EST,Estonia,2017,45458506883.4267
gdp_ppp_intdollar,EST,Estonia,2016,42036565381.3875
gdp_ppp_intdollar,EST,Estonia,2015,39084201421.1838
gdp_ppp_intdollar,EST,Estonia,2014,38652432196.4736
gdp_ppp_intdollar,EST,Estonia,2013,36681375664.2114
gdp_ppp_intdollar,EST,Estonia,2012,34710887167.1947
gdp_ppp_intdollar,EST,Estonia,2011,32724505473.0258
gdp_ppp_intdollar,EST,Estonia,2010,28778909187.4544
gdp_ppp_intdollar,EST,Estonia,2009,27342810985.4604
gdp_ppp_intdollar,EST,Estonia,2008,30490357853.7946
gdp_ppp_intdollar,EST,Estonia,2007,29763831551.6706
gdp_ppp_intdollar,EST,Estonia,2006,26053048060.5869
gdp_ppp_intdollar,EST,Estonia,2005,22540852088.499
gdp_ppp_intdollar,EST,Estonia,2004,19808789125.4018
gdp_ppp_intdollar,EST,Estonia,2003,18004464726.8057
gdp_ppp_intdollar,EST,Estonia,2002,16092414317.885
gdp_ppp_intdollar,EST,Estonia,2001,14309937469.3854
gdp_ppp_intdollar,EST,Estonia,2000,13165895127.5706
gdp_ppp_intdollar,EST,Estonia,1999,11694825363.5915
gdp_ppp_intdollar,EST,Estonia,1998,11714518344.3042
gdp_ppp_intdollar,EST,Estonia,1997,11167991130.084
gdp_ppp_intdollar,EST,Estonia,1996,9756069756.46743
gdp_ppp_intdollar,EST,Estonia,1995,9308924946.65071
gdp_ppp_intdollar,EST,Estonia,1994,8726215074.51612
gdp_ppp_intdollar,EST,Estonia,1993,8686435188.7754
gdp_ppp_intdollar,EST,Estonia,1992,9002068736.26571
gdp_ppp_intdollar,EST,Estonia,1991,11164969358.2134
gdp_ppp_intdollar,EST,Estonia,1990,11738830762.8244
gdp_ppp_intdollar,FIN,Finland,2025,372012543175.174
gdp_ppp_intdollar,FIN,Finland,2024,366065163904.528
gdp_ppp_intdollar,FIN,Finland,2023,354393161505.558
gdp_ppp_intdollar,FIN,Finland,2022,345218298184.76
gdp_ppp_intdollar,FIN,Finland,2021,314676442275.461
gdp_ppp_intdollar,FIN,Finland,2020,294705726881.034
gdp_ppp_intdollar,FIN,Finland,2019,288648091314.829
gdp_ppp_intdollar,FIN,Finland,2018,271632312186.529
gdp_ppp_intdollar,FIN,Finland,2017,260179677811.909
gdp_ppp_intdollar,FIN,Finland,2016,244883896491.636
gdp_ppp_intdollar,FIN,Finland,2015,231553250461.582
gdp_ppp_intdollar,FIN,Finland,2014,226909976741.879
gdp_ppp_intdollar,FIN,Finland,2013,224769897399.589
gdp_ppp_intdollar,FIN,Finland,2012,220560377327.338
gdp_ppp_intdollar,FIN,Finland,2011,220089124654.258
gdp_ppp_intdollar,FIN,Finland,2010,208882331259.465
gdp_ppp_intdollar,FIN,Finland,2009,202815433324.294
gdp_ppp_intdollar,FIN,Finland,2008,212967520899
gdp_ppp_intdollar,FIN,Finland,2007,200140589190.681
gdp_ppp_intdollar,FIN,Finland,2006,181372255850.286
gdp_ppp_intdollar,FIN,Finland,2005,168125347142.81
gdp_ppp_intdollar,FIN,Finland,2004,163093475582.88
gdp_ppp_intdollar,FIN,Finland,2003,151399996407.451
gdp_ppp_intdollar,FIN,Finland,2002,148717655863.497
gdp_ppp_intdollar,FIN,Finland,2001,144216548707.603
gdp_ppp_intdollar,FIN,Finland,2000,138633667653.669
gdp_ppp_intdollar,FIN,Finland,1999,127906519615.7
gdp_ppp_intdollar,FIN,Finland,1998,121467604537.12
gdp_ppp_intdollar,FIN,Finland,1997,111982141737.824
gdp_ppp_intdollar,FIN,Finland,1996,102837129753.256
gdp_ppp_intdollar,FIN,Finland,1995,99948124513.3501
gdp_ppp_intdollar,FIN,Finland,1994,93918690695.9926
gdp_ppp_intdollar,FIN,Finland,1993,88448854431.8445
gdp_ppp_intdollar,FIN,Finland,1992,87079947045.0066
gdp_ppp_intdollar,FIN,Finland,1991,88055520376.8902
gdp_ppp_intdollar,FIN,Finland,1990,90496855233.2858
gdp_ppp_intdollar,FRA,France,2025,4396407858114.73
gdp_ppp_intdollar,FRA,France,2024,4286160804064.34
gdp_ppp_intdollar,FRA,France,2023,4165720740902.3
gdp_ppp_intdollar,FRA,France,2022,3887336263729.83
gdp_ppp_intdollar,FRA,France,2021,3562923665911.39
gdp_ppp_intdollar,FRA,France,2020,3345024904336.18
gdp_ppp_intdollar,FRA,France,2019,3445276604424.65
gdp_ppp_intdollar,FRA,France,2018,3114875305157.86
gdp_ppp_intdollar,FRA,France,2017,2975787193760.88
gdp_ppp_intdollar,FRA,France,2016,2861145268728.43
gdp_ppp_intdollar,FRA,France,2015,2722168830237.4
gdp_ppp_intdollar,FRA,France,2014,2666947056893.25
gdp_ppp_intdollar,FRA,France,2013,2612419376499.27
gdp_ppp_intdollar,FRA,France,2012,2473391243170.39
gdp_ppp_intdollar,FRA,France,2011,2450959100790.27
gdp_ppp_intdollar,FRA,France,2010,2334932124579.62
gdp_ppp_intdollar,FRA,France,2009,2244343116045.36
gdp_ppp_intdollar,FRA,France,2008,2256557852935.91
gdp_ppp_intdollar,FRA,France,2007,2180814695442.95
gdp_ppp_intdollar,FRA,France,2006,2062860437777.41
gdp_ppp_intdollar,FRA,France,2005,1922671524499.76
gdp_ppp_intdollar,FRA,France,2004,1813582506883.37
gdp_ppp_intdollar,FRA,France,2003,1744495521855.22
gdp_ppp_intdollar,FRA,France,2002,1752380317938.26
gdp_ppp_intdollar,FRA,France,2001,1678121490366.05
gdp_ppp_intdollar,FRA,France,2000,1584338617625.68
gdp_ppp_intdollar,FRA,France,1999,1464382542213.3
gdp_ppp_intdollar,FRA,France,1998,1400200100258.13
gdp_ppp_intdollar,FRA,France,1997,1330701376958.52
gdp_ppp_intdollar,FRA,France,1996,1270887999486.33
gdp_ppp_intdollar,FRA,France,1995,1232587026280.52
gdp_ppp_intdollar,FRA,France,1994,1180075072612.78
gdp_ppp_intdollar,FRA,France,1993,1128505427540.64
gdp_ppp_intdollar,FRA,France,1992,1106347604418.85
gdp_ppp_intdollar,FRA,France,1991,1065542442780.99
gdp_ppp_intdollar,FRA,France,1990,1018096815152.45
gdp_ppp_intdollar,GBR,United Kingdom,2025,4489311553269.46
gdp_ppp_intdollar,GBR,United Kingdom,2024,4353581177831.03
gdp_ppp_intdollar,GBR,United Kingdom,2023,4165470729171.24
gdp_ppp_intdollar,GBR,United Kingdom,2022,4076201681999.46
gdp_ppp_intdollar,GBR,United Kingdom,2021,3472169152711.61
gdp_ppp_intdollar,GBR,United Kingdom,2020,3251561720478.82
gdp_ppp_intdollar,GBR,United Kingdom,2019,3364310513465.69
gdp_ppp_intdollar,GBR,United Kingdom,2018,3157648382903.36
gdp_ppp_intdollar,GBR,United Kingdom,2017,3063422343817.79
gdp_ppp_intdollar,GBR,United Kingdom,2016,2911336430425.08
gdp_ppp_intdollar,GBR,United Kingdom,2015,2783933602001.87
gdp_ppp_intdollar,GBR,United Kingdom,2014,2684633270527.06
gdp_ppp_intdollar,GBR,United Kingdom,2013,2573286079212.02
gdp_ppp_intdollar,GBR,United Kingdom,2012,2453854858801.03
gdp_ppp_intdollar,GBR,United Kingdom,2011,2365186983394.99
gdp_ppp_intdollar,GBR,United Kingdom,2010,2300313335032.17
gdp_ppp_intdollar,GBR,United Kingdom,2009,2197196097079.85
gdp_ppp_intdollar,GBR,United Kingdom,2008,2283365469986.08
gdp_ppp_intdollar,GBR,United Kingdom,2007,2188298455936.58
gdp_ppp_intdollar,GBR,United Kingdom,2006,2121727147450.62
gdp_ppp_intdollar,GBR,United Kingdom,2005,1983057266692.95
gdp_ppp_intdollar,GBR,United Kingdom,2004,1929233681052.23
gdp_ppp_intdollar,GBR,United Kingdom,2003,1814127323516.23
gdp_ppp_intdollar,GBR,United Kingdom,2002,1731679705222.82
gdp_ppp_intdollar,GBR,United Kingdom,2001,1656526302604.13
gdp_ppp_intdollar,GBR,United Kingdom,2000,1568431169893.18
gdp_ppp_intdollar,GBR,United Kingdom,1999,1442132267135.47
gdp_ppp_intdollar,GBR,United Kingdom,1998,1391486545178.04
gdp_ppp_intdollar,GBR,United Kingdom,1997,1352651639697.05
gdp_ppp_intdollar,GBR,United Kingdom,1996,1281639461088.26
gdp_ppp_intdollar,GBR,United Kingdom,1995,1199194011050.44
gdp_ppp_intdollar,GBR,United Kingdom,1994,1134482233657.1
gdp_ppp_intdollar,GBR,United Kingdom,1993,1058341308768.99
gdp_ppp_intdollar,GBR,United Kingdom,1992,998967103356.542
gdp_ppp_intdollar,GBR,United Kingdom,1991,964225075036.421
gdp_ppp_intdollar,GBR,United Kingdom,1990,944895315679.781
gdp_ppp_intdollar,ISL,Iceland,2025,32738741762.3349
gdp_ppp_intdollar,ISL,Iceland,2024,32296993855.9635
gdp_ppp_intdollar,ISL,Iceland,2023,31723299258.7663
gdp_ppp_intdollar,ISL,Iceland,2022,29258503367.8259
gdp_ppp_intdollar,ISL,Iceland,2021,23364749317.8553
gdp_ppp_intdollar,ISL,Iceland,2020,20830028966.8558
gdp_ppp_intdollar,ISL,Iceland,2019,22091742446.5477
gdp_ppp_intdollar,ISL,Iceland,2018,20495061192.9701
gdp_ppp_intdollar,ISL,Iceland,2017,19362623766.3591
gdp_ppp_intdollar,ISL,Iceland,2016,18190080364.9505
gdp_ppp_intdollar,ISL,Iceland,2015,16446744814.6442
gdp_ppp_intdollar,ISL,Iceland,2014,15214277139.1164
gdp_ppp_intdollar,ISL,Iceland,2013,14484592269.9024
gdp_ppp_intdollar,ISL,Iceland,2012,13647066325.9439
gdp_ppp_intdollar,ISL,Iceland,2011,13207330384.831
gdp_ppp_intdollar,ISL,Iceland,2010,12804348462.3045
gdp_ppp_intdollar,ISL,Iceland,2009,13399209245.6064
gdp_ppp_intdollar,ISL,Iceland,2008,14012995371.9299
gdp_ppp_intdollar,ISL,Iceland,2007,13104618871.037
gdp_ppp_intdollar,ISL,Iceland,2006,12200041221.7398
gdp_ppp_intdollar,ISL,Iceland,2005,11267764951.3388
gdp_ppp_intdollar,ISL,Iceland,2004,10505774160.6014
gdp_ppp_intdollar,ISL,Iceland,2003,9578543128.50653
gdp_ppp_intdollar,ISL,Iceland,2002,9473694740.83829
gdp_ppp_intdollar,ISL,Iceland,2001,9183067946.38737
gdp_ppp_intdollar,ISL,Iceland,2000,8483162570.22605
gdp_ppp_intdollar,ISL,Iceland,1999,8313343970.00472
gdp_ppp_intdollar,ISL,Iceland,1998,7995474262.19229
gdp_ppp_intdollar,ISL,Iceland,1997,7428006895.00961
gdp_ppp_intdollar,ISL,Iceland,1996,6896451481.51432
gdp_ppp_intdollar,ISL,Iceland,1995,6630960073.05241
gdp_ppp_intdollar,ISL,Iceland,1994,6487221791.13891
gdp_ppp_intdollar,ISL,Iceland,1993,6130366163.20394
gdp_ppp_intdollar,ISL,Iceland,1992,5910786029.51263
gdp_ppp_intdollar,ISL,Iceland,1991,5980877370.61677
gdp_ppp_intdollar,ISL,Iceland,1990,5798192233.41259
gdp_ppp_intdollar,ISR,Israel,2025,604502979737.783
gdp_ppp_intdollar,ISR,Israel,2024,572904642516.519
gdp_ppp_intdollar,ISR,Israel,2023,544663843842.694
gdp_ppp_intdollar,ISR,Israel,2022,512441744847.419
gdp_ppp_intdollar,ISR,Israel,2021,432500426228.325
gdp_ppp_intdollar,ISR,Israel,2020,377536184766.278
gdp_ppp_intdollar,ISR,Israel,2019,372815750574.293
gdp_ppp_intdollar,ISR,Israel,2018,356213491078.732
gdp_ppp_intdollar,ISR,Israel,2017,342874719088.994
gdp_ppp_intdollar,ISR,Israel,2016,325495777628.731
gdp_ppp_intdollar,ISR,Israel,2015,299978524818.899
gdp_ppp_intdollar,ISR,Israel,2014,285458375535.195
gdp_ppp_intdollar,ISR,Israel,2013,280284188369.206
gdp_ppp_intdollar,ISR,Israel,2012,256556058895.301
gdp_ppp_intdollar,ISR,Israel,2011,242855153528.869
gdp_ppp_intdollar,ISR,Israel,2010,224273550299.283
gdp_ppp_intdollar,ISR,Israel,2009,209960597634.776
gdp_ppp_intdollar,ISR,Israel,2008,205000115328.771
gdp_ppp_intdollar,ISR,Israel,2007,202994618221.642
gdp_ppp_intdollar,ISR,Israel,2006,185886112753.263
gdp_ppp_intdollar,ISR,Israel,2005,177900460782.628
gdp_ppp_intdollar,ISR,Israel,2004,177406329869.103
gdp_ppp_intdollar,ISR,Israel,2003,165087426942.408
gdp_ppp_intdollar,ISR,Israel,2002,171326508746.415
gdp_ppp_intdollar,ISR,Israel,2001,166028371280.919
gdp_ppp_intdollar,ISR,Israel,2000,161921811247.104
gdp_ppp_intdollar,ISR,Israel,1999,143314723248.401
gdp_ppp_intdollar,ISR,Israel,1998,136805261674.722
gdp_ppp_intdollar,ISR,Israel,1997,129941523682.17
gdp_ppp_intdollar,ISR,Israel,1996,123285598457.232
gdp_ppp_intdollar,ISR,Israel,1995,114387991665.763
gdp_ppp_intdollar,ISR,Israel,1994,105099261944.974
gdp_ppp_intdollar,ISR,Israel,1993,95787155727.8374
gdp_ppp_intdollar,ISR,Israel,1992,89869571403.8244
gdp_ppp_intdollar,ISR,Israel,1991,81540255757.0539
gdp_ppp_intdollar,ISR,Israel,1990,73216171813.4221
gdp_ppp_intdollar,ITA,Italy,2025,3700051124493.07
gdp_ppp_intdollar,ITA,Italy,2024,3672334968238.59
gdp_ppp_intdollar,ITA,Italy,2023,3559677647109.66
gdp_ppp_intdollar,ITA,Italy,2022,3379175362343.35
gdp_ppp_intdollar,ITA,Italy,2021,2946333608376.65
gdp_ppp_intdollar,ITA,Italy,2020,2641203589480.81
gdp_ppp_intdollar,ITA,Italy,2019,2787073032822.59
gdp_ppp_intdollar,ITA,Italy,2018,2609651815348.66
gdp_ppp_intdollar,ITA,Italy,2017,2528635516998.96
gdp_ppp_intdollar,ITA,Italy,2016,2433618302347.89
gdp_ppp_intdollar,ITA,Italy,2015,2251646419220.95
gdp_ppp_intdollar,ITA,Italy,2014,2211700088150.52
gdp_ppp_intdollar,ITA,Italy,2013,2198918891792.88
gdp_ppp_intdollar,ITA,Italy,2012,2183804737265.14
gdp_ppp_intdollar,ITA,Italy,2011,2184513771818.95
gdp_ppp_intdollar,ITA,Italy,2010,2092130192358.42
gdp_ppp_intdollar,ITA,Italy,2009,2054765138278.71
gdp_ppp_intdollar,ITA,Italy,2008,2097398729606.2
gdp_ppp_intdollar,ITA,Italy,2007,2004029153747.96
gdp_ppp_intdollar,ITA,Italy,2006,1895288582808.24
gdp_ppp_intdollar,ITA,Italy,2005,1753016877957.85
gdp_ppp_intdollar,ITA,Italy,2004,1710606336265.03
gdp_ppp_intdollar,ITA,Italy,2003,1678879072468.22
gdp_ppp_intdollar,ITA,Italy,2002,1646072139397.13
gdp_ppp_intdollar,ITA,Italy,2001,1602993647426.02
gdp_ppp_intdollar,ITA,Italy,2000,1546100913442.79
gdp_ppp_intdollar,ITA,Italy,1999,1460169980172.29
gdp_ppp_intdollar,ITA,Italy,1998,1426954494020.27
gdp_ppp_intdollar,ITA,Italy,1997,1361773066754.87
gdp_ppp_intdollar,ITA,Italy,1996,1313517220283.23
gdp_ppp_intdollar,ITA,Italy,1995,1275929811815.59
gdp_ppp_intdollar,ITA,Italy,1994,1214662103430.7
gdp_ppp_intdollar,ITA,Italy,1993,1164225056668.8
gdp_ppp_intdollar,ITA,Italy,1992,1147050545592.22
gdp_ppp_intdollar,ITA,Italy,1991,1112213919810.99
gdp_ppp_intdollar,ITA,Italy,1990,1059532275862.27
gdp_ppp_intdollar,JPN,Japan,2025,6837216297272.17
gdp_ppp_intdollar,JPN,Japan,2024,6714043512607.59
gdp_ppp_intdollar,JPN,Japan,2023,6565294640128.01
gdp_ppp_intdollar,JPN,Japan,2022,6161900725612.81
gdp_ppp_intdollar,JPN,Japan,2021,5781285635750.58
gdp_ppp_intdollar,JPN,Japan,2020,5499931865590.03
gdp_ppp_intdollar,JPN,Japan,2019,5539374610904.89
gdp_ppp_intdollar,JPN,Japan,2018,5464294866534.16
gdp_ppp_intdollar,JPN,Japan,2017,5376867541149.42
gdp_ppp_intdollar,JPN,Japan,2016,5268889536646.98
gdp_ppp_intdollar,JPN,Japan,2015,5304626331348.45
gdp_ppp_intdollar,JPN,Japan,2014,5125715274285.21
gdp_ppp_intdollar,JPN,Japan,2013,5079365477355.17
gdp_ppp_intdollar,JPN,Japan,2012,4846627497799.74
gdp_ppp_intdollar,JPN,Japan,2011,4663769515148.49
gdp_ppp_intdollar,JPN,Japan,2010,4566742069204.86
gdp_ppp_intdollar,JPN,Japan,2009,4333520207945.78
gdp_ppp_intdollar,JPN,Japan,2008,4564608536168.87
gdp_ppp_intdollar,JPN,Japan,2007,4525957502743.64
gdp_ppp_intdollar,JPN,Japan,2006,4343315061417.94
gdp_ppp_intdollar,JPN,Japan,2005,4148028487875.77
gdp_ppp_intdollar,JPN,Japan,2004,3978002469076.3
gdp_ppp_intdollar,JPN,Japan,2003,3798577618373.21
gdp_ppp_intdollar,JPN,Japan,2002,3702964659063.84
gdp_ppp_intdollar,JPN,Japan,2001,3604934680099.18
gdp_ppp_intdollar,JPN,Japan,2000,3512858338494.55
gdp_ppp_intdollar,JPN,Japan,1999,3296230202052.95
gdp_ppp_intdollar,JPN,Japan,1998,3265170972150.23
gdp_ppp_intdollar,JPN,Japan,1997,3292235315769.74
gdp_ppp_intdollar,JPN,Japan,1996,3206471255981.79
gdp_ppp_intdollar,JPN,Japan,1995,3044313810377.48
gdp_ppp_intdollar,JPN,Japan,1994,2917046069904.72
gdp_ppp_intdollar,JPN,Japan,1993,2825452970830.2
gdp_ppp_intdollar,JPN,Japan,1992,2772764350144.04
gdp_ppp_intdollar,JPN,Japan,1991,2686788098954.35
gdp_ppp_intdollar,JPN,Japan,1990,2510446283187.67
gdp_ppp_intdollar,KOR,"Korea, Rep.",2025,3262583720598.03
gdp_ppp_intdollar,KOR,"Korea, Rep.",2024,3159472343387.38
gdp_ppp_intdollar,KOR,"Korea, Rep.",2023,2969845527350.41
gdp_ppp_intdollar,KOR,"Korea, Rep.",2022,2868310039875.42
gdp_ppp_intdollar,KOR,"Korea, Rep.",2021,2677430056971.27
gdp_ppp_intdollar,KOR,"Korea, Rep.",2020,2481996469956.38
gdp_ppp_intdollar,KOR,"Korea, Rep.",2019,2407645008550.9
gdp_ppp_intdollar,KOR,"Korea, Rep.",2018,2347691719530.07
gdp_ppp_intdollar,KOR,"Korea, Rep.",2017,2216570013000.47
gdp_ppp_intdollar,KOR,"Korea, Rep.",2016,2134380442776.72
gdp_ppp_intdollar,KOR,"Korea, Rep.",2015,2030098805867.59
gdp_ppp_intdollar,KOR,"Korea, Rep.",2014,1879259025687.7
gdp_ppp_intdollar,KOR,"Korea, Rep.",2013,1807584606267.19
gdp_ppp_intdollar,KOR,"Korea, Rep.",2012,1760084816235.68
gdp_ppp_intdollar,KOR,"Korea, Rep.",2011,1695061783755.07
gdp_ppp_intdollar,KOR,"Korea, Rep.",2010,1641249629244.75
gdp_ppp_intdollar,KOR,"Korea, Rep.",2009,1515720738976.03
gdp_ppp_intdollar,KOR,"Korea, Rep.",2008,1531049402635.08
gdp_ppp_intdollar,KOR,"Korea, Rep.",2007,1472942503438.35
gdp_ppp_intdollar,KOR,"Korea, Rep.",2006,1354934541083.4
gdp_ppp_intdollar,KOR,"Korea, Rep.",2005,1261440107622.55
gdp_ppp_intdollar,KOR,"Korea, Rep.",2004,1185627221743.38
gdp_ppp_intdollar,KOR,"Korea, Rep.",2003,1097679833472.43
gdp_ppp_intdollar,KOR,"Korea, Rep.",2002,1056449990197.74
gdp_ppp_intdollar,KOR,"Korea, Rep.",2001,968351043308.064
gdp_ppp_intdollar,KOR,"Korea, Rep.",2000,904290745856.293
gdp_ppp_intdollar,KOR,"Korea, Rep.",1999,812127446358.389
gdp_ppp_intdollar,KOR,"Korea, Rep.",1998,717447628566.737
gdp_ppp_intdollar,KOR,"Korea, Rep.",1997,746335051253.342
gdp_ppp_intdollar,KOR,"Korea, Rep.",1996,690316084477.852
gdp_ppp_intdollar,KOR,"Korea, Rep.",1995,627745659560.855
gdp_ppp_intdollar,KOR,"Korea, Rep.",1994,560303528736.34
gdp_ppp_intdollar,KOR,"Korea, Rep.",1993,501582551002.383
gdp_ppp_intdollar,KOR,"Korea, Rep.",1992,457937281895.178
gdp_ppp_intdollar,KOR,"Korea, Rep.",1991,420994234049.952
gdp_ppp_intdollar,KOR,"Korea, Rep.",1990,367281012583.379
gdp_ppp_intdollar,LUX,Luxembourg,2025,107539709844.783
gdp_ppp_intdollar,LUX,Luxembourg,2024,105667605468.017
gdp_ppp_intdollar,LUX,Luxembourg,2023,101694636711.411
gdp_ppp_intdollar,LUX,Luxembourg,2022,95953334617.1932
gdp_ppp_intdollar,LUX,Luxembourg,2021,87543117438.5069
gdp_ppp_intdollar,LUX,Luxembourg,2020,76953191626.4398
gdp_ppp_intdollar,LUX,Luxembourg,2019,75250600111.6431
gdp_ppp_intdollar,LUX,Luxembourg,2018,70910323890.9321
gdp_ppp_intdollar,LUX,Luxembourg,2017,68570197215.6405
gdp_ppp_intdollar,LUX,Luxembourg,2016,65980119592.3436
gdp_ppp_intdollar,LUX,Luxembourg,2015,61437308583.9496
gdp_ppp_intdollar,LUX,Luxembourg,2014,58578326007.9309
gdp_ppp_intdollar,LUX,Luxembourg,2013,54838614516.1038
gdp_ppp_intdollar,LUX,Luxembourg,2012,51308724180.9019
gdp_ppp_intdollar,LUX,Luxembourg,2011,48970848492.8168
gdp_ppp_intdollar,LUX,Luxembourg,2010,45796115571.6264
gdp_ppp_intdollar,LUX,Luxembourg,2009,43266596939.1543
gdp_ppp_intdollar,LUX,Luxembourg,2008,44452842913.4099
gdp_ppp_intdollar,LUX,Luxembourg,2007,40859951022.6412
gdp_ppp_intdollar,LUX,Luxembourg,2006,37272711508.0075
gdp_ppp_intdollar,LUX,Luxembourg,2005,31997247356.4584
gdp_ppp_intdollar,LUX,Luxembourg,2004,29632208882.7079
gdp_ppp_intdollar,LUX,Luxembourg,2003,27184592422.1459
gdp_ppp_intdollar,LUX,Luxembourg,2002,26135002654.1386
gdp_ppp_intdollar,LUX,Luxembourg,2001,24785392753.4622
gdp_ppp_intdollar,LUX,Luxembourg,2000,24055883297.9079
gdp_ppp_intdollar,LUX,Luxembourg,1999,21456887315.5603
gdp_ppp_intdollar,LUX,Luxembourg,1998,18801500302.2796
gdp_ppp_intdollar,LUX,Luxembourg,1997,17821460892.1819
gdp_ppp_intdollar,LUX,Luxembourg,1996,16453948981.6543
gdp_ppp_intdollar,LUX,Luxembourg,1995,15668765165.5357
gdp_ppp_intdollar,LUX,Luxembourg,1994,15130288356.007
gdp_ppp_intdollar,LUX,Luxembourg,1993,14268772932.0418
gdp_ppp_intdollar,LUX,Luxembourg,1992,13376499101.8097
gdp_ppp_intdollar,LUX,Luxembourg,1991,12844728038.521
gdp_ppp_intdollar,LUX,Luxembourg,1990,11436001421.6745
gdp_ppp_intdollar,NLD,Netherlands,2025,1579414785562.87
gdp_ppp_intdollar,NLD,Netherlands,2024,1533375443144.24
gdp_ppp_intdollar,NLD,Netherlands,2023,1437170091488.24
gdp_ppp_intdollar,NLD,Netherlands,2022,1391834585371.04
gdp_ppp_intdollar,NLD,Netherlands,2021,1202303330254.13
gdp_ppp_intdollar,NLD,Netherlands,2020,1091779125681.31
gdp_ppp_intdollar,NLD,Netherlands,2019,1081370572466.31
gdp_ppp_intdollar,NLD,Netherlands,2018,1013551388032.4
gdp_ppp_intdollar,NLD,Netherlands,2017,959996164418.59
gdp_ppp_intdollar,NLD,Netherlands,2016,905370307047.098
gdp_ppp_intdollar,NLD,Netherlands,2015,863202457350.693
gdp_ppp_intdollar,NLD,Netherlands,2014,839056229120.25
gdp_ppp_intdollar,NLD,Netherlands,2013,833870397887.156
gdp_ppp_intdollar,NLD,Netherlands,2012,798429903639.945
gdp_ppp_intdollar,NLD,Netherlands,2011,784643538480.86
gdp_ppp_intdollar,NLD,Netherlands,2010,752698442798.631
gdp_ppp_intdollar,NLD,Netherlands,2009,743192515393.424
gdp_ppp_intdollar,NLD,Netherlands,2008,768245112205.479
gdp_ppp_intdollar,NLD,Netherlands,2007,724126664465.208
gdp_ppp_intdollar,NLD,Netherlands,2006,673590885532.526
gdp_ppp_intdollar,NLD,Netherlands,2005,616539911875.417
gdp_ppp_intdollar,NLD,Netherlands,2004,585504395361.107
gdp_ppp_intdollar,NLD,Netherlands,2003,556306924381.732
gdp_ppp_intdollar,NLD,Netherlands,2002,558243595308.055
gdp_ppp_intdollar,NLD,Netherlands,2001,533687179113.153
gdp_ppp_intdollar,NLD,Netherlands,2000,507938807993.737
gdp_ppp_intdollar,NLD,Netherlands,1999,463551337938.583
gdp_ppp_intdollar,NLD,Netherlands,1998,435856592176.551
gdp_ppp_intdollar,NLD,Netherlands,1997,406838980206.138
gdp_ppp_intdollar,NLD,Netherlands,1996,381493004304.364
gdp_ppp_intdollar,NLD,Netherlands,1995,362981260984.618
gdp_ppp_intdollar,NLD,Netherlands,1994,344783637581.074
gdp_ppp_intdollar,NLD,Netherlands,1993,327867185551.504
gdp_ppp_intdollar,NLD,Netherlands,1992,316297738149.629
gdp_ppp_intdollar,NLD,Netherlands,1991,304062981620.299
gdp_ppp_intdollar,NLD,Netherlands,1990,287113651498.819
gdp_ppp_intdollar,NOR,Norway,2025,583775486657.848
gdp_ppp_intdollar,NOR,Norway,2024,588750471306.345
gdp_ppp_intdollar,NOR,Norway,2023,594836234715.422
gdp_ppp_intdollar,NOR,Norway,2022,708957430194.386
gdp_ppp_intdollar,NOR,Norway,2021,498678309268.732
gdp_ppp_intdollar,NOR,Norway,2020,375375925969.961
gdp_ppp_intdollar,NOR,Norway,2019,393765968523.656
gdp_ppp_intdollar,NOR,Norway,2018,385741275640.784
gdp_ppp_intdollar,NOR,Norway,2017,352653328314.442
gdp_ppp_intdollar,NOR,Norway,2016,320615222218.903
gdp_ppp_intdollar,NOR,Norway,2015,325301565081.798
gdp_ppp_intdollar,NOR,Norway,2014,350336877097.466
gdp_ppp_intdollar,NOR,Norway,2013,351440286558.865
gdp_ppp_intdollar,NOR,Norway,2012,338014968322.197
gdp_ppp_intdollar,NOR,Norway,2011,316471490528.845
gdp_ppp_intdollar,NOR,Norway,2010,290614092680.332
gdp_ppp_intdollar,NOR,Norway,2009,274031747304.462
gdp_ppp_intdollar,NOR,Norway,2008,300523259167.42
gdp_ppp_intdollar,NOR,Norway,2007,267954006393.73
gdp_ppp_intdollar,NOR,Norway,2006,255430311406.896
gdp_ppp_intdollar,NOR,Norway,2005,222794064409.868
gdp_ppp_intdollar,NOR,Norway,2004,196215266691.459
gdp_ppp_intdollar,NOR,Norway,2003,176419190426.248
gdp_ppp_intdollar,NOR,Norway,2002,172216130987.674
gdp_ppp_intdollar,NOR,Norway,2001,170117343276.548
gdp_ppp_intdollar,NOR,Norway,2000,165329731181.73
gdp_ppp_intdollar,NOR,Norway,1999,135510810892.034
gdp_ppp_intdollar,NOR,Norway,1998,123936041172.692
gdp_ppp_intdollar,NOR,Norway,1997,124982801393.026
gdp_ppp_intdollar,NOR,Norway,1996,116749706015.297
gdp_ppp_intdollar,NOR,Norway,1995,105530585727.304
gdp_ppp_intdollar,NOR,Norway,1994,99226883580.8922
gdp_ppp_intdollar,NOR,Norway,1993,92498965577.532
gdp_ppp_intdollar,NOR,Norway,1992,87831222909.4072
gdp_ppp_intdollar,NOR,Norway,1991,82950739196.1647
gdp_ppp_intdollar,NOR,Norway,1990,78008562710.0358
gdp_ppp_intdollar,NZL,New Zealand,2025,305373476618.8
gdp_ppp_intdollar,NZL,New Zealand,2024,295150254933.357
gdp_ppp_intdollar,NZL,New Zealand,2023,285738436246.213
gdp_ppp_intdollar,NZL,New Zealand,2022,274818582712.329
gdp_ppp_intdollar,NZL,New Zealand,2021,245088353611.212
gdp_ppp_intdollar,NZL,New Zealand,2020,231174456954.475
gdp_ppp_intdollar,NZL,New Zealand,2019,225133834634.615
gdp_ppp_intdollar,NZL,New Zealand,2018,208154088948.75
gdp_ppp_intdollar,NZL,New Zealand,2017,203162354756.495
gdp_ppp_intdollar,NZL,New Zealand,2016,188392430853.958
gdp_ppp_intdollar,NZL,New Zealand,2015,172839364173.817
gdp_ppp_intdollar,NZL,New Zealand,2014,168537477528.753
gdp_ppp_intdollar,NZL,New Zealand,2013,161024468543.457
gdp_ppp_intdollar,NZL,New Zealand,2012,145665816630.138
gdp_ppp_intdollar,NZL,New Zealand,2011,143505516802.778
gdp_ppp_intdollar,NZL,New Zealand,2010,136200099015.259
gdp_ppp_intdollar,NZL,New Zealand,2009,132288407215.546
gdp_ppp_intdollar,NZL,New Zealand,2008,127349469279.383
gdp_ppp_intdollar,NZL,New Zealand,2007,123889183115.716
gdp_ppp_intdollar,NZL,New Zealand,2006,116048766335.845
gdp_ppp_intdollar,NZL,New Zealand,2005,106147882736.156
gdp_ppp_intdollar,NZL,New Zealand,2004,102694007617.053
gdp_ppp_intdollar,NZL,New Zealand,2003,96638498104.7079
gdp_ppp_intdollar,NZL,New Zealand,2002,92024844754.3231
gdp_ppp_intdollar,NZL,New Zealand,2001,87354287358.6309
gdp_ppp_intdollar,NZL,New Zealand,2000,82941140643.9896
gdp_ppp_intdollar,NZL,New Zealand,1999,78923926226.423
gdp_ppp_intdollar,NZL,New Zealand,1998,73715706042.5266
gdp_ppp_intdollar,NZL,New Zealand,1997,72222402139.9026
gdp_ppp_intdollar,NZL,New Zealand,1996,68639565056.2214
gdp_ppp_intdollar,NZL,New Zealand,1995,65621211315.3563
gdp_ppp_intdollar,NZL,New Zealand,1994,61930551653.5662
gdp_ppp_intdollar,NZL,New Zealand,1993,56798339869.9833
gdp_ppp_intdollar,NZL,New Zealand,1992,52540573315.0094
gdp_ppp_intdollar,NZL,New Zealand,1991,50682272913.1682
gdp_ppp_intdollar,NZL,New Zealand,1990,49321471007.8355
gdp_ppp_intdollar,POL,Poland,2025,1977097411146.36
gdp_ppp_intdollar,POL,Poland,2024,1874118068301.56
gdp_ppp_intdollar,POL,Poland,2023,1778349511630.98
gdp_ppp_intdollar,POL,Poland,2022,1722431295218.79
gdp_ppp_intdollar,POL,Poland,2021,1518447457166.84
gdp_ppp_intdollar,POL,Poland,2020,1391432848266.15
gdp_ppp_intdollar,POL,Poland,2019,1362291050579.99
gdp_ppp_intdollar,POL,Poland,2018,1228297337147.81
gdp_ppp_intdollar,POL,Poland,2017,1145711205425.05
gdp_ppp_intdollar,POL,Poland,2016,1076820000427.04
gdp_ppp_intdollar,POL,Poland,2015,1025181347854.76
gdp_ppp_intdollar,POL,Poland,2014,967768860680.126
gdp_ppp_intdollar,POL,Poland,2013,929470019210.633
gdp_ppp_intdollar,POL,Poland,2012,903168300515.319
gdp_ppp_intdollar,POL,Poland,2011,868165962038.92
gdp_ppp_intdollar,POL,Poland,2010,798552949934.859
gdp_ppp_intdollar,POL,Poland,2009,736332308838.595
gdp_ppp_intdollar,POL,Poland,2008,700460796974.123
gdp_ppp_intdollar,POL,Poland,2007,641692333173.103
gdp_ppp_intdollar,POL,Poland,2006,579933425506.751
gdp_ppp_intdollar,POL,Poland,2005,531856746243.163
gdp_ppp_intdollar,POL,Poland,2004,512140217752.982
gdp_ppp_intdollar,POL,Poland,2003,471020367450.868
gdp_ppp_intdollar,POL,Poland,2002,452696001489.058
gdp_ppp_intdollar,POL,Poland,2001,427433163986.767
gdp_ppp_intdollar,POL,Poland,2000,410178544436.386
gdp_ppp_intdollar,POL,Poland,1999,389722131423.02
gdp_ppp_intdollar,POL,Poland,1998,368103972319.811
gdp_ppp_intdollar,POL,Poland,1997,346576007064.522
gdp_ppp_intdollar,POL,Poland,1996,320980068302.137
gdp_ppp_intdollar,POL,Poland,1995,297744188985.096
gdp_ppp_intdollar,POL,Poland,1994,271337165506.028
gdp_ppp_intdollar,POL,Poland,1993,252310389364.08
gdp_ppp_intdollar,POL,Poland,1992,237586484688.806
gdp_ppp_intdollar,POL,Poland,1991,226594213042.378
gdp_ppp_intdollar,POL,Poland,1990,235719000394.878
gdp_ppp_intdollar,PRT,Portugal,2025,574232775758.211
gdp_ppp_intdollar,PRT,Portugal,2024,561605132240.166
gdp_ppp_intdollar,PRT,Portugal,2023,526796742406.973
gdp_ppp_intdollar,PRT,Portugal,2022,472153682091.776
gdp_ppp_intdollar,PRT,Portugal,2021,400564219793.072
gdp_ppp_intdollar,PRT,Portugal,2020,370352154969.925
gdp_ppp_intdollar,PRT,Portugal,2019,389495112468.607
gdp_ppp_intdollar,PRT,Portugal,2018,358872472764.768
gdp_ppp_intdollar,PRT,Portugal,2017,339609538500.021
gdp_ppp_intdollar,PRT,Portugal,2016,326173486566.704
gdp_ppp_intdollar,PRT,Portugal,2015,306681988282.699
gdp_ppp_intdollar,PRT,Portugal,2014,299181613079.32
gdp_ppp_intdollar,PRT,Portugal,2013,292449626203.935
gdp_ppp_intdollar,PRT,Portugal,2012,278393304900.247
gdp_ppp_intdollar,PRT,Portugal,2011,282976747881.101
gdp_ppp_intdollar,PRT,Portugal,2010,288561911698.88
gdp_ppp_intdollar,PRT,Portugal,2009,279761661890.112
gdp_ppp_intdollar,PRT,Portugal,2008,281542630016.914
gdp_ppp_intdollar,PRT,Portugal,2007,271355033996.038
gdp_ppp_intdollar,PRT,Portugal,2006,259661483655.241
gdp_ppp_intdollar,PRT,Portugal,2005,238691088867.445
gdp_ppp_intdollar,PRT,Portugal,2004,225146902330.314
gdp_ppp_intdollar,PRT,Portugal,2003,218062175577.932
gdp_ppp_intdollar,PRT,Portugal,2002,212108753260.396
gdp_ppp_intdollar,PRT,Portugal,2001,202369272663.047
gdp_ppp_intdollar,PRT,Portugal,2000,194305323124.877
gdp_ppp_intdollar,PRT,Portugal,1999,181041025245.14
gdp_ppp_intdollar,PRT,Portugal,1998,169553708903.317
gdp_ppp_intdollar,PRT,Portugal,1997,159615541195.023
gdp_ppp_intdollar,PRT,Portugal,1996,150174191166.055
gdp_ppp_intdollar,PRT,Portugal,1995,144440354722.577
gdp_ppp_intdollar,PRT,Portugal,1994,135664019420.444
gdp_ppp_intdollar,PRT,Portugal,1993,131558423936.499
gdp_ppp_intdollar,PRT,Portugal,1992,131193007266.518
gdp_ppp_intdollar,PRT,Portugal,1991,126887518941.188
gdp_ppp_intdollar,PRT,Portugal,1990,117599878142.3
gdp_ppp_intdollar,SGP,Singapore,2025,998284821428.084
gdp_ppp_intdollar,SGP,Singapore,2024,924612573514.694
gdp_ppp_intdollar,SGP,Singapore,2023,856451638819.689
gdp_ppp_intdollar,SGP,Singapore,2022,814085453045.431
gdp_ppp_intdollar,SGP,Singapore,2021,730724326968.531
gdp_ppp_intdollar,SGP,Singapore,2020,580620109209.485
gdp_ppp_intdollar,SGP,Singapore,2019,601849836899.112
gdp_ppp_intdollar,SGP,Singapore,2018,587541125078.565
gdp_ppp_intdollar,SGP,Singapore,2017,539094507206.237
gdp_ppp_intdollar,SGP,Singapore,2016,505859791458.305
gdp_ppp_intdollar,SGP,Singapore,2015,482409671479.023
gdp_ppp_intdollar,SGP,Singapore,2014,462493850769.64
gdp_ppp_intdollar,SGP,Singapore,2013,448607292111.358
gdp_ppp_intdollar,SGP,Singapore,2012,436192127374.617
gdp_ppp_intdollar,SGP,Singapore,2011,414966621180.859
gdp_ppp_intdollar,SGP,Singapore,2010,382788414427.104
gdp_ppp_intdollar,SGP,Singapore,2009,330241984298.39
gdp_ppp_intdollar,SGP,Singapore,2008,327798172570.569
gdp_ppp_intdollar,SGP,Singapore,2007,315718477163.644
gdp_ppp_intdollar,SGP,Singapore,2006,281953944536.434
gdp_ppp_intdollar,SGP,Singapore,2005,250919344756.967
gdp_ppp_intdollar,SGP,Singapore,2004,226599047616.708
gdp_ppp_intdollar,SGP,Singapore,2003,200714210203.082
gdp_ppp_intdollar,SGP,Singapore,2002,188265410321.509
gdp_ppp_intdollar,SGP,Singapore,2001,178385824944.978
gdp_ppp_intdollar,SGP,Singapore,2000,176346004845.368
gdp_ppp_intdollar,SGP,Singapore,1999,158146154729.211
gdp_ppp_intdollar,SGP,Singapore,1998,147504597158.176
gdp_ppp_intdollar,SGP,Singapore,1997,149132789364.222
gdp_ppp_intdollar,SGP,Singapore,1996,135348780534.989
gdp_ppp_intdollar,SGP,Singapore,1995,123675157840.114
gdp_ppp_intdollar,SGP,Singapore,1994,113025308154.634
gdp_ppp_intdollar,SGP,Singapore,1993,99610026325.9982
gdp_ppp_intdollar,SGP,Singapore,1992,87299407292.2172
gdp_ppp_intdollar,SGP,Singapore,1991,80039818614.9265
gdp_ppp_intdollar,SGP,Singapore,1990,72567935289.5565
gdp_ppp_intdollar,SWE,Sweden,2025,768561078543.32
gdp_ppp_intdollar,SWE,Sweden,2024,752795158344.899
gdp_ppp_intdollar,SWE,Sweden,2023,721315715902.549
gdp_ppp_intdollar,SWE,Sweden,2022,697566522841.818
gdp_ppp_intdollar,SWE,Sweden,2021,647768167635.192
gdp_ppp_intdollar,SWE,Sweden,2020,594248837310.755
gdp_ppp_intdollar,SWE,Sweden,2019,584968921885.621
gdp_ppp_intdollar,SWE,Sweden,2018,538901548531.951
gdp_ppp_intdollar,SWE,Sweden,2017,516830811431.267
gdp_ppp_intdollar,SWE,Sweden,2016,497904015897.38
gdp_ppp_intdollar,SWE,Sweden,2015,477835214492.077
gdp_ppp_intdollar,SWE,Sweden,2014,454177438152.355
gdp_ppp_intdollar,SWE,Sweden,2013,442558406156.265
gdp_ppp_intdollar,SWE,Sweden,2012,430340247133.141
gdp_ppp_intdollar,SWE,Sweden,2011,418905405469.581
gdp_ppp_intdollar,SWE,Sweden,2010,393424132362.799
gdp_ppp_intdollar,SWE,Sweden,2009,372813134332.777
gdp_ppp_intdollar,SWE,Sweden,2008,386362730274.316
gdp_ppp_intdollar,SWE,Sweden,2007,373357496875.287
gdp_ppp_intdollar,SWE,Sweden,2006,342076185301.22
gdp_ppp_intdollar,SWE,Sweden,2005,308795315882.742
gdp_ppp_intdollar,SWE,Sweden,2004,304023631768.54
gdp_ppp_intdollar,SWE,Sweden,2003,284758598567.864
gdp_ppp_intdollar,SWE,Sweden,2002,276558573688.966
gdp_ppp_intdollar,SWE,Sweden,2001,266397091394.845
gdp_ppp_intdollar,SWE,Sweden,2000,262934295543.704
gdp_ppp_intdollar,SWE,Sweden,1999,243558172772.112
gdp_ppp_intdollar,SWE,Sweden,1998,229212345359.442
gdp_ppp_intdollar,SWE,Sweden,1997,219529361045.401
gdp_ppp_intdollar,SWE,Sweden,1996,211755470364.613
gdp_ppp_intdollar,SWE,Sweden,1995,203760019929.419
gdp_ppp_intdollar,SWE,Sweden,1994,191725554106.91
gdp_ppp_intdollar,SWE,Sweden,1993,180470162906.385
gdp_ppp_intdollar,SWE,Sweden,1992,180009782676.858
gdp_ppp_intdollar,SWE,Sweden,1991,178062033056.397
gdp_ppp_intdollar,SWE,Sweden,1990,174233984269.759
gdp_ppp_intdollar,USA,United States,2025,30769700000000
gdp_ppp_intdollar,USA,United States,2024,29298012999999.9
gdp_ppp_intdollar,USA,United States,2023,27811516999999.9
gdp_ppp_intdollar,USA,United States,2022,26054614000000
gdp_ppp_intdollar,USA,United States,2021,23725645000000.1
gdp_ppp_intdollar,USA,United States,2020,21375281000000
gdp_ppp_intdollar,USA,United States,2019,21539982000000
gdp_ppp_intdollar,USA,United States,2018,20656516000000
gdp_ppp_intdollar,USA,United States,2017,19612102000000
gdp_ppp_intdollar,USA,United States,2016,18804913000000
gdp_ppp_intdollar,USA,United States,2015,18295019000000
gdp_ppp_intdollar,USA,United States,2014,17608138000000
gdp_ppp_intdollar,USA,United States,2013,16880683000000
gdp_ppp_intdollar,USA,United States,2012,16253970000000
gdp_ppp_intdollar,USA,United States,2011,15599732000000
gdp_ppp_intdollar,USA,United States,2010,15048971000000
gdp_ppp_intdollar,USA,United States,2009,14478067000000
gdp_ppp_intdollar,USA,United States,2008,14769862000000
gdp_ppp_intdollar,USA,United States,2007,14474228000000
gdp_ppp_intdollar,USA,United States,2006,13815583000000
gdp_ppp_intdollar,USA,United States,2005,13039197000000
gdp_ppp_intdollar,USA,United States,2004,12217196000000
gdp_ppp_intdollar,USA,United States,2003,11456450000000
gdp_ppp_intdollar,USA,United States,2002,10929108000000
gdp_ppp_intdollar,USA,United States,2001,10581929000000
gdp_ppp_intdollar,USA,United States,2000,10250952000000
gdp_ppp_intdollar,USA,United States,1999,9631172000000
gdp_ppp_intdollar,USA,United States,1998,9062817000000
gdp_ppp_intdollar,USA,United States,1997,8577552000000
gdp_ppp_intdollar,USA,United States,1996,8073122000000
gdp_ppp_intdollar,USA,United States,1995,7639749000000
gdp_ppp_intdollar,USA,United States,1994,7287236000000
gdp_ppp_intdollar,USA,United States,1993,6858559000000
gdp_ppp_intdollar,USA,United States,1992,6520327000000
gdp_ppp_intdollar,USA,United States,1991,6158129000000
gdp_ppp_intdollar,USA,United States,1990,5963144000000
gdp_current_usd,ARE,United Arab Emirates,2024,552324919095.872
gdp_current_usd,ARE,United Arab Emirates,2023,522622268401.125
gdp_current_usd,ARE,United Arab Emirates,2022,511403404642.173
gdp_current_usd,ARE,United Arab Emirates,2021,422441282436.237
gdp_current_usd,ARE,United Arab Emirates,2020,357161776271.328
gdp_current_usd,ARE,United Arab Emirates,2019,433926218686.108
gdp_current_usd,ARE,United Arab Emirates,2018,440560003161.236
gdp_current_usd,ARE,United Arab Emirates,2017,403365056078.846
gdp_current_usd,ARE,United Arab Emirates,2016,381717208620.964
gdp_current_usd,ARE,United Arab Emirates,2015,381973135513.065
gdp_current_usd,ARE,United Arab Emirates,2014,424935834104.193
gdp_current_usd,ARE,United Arab Emirates,2013,409632574702.715
gdp_current_usd,ARE,United Arab Emirates,2012,392793559050.783
gdp_current_usd,ARE,United Arab Emirates,2011,368881033962.57
gdp_current_usd,ARE,United Arab Emirates,2010,307736348527.33
gdp_current_usd,ARE,United Arab Emirates,2009,253547358746.804
gdp_current_usd,ARE,United Arab Emirates,2008,315474615741.223
gdp_current_usd,ARE,United Arab Emirates,2007,257916148767.436
gdp_current_usd,ARE,United Arab Emirates,2006,222116532963.026
gdp_current_usd,ARE,United Arab Emirates,2005,180617467954.23
gdp_current_usd,ARE,United Arab Emirates,2004,147824249957.985
gdp_current_usd,ARE,United Arab Emirates,2003,124346476180.46
gdp_current_usd,ARE,United Arab Emirates,2002,109816091078.603
gdp_current_usd,ARE,United Arab Emirates,2001,103311631797.329
gdp_current_usd,ARE,United Arab Emirates,2000,104337463730.167
gdp_current_usd,ARE,United Arab Emirates,1999,84445399334.7235
gdp_current_usd,ARE,United Arab Emirates,1998,75674384204.7668
gdp_current_usd,ARE,United Arab Emirates,1997,78838886862.1575
gdp_current_usd,ARE,United Arab Emirates,1996,73571217376.7336
gdp_current_usd,ARE,United Arab Emirates,1995,65743604965.7557
gdp_current_usd,ARE,United Arab Emirates,1994,59305111227.5034
gdp_current_usd,ARE,United Arab Emirates,1993,55625269485.1866
gdp_current_usd,ARE,United Arab Emirates,1992,54239188745.5001
gdp_current_usd,ARE,United Arab Emirates,1991,51552058250.3806
gdp_current_usd,ARE,United Arab Emirates,1990,50701374187.331
gdp_current_usd,AUS,Australia,2025,1798518933689.21
gdp_current_usd,AUS,Australia,2024,1757022451652.83
gdp_current_usd,AUS,Australia,2023,1734451264655.6
gdp_current_usd,AUS,Australia,2022,1695627535475.8
gdp_current_usd,AUS,Australia,2021,1560617493202.69
gdp_current_usd,AUS,Australia,2020,1333336461648.09
gdp_current_usd,AUS,Australia,2019,1398349602956.35
gdp_current_usd,AUS,Australia,2018,1433144978761.67
gdp_current_usd,AUS,Australia,2017,1330890554614.09
gdp_current_usd,AUS,Australia,2016,1211588128417.61
gdp_current_usd,AUS,Australia,2015,1356805839935.9
gdp_current_usd,AUS,Australia,2014,1474677007565.64
gdp_current_usd,AUS,Australia,2013,1583737461925.39
gdp_current_usd,AUS,Australia,2012,1552728401401.58
gdp_current_usd,AUS,Australia,2011,1402939868653.4
gdp_current_usd,AUS,Australia,2010,1152566632022.13
gdp_current_usd,AUS,Australia,2009,931761689770.843
gdp_current_usd,AUS,Australia,2008,1058448244063.77
gdp_current_usd,AUS,Australia,2007,856603595823.192
gdp_current_usd,AUS,Australia,2006,749708370332.989
gdp_current_usd,AUS,Australia,2005,696811489612.816
gdp_current_usd,AUS,Australia,2004,615643050220.515
gdp_current_usd,AUS,Australia,2003,468517181129.878
gdp_current_usd,AUS,Australia,2002,396436967262.563
gdp_current_usd,AUS,Australia,2001,380360222861.197
gdp_current_usd,AUS,Australia,2000,416901962163.479
gdp_current_usd,AUS,Australia,1999,390347787943.351
gdp_current_usd,AUS,Australia,1998,400361527504.578
gdp_current_usd,AUS,Australia,1997,436321902767.408
gdp_current_usd,AUS,Australia,1996,401962517479.122
gdp_current_usd,AUS,Australia,1995,368725126225.126
gdp_current_usd,AUS,Australia,1994,323269456935.317
gdp_current_usd,AUS,Australia,1993,312568858909.5
gdp_current_usd,AUS,Australia,1992,325982966981.415
gdp_current_usd,AUS,Australia,1991,326416407860.792
gdp_current_usd,AUS,Australia,1990,311840666465.053
gdp_current_usd,AUT,Austria,2025,579470021095.418
gdp_current_usd,AUT,Austria,2024,534790720466.822
gdp_current_usd,AUT,Austria,2023,516670509628.876
gdp_current_usd,AUT,Austria,2022,473221298968.216
gdp_current_usd,AUT,Austria,2021,480466363176.806
gdp_current_usd,AUT,Austria,2020,434397601557.696
gdp_current_usd,AUT,Austria,2019,442983642371.842
gdp_current_usd,AUT,Austria,2018,452582294972.775
gdp_current_usd,AUT,Austria,2017,414926138132.691
gdp_current_usd,AUT,Austria,2016,393687359770.273
gdp_current_usd,AUT,Austria,2015,379546097300.633
gdp_current_usd,AUT,Austria,2014,438556021078.034
gdp_current_usd,AUT,Austria,2013,426580502769.417
gdp_current_usd,AUT,Austria,2012,406750487603.59
gdp_current_usd,AUT,Austria,2011,428954737064.057
gdp_current_usd,AUT,Austria,2010,389827789217.634
gdp_current_usd,AUT,Austria,2009,399290118782.429
gdp_current_usd,AUT,Austria,2008,429234399096.173
gdp_current_usd,AUT,Austria,2007,386760177589.497
gdp_current_usd,AUT,Austria,2006,333905979332.481
gdp_current_usd,AUT,Austria,2005,313952317330.776
gdp_current_usd,AUT,Austria,2004,299210411454.823
gdp_current_usd,AUT,Austria,2003,260779834340.097
gdp_current_usd,AUT,Austria,2002,212837224022.813
gdp_current_usd,AUT,Austria,2001,196477206829.33
gdp_current_usd,AUT,Austria,2000,196181599831.287
gdp_current_usd,AUT,Austria,1999,216421809125.916
gdp_current_usd,AUT,Austria,1998,217068085815.918
gdp_current_usd,AUT,Austria,1997,211724812267.448
gdp_current_usd,AUT,Austria,1996,235952581232.129
gdp_current_usd,AUT,Austria,1995,240094169510.031
gdp_current_usd,AUT,Austria,1994,202738023129.743
gdp_current_usd,AUT,Austria,1993,189634029338.696
gdp_current_usd,AUT,Austria,1992,194314032056.098
gdp_current_usd,AUT,Austria,1991,173113449616.971
gdp_current_usd,AUT,Austria,1990,165811372382.912
gdp_current_usd,CAN,Canada,2025,2319899772425.92
gdp_current_usd,CAN,Canada,2024,2270076189683.46
gdp_current_usd,CAN,Canada,2023,2196593836347.42
gdp_current_usd,CAN,Canada,2022,2200562785046.32
gdp_current_usd,CAN,Canada,2021,2022377950896.78
gdp_current_usd,CAN,Canada,2020,1655686966881.99
gdp_current_usd,CAN,Canada,2019,1743728952156.85
gdp_current_usd,CAN,Canada,2018,1725330736237.69
gdp_current_usd,CAN,Canada,2017,1649269496514.62
gdp_current_usd,CAN,Canada,2016,1527996250640.92
gdp_current_usd,CAN,Canada,2015,1556510380200.23
gdp_current_usd,CAN,Canada,2014,1805751688808.98
gdp_current_usd,CAN,Canada,2013,1846583831414.43
gdp_current_usd,CAN,Canada,2012,1828359477071.97
gdp_current_usd,CAN,Canada,2011,1793335727900.85
gdp_current_usd,CAN,Canada,2010,1617349192091.46
gdp_current_usd,CAN,Canada,2009,1374627766599.6
gdp_current_usd,CAN,Canada,2008,1552993439550.14
gdp_current_usd,CAN,Canada,2007,1468820407783.26
gdp_current_usd,CAN,Canada,2006,1319291255289.14
gdp_current_usd,CAN,Canada,2005,1173118501402.87
gdp_current_usd,CAN,Canada,2004,1026691006917.76
gdp_current_usd,CAN,Canada,2003,895542074084.648
gdp_current_usd,CAN,Canada,2002,760650608551.583
gdp_current_usd,CAN,Canada,2001,738981792355.372
gdp_current_usd,CAN,Canada,2000,744773415931.587
gdp_current_usd,CAN,Canada,1999,678414215521.303
gdp_current_usd,CAN,Canada,1998,633999325918.436
gdp_current_usd,CAN,Canada,1997,654987722085.801
gdp_current_usd,CAN,Canada,1996,630607994132.747
gdp_current_usd,CAN,Canada,1995,605961090061.207
gdp_current_usd,CAN,Canada,1994,579944346807.264
gdp_current_usd,CAN,Canada,1993,579053561739.4
gdp_current_usd,CAN,Canada,1992,594387358318.855
gdp_current_usd,CAN,Canada,1991,612527712315.615
gdp_current_usd,CAN,Canada,1990,596075591360.987
gdp_current_usd,CHE,Switzerland,2025,1043529899250.92
gdp_current_usd,CHE,Switzerland,2024,969919786394.884
gdp_current_usd,CHE,Switzerland,2023,928435275851.707
gdp_current_usd,CHE,Switzerland,2022,858479038993.75
gdp_current_usd,CHE,Switzerland,2021,840710023481.35
gdp_current_usd,CHE,Switzerland,2020,756096180222.082
gdp_current_usd,CHE,Switzerland,2019,736384764156.877
gdp_current_usd,CHE,Switzerland,2018,740766531453.991
gdp_current_usd,CHE,Switzerland,2017,706660443624.485
gdp_current_usd,CHE,Switzerland,2016,698607778794.566
gdp_current_usd,CHE,Switzerland,2015,706199008878.656
gdp_current_usd,CHE,Switzerland,2014,741168119616.628
gdp_current_usd,CHE,Switzerland,2013,718748402259.576
gdp_current_usd,CHE,Switzerland,2012,697882536676.898
gdp_current_usd,CHE,Switzerland,2011,727231637101.778
gdp_current_usd,CHE,Switzerland,2010,609999593541.9
gdp_current_usd,CHE,Switzerland,2009,563659557945.042
gdp_current_usd,CHE,Switzerland,2008,574703945157.419
gdp_current_usd,CHE,Switzerland,2007,498993845384.872
gdp_current_usd,CHE,Switzerland,2006,448364681767.427
gdp_current_usd,CHE,Switzerland,2005,424511048024.414
gdp_current_usd,CHE,Switzerland,2004,409012909529.554
gdp_current_usd,CHE,Switzerland,2003,366563952624.935
gdp_current_usd,CHE,Switzerland,2002,313930961760.554
gdp_current_usd,CHE,Switzerland,2001,290160142213.795
gdp_current_usd,CHE,Switzerland,2000,282327351965.893
gdp_current_usd,CHE,Switzerland,1999,301911268140.061
gdp_current_usd,CHE,Switzerland,1998,306907741067.733
gdp_current_usd,CHE,Switzerland,1997,298868250534.004
gdp_current_usd,CHE,Switzerland,1996,345373647249.191
gdp_current_usd,CHE,Switzerland,1995,358152520084.567
gdp_current_usd,CHE,Switzerland,1994,305916331797.909
gdp_current_usd,CHE,Switzerland,1993,276339744179.751
gdp_current_usd,CHE,Switzerland,1992,284139428246.338
gdp_current_usd,CHE,Switzerland,1991,272953645746.165
gdp_current_usd,CHE,Switzerland,1990,269768238554.564
gdp_current_usd,DEU,Germany,2025,5050922925047.05
gdp_current_usd,DEU,Germany,2024,4685592577804.69
gdp_current_usd,DEU,Germany,2023,4562207532490.28
gdp_current_usd,DEU,Germany,2022,4201021706478.62
gdp_current_usd,DEU,Germany,2021,4355251953410.78
gdp_current_usd,DEU,Germany,2020,3941398957073.94
gdp_current_usd,DEU,Germany,2019,3959894794039.21
gdp_current_usd,DEU,Germany,2018,4055433215301.96
gdp_current_usd,DEU,Germany,2017,3765351626105.89
gdp_current_usd,DEU,Germany,2016,3536787895179
gdp_current_usd,DEU,Germany,2015,3425099578746.09
gdp_current_usd,DEU,Germany,2014,3964870735760.77
gdp_current_usd,DEU,Germany,2013,3807023797050.99
gdp_current_usd,DEU,Germany,2012,3596483233406.25
gdp_current_usd,DEU,Germany,2011,3823575803793.78
gdp_current_usd,DEU,Germany,2010,3467093769666.67
gdp_current_usd,DEU,Germany,2009,3478545516683.59
gdp_current_usd,DEU,Germany,2008,3808197720125
gdp_current_usd,DEU,Germany,2007,3484056680854.91
gdp_current_usd,DEU,Germany,2006,3046308753670.58
gdp_current_usd,DEU,Germany,2005,2893393187361.87
gdp_current_usd,DEU,Germany,2004,2852317768061.78
gdp_current_usd,DEU,Germany,2003,2534715518349.01
gdp_current_usd,DEU,Germany,2002,2102350798305.89
gdp_current_usd,DEU,Germany,2001,1966381496641.73
gdp_current_usd,DEU,Germany,2000,1966980701145.1
gdp_current_usd,DEU,Germany,1999,2213873468586.88
gdp_current_usd,DEU,Germany,1998,2247760364565.97
gdp_current_usd,DEU,Germany,1997,2218790886532.82
gdp_current_usd,DEU,Germany,1996,2506576553158.31
gdp_current_usd,DEU,Germany,1995,2593053091306.13
gdp_current_usd,DEU,Germany,1994,2215282632276.73
gdp_current_usd,DEU,Germany,1993,2078954217437.6
gdp_current_usd,DEU,Germany,1992,2141377582968.07
gdp_current_usd,DEU,Germany,1991,1875792575132.59
gdp_current_usd,DEU,Germany,1990,1778162195860.07
gdp_current_usd,DNK,Denmark,2025,462526660468.393
gdp_current_usd,DNK,Denmark,2024,424524722037.047
gdp_current_usd,DNK,Denmark,2023,404651706117.557
gdp_current_usd,DNK,Denmark,2022,400114306337.077
gdp_current_usd,DNK,Denmark,2021,406110162088.054
gdp_current_usd,DNK,Denmark,2020,355631021931.621
gdp_current_usd,DNK,Denmark,2019,345401473012.615
gdp_current_usd,DNK,Denmark,2018,355293374912.393
gdp_current_usd,DNK,Denmark,2017,331610593961.988
gdp_current_usd,DNK,Denmark,2016,312181849372.233
gdp_current_usd,DNK,Denmark,2015,301758922337.637
gdp_current_usd,DNK,Denmark,2014,352832602064.452
gdp_current_usd,DNK,Denmark,2013,344631016965.12
gdp_current_usd,DNK,Denmark,2012,326792574244.963
gdp_current_usd,DNK,Denmark,2011,344315595263.175
gdp_current_usd,DNK,Denmark,2010,322345594075.47
gdp_current_usd,DNK,Denmark,2009,322619152194.594
gdp_current_usd,DNK,Denmark,2008,354979471960.142
gdp_current_usd,DNK,Denmark,2007,320213157595.018
gdp_current_usd,DNK,Denmark,2006,283386151543.687
gdp_current_usd,DNK,Denmark,2005,265150087711.985
gdp_current_usd,DNK,Denmark,2004,251986155630.852
gdp_current_usd,DNK,Denmark,2003,218421193436.252
gdp_current_usd,DNK,Denmark,2002,178788209558.311
gdp_current_usd,DNK,Denmark,2001,164881594415.341
gdp_current_usd,DNK,Denmark,2000,164043817223.59
gdp_current_usd,DNK,Denmark,1999,177887720535.535
gdp_current_usd,DNK,Denmark,1998,176877077513.133
gdp_current_usd,DNK,Denmark,1997,173241365735.483
gdp_current_usd,DNK,Denmark,1996,187481157845.724
gdp_current_usd,DNK,Denmark,1995,184848481008.139
gdp_current_usd,DNK,Denmark,1994,156017919221.457
gdp_current_usd,DNK,Denmark,1993,143111306004.102
gdp_current_usd,DNK,Denmark,1992,152966494259.538
gdp_current_usd,DNK,Denmark,1991,139180507777.691
gdp_current_usd,DNK,Denmark,1990,138217740684.484
gdp_current_usd,ESP,Spain,2025,1906453309985.88
gdp_current_usd,ESP,Spain,2024,1725671652742.19
gdp_current_usd,ESP,Spain,2023,1619481980719.64
gdp_current_usd,ESP,Spain,2022,1448850658406.62
gdp_current_usd,ESP,Spain,2021,1461244901852.69
gdp_current_usd,ESP,Spain,2020,1289783836971.21
gdp_current_usd,ESP,Spain,2019,1403496387686.27
gdp_current_usd,ESP,Spain,2018,1431642809327.06
gdp_current_usd,ESP,Spain,2017,1321754088818.83
gdp_current_usd,ESP,Spain,2016,1243015667917.12
gdp_current_usd,ESP,Spain,2015,1206164777553.12
gdp_current_usd,ESP,Spain,2014,1380244561361.96
gdp_current_usd,ESP,Spain,2013,1362186923157.65
gdp_current_usd,ESP,Spain,2012,1330994811670.31
gdp_current_usd,ESP,Spain,2011,1487568659241.25
gdp_current_usd,ESP,Spain,2010,1427989078916.67
gdp_current_usd,ESP,Spain,2009,1496587590847.66
gdp_current_usd,ESP,Spain,2008,1636115447612.5
gdp_current_usd,ESP,Spain,2007,1476746276854.51
gdp_current_usd,ESP,Spain,2006,1261846683275.29
gdp_current_usd,ESP,Spain,2005,1154667551775.88
gdp_current_usd,ESP,Spain,2004,1069829382514.67
gdp_current_usd,ESP,Spain,2003,907963217057.645
gdp_current_usd,ESP,Spain,2002,708938227243.923
gdp_current_usd,ESP,Spain,2001,627798682378.741
gdp_current_usd,ESP,Spain,2000,598102854756.08
gdp_current_usd,ESP,Spain,1999,634394904386.874
gdp_current_usd,ESP,Spain,1998,618731484575.12
gdp_current_usd,ESP,Spain,1997,589739772727.273
gdp_current_usd,ESP,Spain,1996,642251412058.321
gdp_current_usd,ESP,Spain,1995,614170002668.802
gdp_current_usd,ESP,Spain,1994,530183651720.283
gdp_current_usd,ESP,Spain,1993,524700572623.872
gdp_current_usd,ESP,Spain,1992,630465353486.104
gdp_current_usd,ESP,Spain,1991,576753902321.857
gdp_current_usd,ESP,Spain,1990,536175326477.31
gdp_current_usd,EST,Estonia,2025,47030833798.5866
gdp_current_usd,EST,Estonia,2024,43130419829.35
gdp_current_usd,EST,Estonia,2023,41470344395.1086
gdp_current_usd,EST,Estonia,2022,38226641740.29
gdp_current_usd,EST,Estonia,2021,37201101170.5847
gdp_current_usd,EST,Estonia,2020,31820771493.8974
gdp_current_usd,EST,Estonia,2019,31873748770.0313
gdp_current_usd,EST,Estonia,2018,31222632740.7247
gdp_current_usd,EST,Estonia,2017,27469461919.1189
gdp_current_usd,EST,Estonia,2016,24561027787.7896
gdp_current_usd,EST,Estonia,2015,23311847750.9394
gdp_current_usd,EST,Estonia,2014,27055689003.0038
gdp_current_usd,EST,Estonia,2013,25451032780.7573
gdp_current_usd,EST,Estonia,2012,23237406116.3988
gdp_current_usd,EST,Estonia,2011,23303915794.7569
gdp_current_usd,EST,Estonia,2010,19524355419.038
gdp_current_usd,EST,Estonia,2009,19633984440.1223
gdp_current_usd,EST,Estonia,2008,24342935403.5447
gdp_current_usd,EST,Estonia,2007,22450264166.4385
gdp_current_usd,EST,Estonia,2006,17025671810.3124
gdp_current_usd,EST,Estonia,2005,14109491356.7964
gdp_current_usd,EST,Estonia,2004,12148595031.0559
gdp_current_usd,EST,Estonia,2003,9876595528.45528
gdp_current_usd,EST,Estonia,2002,7370119619.4782
gdp_current_usd,EST,Estonia,2001,6250218422.70164
gdp_current_usd,EST,Estonia,2000,5686579747.53524
gdp_current_usd,EST,Estonia,1999,5756912265.75809
gdp_current_usd,EST,Estonia,1998,5674080542.88575
gdp_current_usd,EST,Estonia,1997,5154420649.23354
gdp_current_usd,EST,Estonia,1996,4786018988.16491
gdp_current_usd,EST,Estonia,1995,4502970889.06373
gdp_current_usd,EST,Estonia,1994,4123011419.74174
gdp_current_usd,EST,Estonia,1993,4013091682.2914
gdp_current_usd,FIN,Finland,2025,317039368819.607
gdp_current_usd,FIN,Finland,2024,298729432711.719
gdp_current_usd,FIN,Finland,2023,295191741637.26
gdp_current_usd,FIN,Finland,2022,280253099309.34
gdp_current_usd,FIN,Finland,2021,294223210496.119
gdp_current_usd,FIN,Finland,2020,270000311606.226
gdp_current_usd,FIN,Finland,2019,267014821129.411
gdp_current_usd,FIN,Finland,2018,273869255596.078
gdp_current_usd,FIN,Finland,2017,253846138440
gdp_current_usd,FIN,Finland,2016,238777818792.608
gdp_current_usd,FIN,Finland,2015,233210733506.25
gdp_current_usd,FIN,Finland,2014,273478528954.901
gdp_current_usd,FIN,Finland,2013,270268036626.275
gdp_current_usd,FIN,Finland,2012,257443384492.969
gdp_current_usd,FIN,Finland,2011,275126915515.565
gdp_current_usd,FIN,Finland,2010,249429613683.334
gdp_current_usd,FIN,Finland,2009,253480783439.453
gdp_current_usd,FIN,Finland,2008,285698662071.094
gdp_current_usd,FIN,Finland,2007,256360251537.648
gdp_current_usd,FIN,Finland,2006,217044068234.117
gdp_current_usd,FIN,Finland,2005,204859368790.661
gdp_current_usd,FIN,Finland,2004,197458297639.769
gdp_current_usd,FIN,Finland,2003,171612867735.686
gdp_current_usd,FIN,Finland,2002,140360963811.765
gdp_current_usd,FIN,Finland,2001,129519672868.898
gdp_current_usd,FIN,Finland,2000,125967821110.589
gdp_current_usd,FIN,Finland,1999,135234241918.147
gdp_current_usd,FIN,Finland,1998,133990876724.522
gdp_current_usd,FIN,Finland,1997,126862902302.142
gdp_current_usd,FIN,Finland,1996,131991975148.848
gdp_current_usd,FIN,Finland,1995,134060457516.34
gdp_current_usd,FIN,Finland,1994,103182697780.307
gdp_current_usd,FIN,Finland,1993,89112105756.2194
gdp_current_usd,FIN,Finland,1992,112537828510.751
gdp_current_usd,FIN,Finland,1991,127794441993.824
gdp_current_usd,FIN,Finland,1990,141446120354.533
gdp_current_usd,FRA,France,2025,3366315927447.33
gdp_current_usd,FRA,France,2024,3160442622465.08
gdp_current_usd,FRA,France,2023,3056250648138.29
gdp_current_usd,FRA,France,2022,2794788137066.94
gdp_current_usd,FRA,France,2021,2966433692008.09
gdp_current_usd,FRA,France,2020,2647926055110.05
gdp_current_usd,FRA,France,2019,2722793515171.76
gdp_current_usd,FRA,France,2018,2781576320884.39
gdp_current_usd,FRA,France,2017,2588868323334.71
gdp_current_usd,FRA,France,2016,2470407619777.13
gdp_current_usd,FRA,France,2015,2442483452642.5
gdp_current_usd,FRA,France,2014,2861236112552.42
gdp_current_usd,FRA,France,2013,2816077607875.26
gdp_current_usd,FRA,France,2012,2683007095787.23
gdp_current_usd,FRA,France,2011,2870408553990.28
gdp_current_usd,FRA,France,2010,2646230027988.34
gdp_current_usd,FRA,France,2009,2700075882518.98
gdp_current_usd,FRA,France,2008,2926802941585.86
gdp_current_usd,FRA,France,2007,2655816911866.56
gdp_current_usd,FRA,France,2006,2317861544690.82
gdp_current_usd,FRA,France,2005,2192146403028.17
gdp_current_usd,FRA,France,2004,2109792297237.03
gdp_current_usd,FRA,France,2003,1835095983049.09
gdp_current_usd,FRA,France,2002,1492427756382.43
gdp_current_usd,FRA,France,2001,1370376677298.86
gdp_current_usd,FRA,France,2000,1360959069477.49
gdp_current_usd,FRA,France,1999,1486915879701.93
gdp_current_usd,FRA,France,1998,1496906382032.47
gdp_current_usd,FRA,France,1997,1449392222971.45
gdp_current_usd,FRA,France,1996,1598889216566.23
gdp_current_usd,FRA,France,1995,1595219345511.89
gdp_current_usd,FRA,France,1994,1385822778827.98
gdp_current_usd,FRA,France,1993,1314383368079.69
gdp_current_usd,FRA,France,1992,1389663073110.28
gdp_current_usd,FRA,France,1991,1258961748633.88
gdp_current_usd,FRA,France,1990,1257649439826.53
gdp_current_usd,GBR,United Kingdom,2025,4002587541846.01
gdp_current_usd,GBR,United Kingdom,2024,3695539513534.15
gdp_current_usd,GBR,United Kingdom,2023,3420796653789.08
gdp_current_usd,GBR,United Kingdom,2022,3181244350465.41
gdp_current_usd,GBR,United Kingdom,2021,3194559188925.93
gdp_current_usd,GBR,United Kingdom,2020,2724001478304.59
gdp_current_usd,GBR,United Kingdom,2019,2875710080015.3
gdp_current_usd,GBR,United Kingdom,2018,2897028009916.05
gdp_current_usd,GBR,United Kingdom,2017,2699118387873.1
gdp_current_usd,GBR,United Kingdom,2016,2706807606538.73
gdp_current_usd,GBR,United Kingdom,2015,2945579890258.46
gdp_current_usd,GBR,United Kingdom,2014,3085362169410.29
gdp_current_usd,GBR,United Kingdom,2013,2796908333283.39
gdp_current_usd,GBR,United Kingdom,2012,2719715961539.83
gdp_current_usd,GBR,United Kingdom,2011,2675590034128.66
gdp_current_usd,GBR,United Kingdom,2010,2496740681057.14
gdp_current_usd,GBR,United Kingdom,2009,2429358155475.93
gdp_current_usd,GBR,United Kingdom,2008,2945251838235.29
gdp_current_usd,GBR,United Kingdom,2007,3104699879951.98
gdp_current_usd,GBR,United Kingdom,2006,2719558417663.29
gdp_current_usd,GBR,United Kingdom,2005,2551361818181.82
gdp_current_usd,GBR,United Kingdom,2004,2429774807762.72
gdp_current_usd,GBR,United Kingdom,2003,2061227755102.04
gdp_current_usd,GBR,United Kingdom,2002,1790536570743.41
gdp_current_usd,GBR,United Kingdom,2001,1656171009068.66
gdp_current_usd,GBR,United Kingdom,2000,1671597821152.97
gdp_current_usd,GBR,United Kingdom,1999,1693458987218.9
gdp_current_usd,GBR,United Kingdom,1998,1660821464060.95
gdp_current_usd,GBR,United Kingdom,1997,1569317288801.57
gdp_current_usd,GBR,United Kingdom,1996,1425287051482.06
gdp_current_usd,GBR,United Kingdom,1995,1349094208616.06
gdp_current_usd,GBR,United Kingdom,1994,1140489745944.29
gdp_current_usd,GBR,United Kingdom,1993,1061388722255.55
gdp_current_usd,GBR,United Kingdom,1992,1179659529659.53
gdp_current_usd,GBR,United Kingdom,1991,1142797178130.51
gdp_current_usd,GBR,United Kingdom,1990,1093169389204.55
gdp_current_usd,ISL,Iceland,2025,38582528789.0033
gdp_current_usd,ISL,Iceland,2024,33186621855.0053
gdp_current_usd,ISL,Iceland,2023,31701996433.7807
gdp_current_usd,ISL,Iceland,2022,29176227825.4736
gdp_current_usd,ISL,Iceland,2021,26234872402.457
gdp_current_usd,ISL,Iceland,2020,22034665040.7901
gdp_current_usd,ISL,Iceland,2019,24985687022.0452
gdp_current_usd,ISL,Iceland,2018,26677652544.3499
gdp_current_usd,ISL,Iceland,2017,25060086487.8901
gdp_current_usd,ISL,Iceland,2016,21083713310.457
gdp_current_usd,ISL,Iceland,2015,17700486957.1907
gdp_current_usd,ISL,Iceland,2014,18052183514.8695
gdp_current_usd,ISL,Iceland,2013,16244319958.6808
gdp_current_usd,ISL,Iceland,2012,14943757823.3226
gdp_current_usd,ISL,Iceland,2011,15394005872.149
gdp_current_usd,ISL,Iceland,2010,13922711576.5124
gdp_current_usd,ISL,Iceland,2009,13212543837.5133
gdp_current_usd,ISL,Iceland,2008,18247921360.2599
gdp_current_usd,ISL,Iceland,2007,21960110030.4426
gdp_current_usd,ISL,Iceland,2006,17671649843.2602
gdp_current_usd,ISL,Iceland,2005,17146410560.5279
gdp_current_usd,ISL,Iceland,2004,13963943244.0018
gdp_current_usd,ISL,Iceland,2003,11564687741.9859
gdp_current_usd,ISL,Iceland,2002,9416199699.54736
gdp_current_usd,ISL,Iceland,2001,8323401820.48477
gdp_current_usd,ISL,Iceland,2000,9140168922.35677
gdp_current_usd,ISL,Iceland,1999,9107644690.76647
gdp_current_usd,ISL,Iceland,1998,8637732541.50677
gdp_current_usd,ISL,Iceland,1997,7716781803.07823
gdp_current_usd,ISL,Iceland,1996,7686566105.26316
gdp_current_usd,ISL,Iceland,1995,7372640168.67697
gdp_current_usd,ISL,Iceland,1994,6612804055.79289
gdp_current_usd,ISL,Iceland,1993,6435952173.86159
gdp_current_usd,ISL,Iceland,1992,7328497599.30768
gdp_current_usd,ISL,Iceland,1991,7151260062.07169
gdp_current_usd,ISL,Iceland,1990,6694851159.32729
gdp_current_usd,ISR,Israel,2025,610777842873.595
gdp_current_usd,ISR,Israel,2024,542284494490.778
gdp_current_usd,ISR,Israel,2023,513393395491.904
gdp_current_usd,ISR,Israel,2022,525157951212.871
gdp_current_usd,ISR,Israel,2021,489735019666.026
gdp_current_usd,ISR,Israel,2020,410908899711.272
gdp_current_usd,ISR,Israel,2019,399207771081.611
gdp_current_usd,ISR,Israel,2018,375470422244.408
gdp_current_usd,ISR,Israel,2017,357360816856.642
gdp_current_usd,ISR,Israel,2016,321083954798.337
gdp_current_usd,ISR,Israel,2015,302841190257.708
gdp_current_usd,ISR,Israel,2014,314376760832.047
gdp_current_usd,ISR,Israel,2013,298045324735.571
gdp_current_usd,ISR,Israel,2012,263172104090.976
gdp_current_usd,ISR,Israel,2011,267739352609.375
gdp_current_usd,ISR,Israel,2010,239372857534.485
gdp_current_usd,ISR,Israel,2009,213112649594.385
gdp_current_usd,ISR,Israel,2008,220952472408.027
gdp_current_usd,ISR,Israel,2007,184448882451.742
gdp_current_usd,ISR,Israel,2006,158706516001.616
gdp_current_usd,ISR,Israel,2005,147346035831.272
gdp_current_usd,ISR,Israel,2004,139925423025.435
gdp_current_usd,ISR,Israel,2003,131278887815.375
gdp_current_usd,ISR,Israel,2002,125215963105.239
gdp_current_usd,ISR,Israel,2001,134889159474.047
gdp_current_usd,ISR,Israel,2000,136409902631.643
gdp_current_usd,ISR,Israel,1999,121329240041.549
gdp_current_usd,ISR,Israel,1998,120468659245.809
gdp_current_usd,ISR,Israel,1997,119389303067.2
gdp_current_usd,ISR,Israel,1996,115051957577.467
gdp_current_usd,ISR,Israel,1995,105432315611.198
gdp_current_usd,ISR,Israel,1994,90684108118.4773
gdp_current_usd,ISR,Israel,1993,79806598119.6297
gdp_current_usd,ISR,Israel,1992,79408652426.2417
gdp_current_usd,ISR,Israel,1991,70954941681.4027
gdp_current_usd,ISR,Israel,1990,61978459022.3391
gdp_current_usd,ITA,Italy,2025,2551556954100.35
gdp_current_usd,ITA,Italy,2024,2383435562458.12
gdp_current_usd,ITA,Italy,2023,2316882296366.32
gdp_current_usd,ITA,Italy,2022,2104067630319.46
gdp_current_usd,ITA,Italy,2021,2179207773596.09
gdp_current_usd,ITA,Italy,2020,1907481094079.23
gdp_current_usd,ITA,Italy,2019,2019606796583.53
gdp_current_usd,ITA,Italy,2018,2099435266458.67
gdp_current_usd,ITA,Italy,2017,1970720904584.71
gdp_current_usd,ITA,Italy,2016,1887111188176.93
gdp_current_usd,ITA,Italy,2015,1845428048839.1
gdp_current_usd,ITA,Italy,2014,2173255507985.84
gdp_current_usd,ITA,Italy,2013,2153225581941.46
gdp_current_usd,ITA,Italy,2012,2097929495121.68
gdp_current_usd,ITA,Italy,2011,2306974020278.21
gdp_current_usd,ITA,Italy,2010,2144936254535
gdp_current_usd,ITA,Italy,2009,2209484319012.65
gdp_current_usd,ITA,Italy,2008,2417508414187.19
gdp_current_usd,ITA,Italy,2007,2222524108127.65
gdp_current_usd,ITA,Italy,2006,1958563654385.64
gdp_current_usd,ITA,Italy,2005,1864982261286.85
gdp_current_usd,ITA,Italy,2004,1812808753294.75
gdp_current_usd,ITA,Italy,2003,1582930016538.82
gdp_current_usd,ITA,Italy,2002,1281746271196.04
gdp_current_usd,ITA,Italy,2001,1172041488805.87
gdp_current_usd,ITA,Italy,2000,1149661363439.38
gdp_current_usd,ITA,Italy,1999,1255004736463.98
gdp_current_usd,ITA,Italy,1998,1272729786996.77
gdp_current_usd,ITA,Italy,1997,1244988176443.84
gdp_current_usd,ITA,Italy,1996,1314776508972.27
gdp_current_usd,ITA,Italy,1995,1177369428265.78
gdp_current_usd,ITA,Italy,1994,1101750159702.21
gdp_current_usd,ITA,Italy,1993,1067412587670.73
gdp_current_usd,ITA,Italy,1992,1323204350353.5
gdp_current_usd,ITA,Italy,1991,1249092439519.28
gdp_current_usd,ITA,Italy,1990,1183945130898.51
gdp_current_usd,JPN,Japan,2025,4435162999976.94
gdp_current_usd,JPN,Japan,2024,4190008188358.57
gdp_current_usd,JPN,Japan,2023,4384854269961.93
gdp_current_usd,JPN,Japan,2022,4447976207314.78
gdp_current_usd,JPN,Japan,2021,5225933520753.1
gdp_current_usd,JPN,Japan,2020,5189197543645.38
gdp_current_usd,JPN,Japan,2019,5245755000479.03
gdp_current_usd,JPN,Japan,2018,5154293721629.56
gdp_current_usd,JPN,Japan,2017,5038231631660.71
gdp_current_usd,JPN,Japan,2016,5110357383254.44
gdp_current_usd,JPN,Japan,2015,4534438580494.94
gdp_current_usd,JPN,Japan,2014,4985763289560.81
gdp_current_usd,JPN,Japan,2013,5272297037396.96
gdp_current_usd,JPN,Japan,2012,6333803928787.76
gdp_current_usd,JPN,Japan,2011,6279422550218.7
gdp_current_usd,JPN,Japan,2010,5811578109447.07
gdp_current_usd,JPN,Japan,2009,5336765697589.29
gdp_current_usd,JPN,Japan,2008,5160197175876.43
gdp_current_usd,JPN,Japan,2007,4624670179654.96
gdp_current_usd,JPN,Japan,2006,4648058930707.24
gdp_current_usd,JPN,Japan,2005,4875648486366.14
gdp_current_usd,JPN,Japan,2004,4941485123806.53
gdp_current_usd,JPN,Japan,2003,4573413206709.02
gdp_current_usd,JPN,Japan,2002,4245946980572.3
gdp_current_usd,JPN,Japan,2001,4438792748062.4
gdp_current_usd,JPN,Japan,2000,5042381838343.44
gdp_current_usd,JPN,Japan,1999,4688983449627.24
gdp_current_usd,JPN,Japan,1998,4150359076370.48
gdp_current_usd,JPN,Japan,1997,4579780793431.57
gdp_current_usd,JPN,Japan,1996,5021441618840.38
gdp_current_usd,JPN,Japan,1995,5639649753985.77
gdp_current_usd,JPN,Japan,1994,5104063486348.4
gdp_current_usd,JPN,Japan,1993,4632480515091.13
gdp_current_usd,JPN,Japan,1992,4064529567505.43
gdp_current_usd,JPN,Japan,1991,3724887648862.31
gdp_current_usd,JPN,Japan,1990,3252994239867.4
gdp_current_usd,KOR,"Korea, Rep.",2025,1872374961553.15
gdp_current_usd,KOR,"Korea, Rep.",2024,1875388209406.8
gdp_current_usd,KOR,"Korea, Rep.",2023,1844800934391.54
gdp_current_usd,KOR,"Korea, Rep.",2022,1799363116866.52
gdp_current_usd,KOR,"Korea, Rep.",2021,1942313560965.9
gdp_current_usd,KOR,"Korea, Rep.",2020,1744070276373.34
gdp_current_usd,KOR,"Korea, Rep.",2019,1751045752054.63
gdp_current_usd,KOR,"Korea, Rep.",2018,1824251454306.83
gdp_current_usd,KOR,"Korea, Rep.",2017,1710196756713.17
gdp_current_usd,KOR,"Korea, Rep.",2016,1579150518945.44
gdp_current_usd,KOR,"Korea, Rep.",2015,1539212301135.55
gdp_current_usd,KOR,"Korea, Rep.",2014,1556252422020.44
gdp_current_usd,KOR,"Korea, Rep.",2013,1434669686501.84
gdp_current_usd,KOR,"Korea, Rep.",2012,1335343586437.67
gdp_current_usd,KOR,"Korea, Rep.",2011,1307103477219.1
gdp_current_usd,KOR,"Korea, Rep.",2010,1192830015737.68
gdp_current_usd,KOR,"Korea, Rep.",2009,983065242417.36
gdp_current_usd,KOR,"Korea, Rep.",2008,1091580692542.34
gdp_current_usd,KOR,"Korea, Rep.",2007,1220911904593.06
gdp_current_usd,KOR,"Korea, Rep.",2006,1095175538508.19
gdp_current_usd,KOR,"Korea, Rep.",2005,971740329983.878
gdp_current_usd,KOR,"Korea, Rep.",2004,823251107638.814
gdp_current_usd,KOR,"Korea, Rep.",2003,728516494684.269
gdp_current_usd,KOR,"Korea, Rep.",2002,650014391470.21
gdp_current_usd,KOR,"Korea, Rep.",2001,567564806235.441
gdp_current_usd,KOR,"Korea, Rep.",2000,597487173479.109
gdp_current_usd,KOR,"Korea, Rep.",1999,515697079289.011
gdp_current_usd,KOR,"Korea, Rep.",1998,397297216492.19
gdp_current_usd,KOR,"Korea, Rep.",1997,589202526424.141
gdp_current_usd,KOR,"Korea, Rep.",1996,631196863758.281
gdp_current_usd,KOR,"Korea, Rep.",1995,586286469400.665
gdp_current_usd,KOR,"Korea, Rep.",1994,479181794216.859
gdp_current_usd,KOR,"Korea, Rep.",1993,405705302846.447
gdp_current_usd,KOR,"Korea, Rep.",1992,366921291824.719
gdp_current_usd,KOR,"Korea, Rep.",1991,340851946803.812
gdp_current_usd,KOR,"Korea, Rep.",1990,292064221388.988
gdp_current_usd,LUX,Luxembourg,2025,101157829491.107
gdp_current_usd,LUX,Luxembourg,2024,93279851863.4062
gdp_current_usd,LUX,Luxembourg,2023,88788881539.3937
gdp_current_usd,LUX,Luxembourg,2022,80801680397.0139
gdp_current_usd,LUX,Luxembourg,2021,86386759695.1653
gdp_current_usd,LUX,Luxembourg,2020,73670782100.3909
gdp_current_usd,LUX,Luxembourg,2019,69872035113.6469
gdp_current_usd,LUX,Luxembourg,2018,71085623495.1145
gdp_current_usd,LUX,Luxembourg,2017,65712180342.9836
gdp_current_usd,LUX,Luxembourg,2016,62216885435.9488
gdp_current_usd,LUX,Luxembourg,2015,60071584216.1375
gdp_current_usd,LUX,Luxembourg,2014,68804814554.646
gdp_current_usd,LUX,Luxembourg,2013,65203276466.9763
gdp_current_usd,LUX,Luxembourg,2012,59776383527.3602
gdp_current_usd,LUX,Luxembourg,2011,61696281326.2453
gdp_current_usd,LUX,Luxembourg,2010,56213985987.4168
gdp_current_usd,LUX,Luxembourg,2009,54467289897.5582
gdp_current_usd,LUX,Luxembourg,2008,58844277701.5258
gdp_current_usd,LUX,Luxembourg,2007,51587401415.7872
gdp_current_usd,LUX,Luxembourg,2006,42910153829.6576
gdp_current_usd,LUX,Luxembourg,2005,37672311222.7362
gdp_current_usd,LUX,Luxembourg,2004,35064843792.8993
gdp_current_usd,LUX,Luxembourg,2003,29667268248.1305
gdp_current_usd,LUX,Luxembourg,2002,23649832386.5918
gdp_current_usd,LUX,Luxembourg,2001,21387550720.1937
gdp_current_usd,LUX,Luxembourg,2000,21230200537.942
gdp_current_usd,LUX,Luxembourg,1999,21899317598.8414
gdp_current_usd,LUX,Luxembourg,1998,20150055567.904
gdp_current_usd,LUX,Luxembourg,1997,19563836265.2233
gdp_current_usd,LUX,Luxembourg,1996,20895314657.9805
gdp_current_usd,LUX,Luxembourg,1995,20853093869.7318
gdp_current_usd,LUX,Luxembourg,1994,17701798890.7644
gdp_current_usd,LUX,Luxembourg,1993,15925521222.0149
gdp_current_usd,LUX,Luxembourg,1992,15518702634.8808
gdp_current_usd,LUX,Luxembourg,1991,13834219728.293
gdp_current_usd,LUX,Luxembourg,1990,12778792853.6939
gdp_current_usd,NLD,Netherlands,2025,1332767651100.39
gdp_current_usd,NLD,Netherlands,2024,1213936238063.28
gdp_current_usd,NLD,Netherlands,2023,1135475867551
gdp_current_usd,NLD,Netherlands,2022,1046540797548.64
gdp_current_usd,NLD,Netherlands,2021,1054472123449.6
gdp_current_usd,NLD,Netherlands,2020,932560861701.17
gdp_current_usd,NLD,Netherlands,2019,928903005576.469
gdp_current_usd,NLD,Netherlands,2018,929733599796.862
gdp_current_usd,NLD,Netherlands,2017,848233537845.884
gdp_current_usd,NLD,Netherlands,2016,797163949289.885
gdp_current_usd,NLD,Netherlands,2015,775743675302.734
gdp_current_usd,NLD,Netherlands,2014,901556501756.467
gdp_current_usd,NLD,Netherlands,2013,883951539006.669
gdp_current_usd,NLD,Netherlands,2012,845689017065.625
gdp_current_usd,NLD,Netherlands,2011,913140741332.687
gdp_current_usd,NLD,Netherlands,2010,852464982433.335
gdp_current_usd,NLD,Netherlands,2009,878954223140.234
gdp_current_usd,NLD,Netherlands,2008,957901566041.406
gdp_current_usd,NLD,Netherlands,2007,853499460872.552
gdp_current_usd,NLD,Netherlands,2006,737593995289.411
gdp_current_usd,NLD,Netherlands,2005,688133699635.797
gdp_current_usd,NLD,Netherlands,2004,661224886143.245
gdp_current_usd,NLD,Netherlands,2003,582435617081.96
gdp_current_usd,NLD,Netherlands,2002,475529972122.746
gdp_current_usd,NLD,Netherlands,2001,432536219668.898
gdp_current_usd,NLD,Netherlands,2000,417649282153.726
gdp_current_usd,NLD,Netherlands,1999,447778514140.155
gdp_current_usd,NLD,Netherlands,1998,438612530548.767
gdp_current_usd,NLD,Netherlands,1997,417506211881.635
gdp_current_usd,NLD,Netherlands,1996,451372549019.608
gdp_current_usd,NLD,Netherlands,1995,452967334614.329
gdp_current_usd,NLD,Netherlands,1994,379688232231.505
gdp_current_usd,NLD,Netherlands,1993,354070495965.828
gdp_current_usd,NLD,Netherlands,1992,363497050125.313
gdp_current_usd,NLD,Netherlands,1991,327982316124.47
gdp_current_usd,NLD,Netherlands,1990,318799003993.707
gdp_current_usd,NOR,Norway,2025,530755719438.879
gdp_current_usd,NOR,Norway,2024,500886328034.123
gdp_current_usd,NOR,Norway,2023,502197633322.816
gdp_current_usd,NOR,Norway,2022,617321834098.986
gdp_current_usd,NOR,Norway,2021,521592200232.829
gdp_current_usd,NOR,Norway,2020,382252517921.94
gdp_current_usd,NOR,Norway,2019,424244886363.636
gdp_current_usd,NOR,Norway,2018,454588871810.636
gdp_current_usd,NOR,Norway,2017,415673181543.421
gdp_current_usd,NOR,Norway,2016,383284047619.048
gdp_current_usd,NOR,Norway,2015,400669174330.888
gdp_current_usd,NOR,Norway,2014,515829568897.117
gdp_current_usd,NOR,Norway,2013,540132255319.149
gdp_current_usd,NOR,Norway,2012,525082939406.962
gdp_current_usd,NOR,Norway,2011,512868581627.712
gdp_current_usd,NOR,Norway,2010,440132138425.479
gdp_current_usd,NOR,Norway,2009,395664488017.429
gdp_current_usd,NOR,Norway,2008,472060283687.943
gdp_current_usd,NOR,Norway,2007,407813774161.08
gdp_current_usd,NOR,Norway,2006,349773283644.925
gdp_current_usd,NOR,Norway,2005,311417306946.061
gdp_current_usd,NOR,Norway,2004,265662977688.108
gdp_current_usd,NOR,Norway,2003,229192678172.933
gdp_current_usd,NOR,Norway,2002,195359978957.389
gdp_current_usd,NOR,Norway,2001,173590978346.698
gdp_current_usd,NOR,Norway,2000,170620327660.251
gdp_current_usd,NOR,Norway,1999,161304620986.768
gdp_current_usd,NOR,Norway,1998,152955958171.529
gdp_current_usd,NOR,Norway,1997,160013571973.874
gdp_current_usd,NOR,Norway,1996,162427517132.314
gdp_current_usd,NOR,Norway,1995,151083627983.331
gdp_current_usd,NOR,Norway,1994,126324387893.902
gdp_current_usd,NOR,Norway,1993,119841699440.38
gdp_current_usd,NOR,Norway,1992,129998873602.06
gdp_current_usd,NOR,Norway,1991,121149331317.774
gdp_current_usd,NOR,Norway,1990,119344377526.08
gdp_current_usd,NZL,New Zealand,2025,264057413739.965
gdp_current_usd,NZL,New Zealand,2024,261497198363.906
gdp_current_usd,NZL,New Zealand,2023,256372177757.764
gdp_current_usd,NZL,New Zealand,2022,249723029451.237
gdp_current_usd,NZL,New Zealand,2021,253732493987.834
gdp_current_usd,NZL,New Zealand,2020,213318129988.602
gdp_current_usd,NZL,New Zealand,2019,213088034258.42
gdp_current_usd,NZL,New Zealand,2018,211726161989.495
gdp_current_usd,NZL,New Zealand,2017,206561943051.354
gdp_current_usd,NZL,New Zealand,2016,188980351890.848
gdp_current_usd,NZL,New Zealand,2015,178147457242.978
gdp_current_usd,NZL,New Zealand,2014,201435445068.164
gdp_current_usd,NZL,New Zealand,2013,190943478289.796
gdp_current_usd,NZL,New Zealand,2012,176508049114.249
gdp_current_usd,NZL,New Zealand,2011,168458838711.118
gdp_current_usd,NZL,New Zealand,2010,146887902524.052
gdp_current_usd,NZL,New Zealand,2009,121663439315.385
gdp_current_usd,NZL,New Zealand,2008,133437126590.286
gdp_current_usd,NZL,New Zealand,2007,137188946865.584
gdp_current_usd,NZL,New Zealand,2006,111538810712.665
gdp_current_usd,NZL,New Zealand,2005,114720129550.095
gdp_current_usd,NZL,New Zealand,2004,103905210084.034
gdp_current_usd,NZL,New Zealand,2003,88250885550.2626
gdp_current_usd,NZL,New Zealand,2002,66627729311.4495
gdp_current_usd,NZL,New Zealand,2001,53872425916.6248
gdp_current_usd,NZL,New Zealand,2000,52623281956.7031
gdp_current_usd,NZL,New Zealand,1999,58762260625.8758
gdp_current_usd,NZL,New Zealand,1998,56227169851.0448
gdp_current_usd,NZL,New Zealand,1997,66075143415.4952
gdp_current_usd,NZL,New Zealand,1996,70140835299.0148
gdp_current_usd,NZL,New Zealand,1995,63918703506.9075
gdp_current_usd,NZL,New Zealand,1994,55314732279.1379
gdp_current_usd,NZL,New Zealand,1993,46775620817.4327
gdp_current_usd,NZL,New Zealand,1992,41649829859.6342
gdp_current_usd,NZL,New Zealand,1991,42745329732.163
gdp_current_usd,NZL,New Zealand,1990,45495129385.0475
gdp_current_usd,POL,Poland,2025,1035491784197.44
gdp_current_usd,POL,Poland,2024,917767106146.761
gdp_current_usd,POL,Poland,2023,812451193396.143
gdp_current_usd,POL,Poland,2022,695607470875.276
gdp_current_usd,POL,Poland,2021,689170230665.35
gdp_current_usd,POL,Poland,2020,605914237903.742
gdp_current_usd,POL,Poland,2019,602683770144.88
gdp_current_usd,POL,Poland,2018,594616632477.019
gdp_current_usd,POL,Poland,2017,528356723263.073
gdp_current_usd,POL,Poland,2016,473259623976.262
gdp_current_usd,POL,Poland,2015,480054118583.367
gdp_current_usd,POL,Poland,2014,542134167178.627
gdp_current_usd,POL,Poland,2013,518179836405.36
gdp_current_usd,POL,Poland,2012,498148649702.66
gdp_current_usd,POL,Poland,2011,527848543023.469
gdp_current_usd,POL,Poland,2010,478111630683.514
gdp_current_usd,POL,Poland,2009,440891472247.096
gdp_current_usd,POL,Poland,2008,535612030671.888
gdp_current_usd,POL,Poland,2007,429715132137.503
gdp_current_usd,POL,Poland,2006,345897630736.173
gdp_current_usd,POL,Poland,2005,306999913150.525
gdp_current_usd,POL,Poland,2004,256268656145.134
gdp_current_usd,POL,Poland,2003,218561225998.47
gdp_current_usd,POL,Poland,2002,199694463255.567
gdp_current_usd,POL,Poland,2001,191823200371.284
gdp_current_usd,POL,Poland,2000,172953527033.013
gdp_current_usd,POL,Poland,1999,170704452714.673
gdp_current_usd,POL,Poland,1998,175282269666.801
gdp_current_usd,POL,Poland,1997,159893964916.817
gdp_current_usd,POL,Poland,1996,160813026223.063
gdp_current_usd,POL,Poland,1995,142838527115.448
gdp_current_usd,POL,Poland,1994,110803635287.621
gdp_current_usd,POL,Poland,1993,96043157272.862
gdp_current_usd,POL,Poland,1992,94337050693.2727
gdp_current_usd,POL,Poland,1991,85500935934.9901
gdp_current_usd,POL,Poland,1990,65977748210.5263
gdp_current_usd,PRT,Portugal,2025,346639825141.821
gdp_current_usd,PRT,Portugal,2024,313656884870.859
gdp_current_usd,PRT,Portugal,2023,292323800948.839
gdp_current_usd,PRT,Portugal,2022,256898677175.024
gdp_current_usd,PRT,Portugal,2021,256055879091.139
gdp_current_usd,PRT,Portugal,2020,229618773422.577
gdp_current_usd,PRT,Portugal,2019,240115970063.019
gdp_current_usd,PRT,Portugal,2018,242092894542.888
gdp_current_usd,PRT,Portugal,2017,220862990767.229
gdp_current_usd,PRT,Portugal,2016,206305431241.638
gdp_current_usd,PRT,Portugal,2015,199038523119.639
gdp_current_usd,PRT,Portugal,2014,230078616299.675
gdp_current_usd,PRT,Portugal,2013,226677408291.745
gdp_current_usd,PRT,Portugal,2012,216536676771.973
gdp_current_usd,PRT,Portugal,2011,245426767676.002
gdp_current_usd,PRT,Portugal,2010,238443864993.217
gdp_current_usd,PRT,Portugal,2009,244667762835.543
gdp_current_usd,PRT,Portugal,2008,263416394624.084
gdp_current_usd,PRT,Portugal,2007,240496147317.381
gdp_current_usd,PRT,Portugal,2006,208756449275.848
gdp_current_usd,PRT,Portugal,2005,197253876704.921
gdp_current_usd,PRT,Portugal,2004,189382122532.169
gdp_current_usd,PRT,Portugal,2003,165226175536.793
gdp_current_usd,PRT,Portugal,2002,134795565549.419
gdp_current_usd,PRT,Portugal,2001,121604107164.997
gdp_current_usd,PRT,Portugal,2000,118605192877.388
gdp_current_usd,PRT,Portugal,1999,127470385557.184
gdp_current_usd,PRT,Portugal,1998,123946327916.296
gdp_current_usd,PRT,Portugal,1997,117016535162.95
gdp_current_usd,PRT,Portugal,1996,122630089680.27
gdp_current_usd,PRT,Portugal,1995,118122007430.012
gdp_current_usd,PRT,Portugal,1994,99688641304.3478
gdp_current_usd,PRT,Portugal,1993,95009751901.2592
gdp_current_usd,PRT,Portugal,1992,107592098307.098
gdp_current_usd,PRT,Portugal,1991,89233599278.4792
gdp_current_usd,PRT,Portugal,1990,78713860216.5659
gdp_current_usd,SGP,Singapore,2025,603869516998.738
gdp_current_usd,SGP,Singapore,2024,572877260178.427
gdp_current_usd,SGP,Singapore,2023,511181761243.76
gdp_current_usd,SGP,Singapore,2022,514252535238.749
gdp_current_usd,SGP,Singapore,2021,441110903524.645
gdp_current_usd,SGP,Singapore,2020,351226533656.292
gdp_current_usd,SGP,Singapore,2019,376827390962.044
gdp_current_usd,SGP,Singapore,2018,377976367877.038
gdp_current_usd,SGP,Singapore,2017,344795119213.571
gdp_current_usd,SGP,Singapore,2016,320759207438.623
gdp_current_usd,SGP,Singapore,2015,307998545269.398
gdp_current_usd,SGP,Singapore,2014,314863580758.455
gdp_current_usd,SGP,Singapore,2013,307576360584.992
gdp_current_usd,SGP,Singapore,2012,295092888076.589
gdp_current_usd,SGP,Singapore,2011,279356499090.458
gdp_current_usd,SGP,Singapore,2010,239807980591.24
gdp_current_usd,SGP,Singapore,2009,194150283771.566
gdp_current_usd,SGP,Singapore,2008,193617323539.203
gdp_current_usd,SGP,Singapore,2007,180941701357.97
gdp_current_usd,SGP,Singapore,2006,148627286361.351
gdp_current_usd,SGP,Singapore,2005,127807848728.398
gdp_current_usd,SGP,Singapore,2004,115033593101.049
gdp_current_usd,SGP,Singapore,2003,97646401095.6369
gdp_current_usd,SGP,Singapore,2002,92538372869.6942
gdp_current_usd,SGP,Singapore,2001,89793790669.6515
gdp_current_usd,SGP,Singapore,2000,96076539925.7409
gdp_current_usd,SGP,Singapore,1999,86286849754.8905
gdp_current_usd,SGP,Singapore,1998,85728207781.7785
gdp_current_usd,SGP,Singapore,1997,100123787215.299
gdp_current_usd,SGP,Singapore,1996,96293086513.0872
gdp_current_usd,SGP,Singapore,1995,87812540788.4293
gdp_current_usd,SGP,Singapore,1994,73688724431.1412
gdp_current_usd,SGP,Singapore,1993,60603815716.2653
gdp_current_usd,SGP,Singapore,1992,52131320032.8797
gdp_current_usd,SGP,Singapore,1991,45466164978.2923
gdp_current_usd,SGP,Singapore,1990,36144336768.7023
gdp_current_usd,SWE,Sweden,2025,668998664082.081
gdp_current_usd,SWE,Sweden,2024,604827393488.582
gdp_current_usd,SWE,Sweden,2023,578990915246.07
gdp_current_usd,SWE,Sweden,2022,575071237640.921
gdp_current_usd,SWE,Sweden,2021,631693331300.776
gdp_current_usd,SWE,Sweden,2020,544265668451.678
gdp_current_usd,SWE,Sweden,2019,530894124494.418
gdp_current_usd,SWE,Sweden,2018,549649344043.182
gdp_current_usd,SWE,Sweden,2017,535172356784.769
gdp_current_usd,SWE,Sweden,2016,513058312950.939
gdp_current_usd,SWE,Sweden,2015,501602351911.6
gdp_current_usd,SWE,Sweden,2014,577727767303.596
gdp_current_usd,SWE,Sweden,2013,584125353119.18
gdp_current_usd,SWE,Sweden,2012,549739674655.127
gdp_current_usd,SWE,Sweden,2011,570538581144.45
gdp_current_usd,SWE,Sweden,2010,492750897239.447
gdp_current_usd,SWE,Sweden,2009,434311714442.499
gdp_current_usd,SWE,Sweden,2008,514614100832.941
gdp_current_usd,SWE,Sweden,2007,490047789548.441
gdp_current_usd,SWE,Sweden,2006,422528394459.353
gdp_current_usd,SWE,Sweden,2005,391688455928.597
gdp_current_usd,SWE,Sweden,2004,384545442175.019
gdp_current_usd,SWE,Sweden,2003,334072443515.576
gdp_current_usd,SWE,Sweden,2002,267371907446.776
gdp_current_usd,SWE,Sweden,2001,242497797484.776
gdp_current_usd,SWE,Sweden,2000,262903560280.282
gdp_current_usd,SWE,Sweden,1999,274318357862.122
gdp_current_usd,SWE,Sweden,1998,270887306758.576
gdp_current_usd,SWE,Sweden,1997,268249616890.856
gdp_current_usd,SWE,Sweden,1996,291949597375.485
gdp_current_usd,SWE,Sweden,1995,267050453506.792
gdp_current_usd,SWE,Sweden,1994,228699066874.028
gdp_current_usd,SWE,Sweden,1993,212644602615.823
gdp_current_usd,SWE,Sweden,1992,283908914454.48
gdp_current_usd,SWE,Sweden,1991,273831464572.137
gdp_current_usd,SWE,Sweden,1990,261466577008.853
gdp_current_usd,USA,United States,2025,30769700000000
gdp_current_usd,USA,United States,2024,29298013000000
gdp_current_usd,USA,United States,2023,27811517000000
gdp_current_usd,USA,United States,2022,26054614000000
gdp_current_usd,USA,United States,2021,23725645000000
gdp_current_usd,USA,United States,2020,21375281000000
gdp_current_usd,USA,United States,2019,21539982000000
gdp_current_usd,USA,United States,2018,20656516000000
gdp_current_usd,USA,United States,2017,19612102000000
gdp_current_usd,USA,United States,2016,18804913000000
gdp_current_usd,USA,United States,2015,18295019000000
gdp_current_usd,USA,United States,2014,17608138000000
gdp_current_usd,USA,United States,2013,16880683000000
gdp_current_usd,USA,United States,2012,16253970000000
gdp_current_usd,USA,United States,2011,15599732000000
gdp_current_usd,USA,United States,2010,15048971000000
gdp_current_usd,USA,United States,2009,14478067000000
gdp_current_usd,USA,United States,2008,14769862000000
gdp_current_usd,USA,United States,2007,14474228000000
gdp_current_usd,USA,United States,2006,13815583000000
gdp_current_usd,USA,United States,2005,13039197000000
gdp_current_usd,USA,United States,2004,12217196000000
gdp_current_usd,USA,United States,2003,11456450000000
gdp_current_usd,USA,United States,2002,10929108000000
gdp_current_usd,USA,United States,2001,10581929000000
gdp_current_usd,USA,United States,2000,10250952000000
gdp_current_usd,USA,United States,1999,9631172000000
gdp_current_usd,USA,United States,1998,9062817000000
gdp_current_usd,USA,United States,1997,8577552000000
gdp_current_usd,USA,United States,1996,8073122000000
gdp_current_usd,USA,United States,1995,7639749000000
gdp_current_usd,USA,United States,1994,7287236000000
gdp_current_usd,USA,United States,1993,6858559000000
gdp_current_usd,USA,United States,1992,6520327000000
gdp_current_usd,USA,United States,1991,6158129000000
gdp_current_usd,USA,United States,1990,5963144000000
gdp_pc_ppp_constant,ARE,United Arab Emirates,2024,69701.785835525
gdp_pc_ppp_constant,ARE,United Arab Emirates,2023,70239.8328337228
gdp_pc_ppp_constant,ARE,United Arab Emirates,2022,70075.63837395
gdp_pc_ppp_constant,ARE,United Arab Emirates,2021,68580.1312912676
gdp_pc_ppp_constant,ARE,United Arab Emirates,2020,66808.6209256028
gdp_pc_ppp_constant,ARE,United Arab Emirates,2019,72822.9466438922
gdp_pc_ppp_constant,ARE,United Arab Emirates,2018,72671.0787288764
gdp_pc_ppp_constant,ARE,United Arab Emirates,2017,72529.0423512365
gdp_pc_ppp_constant,ARE,United Arab Emirates,2016,75671.036861385
gdp_pc_ppp_constant,ARE,United Arab Emirates,2015,75238.5571858454
gdp_pc_ppp_constant,ARE,United Arab Emirates,2014,74145.1175448951
gdp_pc_ppp_constant,ARE,United Arab Emirates,2013,74237.2038000319
gdp_pc_ppp_constant,ARE,United Arab Emirates,2012,73644.0549928884
gdp_pc_ppp_constant,ARE,United Arab Emirates,2011,73190.4056300014
gdp_pc_ppp_constant,ARE,United Arab Emirates,2010,70913.7569272495
gdp_pc_ppp_constant,ARE,United Arab Emirates,2009,71488.9696792101
gdp_pc_ppp_constant,ARE,United Arab Emirates,2008,80285.1613062103
gdp_pc_ppp_constant,ARE,United Arab Emirates,2007,87180.6001633546
gdp_pc_ppp_constant,ARE,United Arab Emirates,2006,94872.5121329578
gdp_pc_ppp_constant,ARE,United Arab Emirates,2005,92750.9226341994
gdp_pc_ppp_constant,ARE,United Arab Emirates,2004,93166.1568863784
gdp_pc_ppp_constant,ARE,United Arab Emirates,2003,89828.493399274
gdp_pc_ppp_constant,ARE,United Arab Emirates,2002,87479.1545350862
gdp_pc_ppp_constant,ARE,United Arab Emirates,2001,90750.3257926454
gdp_pc_ppp_constant,ARE,United Arab Emirates,2000,95390.8328858321
gdp_pc_ppp_constant,ARE,United Arab Emirates,1999,92047.6104655985
gdp_pc_ppp_constant,ARE,United Arab Emirates,1998,96088.6587271972
gdp_pc_ppp_constant,ARE,United Arab Emirates,1997,103392.379457138
gdp_pc_ppp_constant,ARE,United Arab Emirates,1996,103653.542710104
gdp_pc_ppp_constant,ARE,United Arab Emirates,1995,104527.848240577
gdp_pc_ppp_constant,ARE,United Arab Emirates,1994,102456.239942581
gdp_pc_ppp_constant,ARE,United Arab Emirates,1993,100422.832470477
gdp_pc_ppp_constant,ARE,United Arab Emirates,1992,104207.059133554
gdp_pc_ppp_constant,ARE,United Arab Emirates,1991,106266.157625225
gdp_pc_ppp_constant,ARE,United Arab Emirates,1990,111376.984373425
gdp_pc_ppp_constant,AUS,Australia,2025,60194.0633547961
gdp_pc_ppp_constant,AUS,Australia,2024,60309.5831772339
gdp_pc_ppp_constant,AUS,Australia,2023,60684.9596204883
gdp_pc_ppp_constant,AUS,Australia,2022,60029.1329190733
gdp_pc_ppp_constant,AUS,Australia,2021,58327.4146842325
gdp_pc_ppp_constant,AUS,Australia,2020,57260.4650530108
gdp_pc_ppp_constant,AUS,Australia,2019,58048.6188420831
gdp_pc_ppp_constant,AUS,Australia,2018,57647.8455068105
gdp_pc_ppp_constant,AUS,Australia,2017,56881.8569859104
gdp_pc_ppp_constant,AUS,Australia,2016,56529.951824687
gdp_pc_ppp_constant,AUS,Australia,2015,55879.9958817103
gdp_pc_ppp_constant,AUS,Australia,2014,55489.068844146
gdp_pc_ppp_constant,AUS,Australia,2013,54895.0052588984
gdp_pc_ppp_constant,AUS,Australia,2012,54403.8836902433
gdp_pc_ppp_constant,AUS,Australia,2011,53257.0473237603
gdp_pc_ppp_constant,AUS,Australia,2010,52739.2681556133
gdp_pc_ppp_constant,AUS,Australia,2009,52407.9115378584
gdp_pc_ppp_constant,AUS,Australia,2008,52473.3819160773
gdp_pc_ppp_constant,AUS,Australia,2007,51663.2403953881
gdp_pc_ppp_constant,AUS,Australia,2006,50693.7248649798
gdp_pc_ppp_constant,AUS,Australia,2005,49997.0664953941
gdp_pc_ppp_constant,AUS,Australia,2004,49061.2761503925
gdp_pc_ppp_constant,AUS,Australia,2003,47581.2285345879
gdp_pc_ppp_constant,AUS,Australia,2002,46688.3947760633
gdp_pc_ppp_constant,AUS,Australia,2001,45428.2000837579
gdp_pc_ppp_constant,AUS,Australia,2000,45099.0752097084
gdp_pc_ppp_constant,AUS,Australia,1999,43899.073794405
gdp_pc_ppp_constant,AUS,Australia,1998,42257.1718122395
gdp_pc_ppp_constant,AUS,Australia,1997,40773.5660516518
gdp_pc_ppp_constant,AUS,Australia,1996,39663.1617728168
gdp_pc_ppp_constant,AUS,Australia,1995,38653.3366778657
gdp_pc_ppp_constant,AUS,Australia,1994,37622.6524772939
gdp_pc_ppp_constant,AUS,Australia,1993,36533.1468283451
gdp_pc_ppp_constant,AUS,Australia,1992,35426.2848289008
gdp_pc_ppp_constant,AUS,Australia,1991,35670.6678637309
gdp_pc_ppp_constant,AUS,Australia,1990,36267.7410592234
gdp_pc_ppp_constant,AUT,Austria,2025,63970.4008534859
gdp_pc_ppp_constant,AUT,Austria,2024,63787.9891749462
gdp_pc_ppp_constant,AUT,Austria,2023,64536.2076307547
gdp_pc_ppp_constant,AUT,Austria,2022,65694.4591501468
gdp_pc_ppp_constant,AUT,Austria,2021,62968.8538770186
gdp_pc_ppp_constant,AUT,Austria,2020,60276.3307697326
gdp_pc_ppp_constant,AUT,Austria,2019,64609.2836396895
gdp_pc_ppp_constant,AUT,Austria,2018,63777.9362157476
gdp_pc_ppp_constant,AUT,Austria,2017,62535.8105711345
gdp_pc_ppp_constant,AUT,Austria,2016,61572.6257402404
gdp_pc_ppp_constant,AUT,Austria,2015,60951.6037273662
gdp_pc_ppp_constant,AUT,Austria,2014,60845.5743980711
gdp_pc_ppp_constant,AUT,Austria,2013,60862.9693673785
gdp_pc_ppp_constant,AUT,Austria,2012,61376.6345930428
gdp_pc_ppp_constant,AUT,Austria,2011,61272.1724662899
gdp_pc_ppp_constant,AUT,Austria,2010,59730.4673903053
gdp_pc_ppp_constant,AUT,Austria,2009,58810.3596828696
gdp_pc_ppp_constant,AUT,Austria,2008,61157.9014974191
gdp_pc_ppp_constant,AUT,Austria,2007,60470.825141587
gdp_pc_ppp_constant,AUT,Austria,2006,58460.1550504163
gdp_pc_ppp_constant,AUT,Austria,2005,56890.1996184204
gdp_pc_ppp_constant,AUT,Austria,2004,55980.1531665622
gdp_pc_ppp_constant,AUT,Austria,2003,54919.7101911513
gdp_pc_ppp_constant,AUT,Austria,2002,54565.0004227482
gdp_pc_ppp_constant,AUT,Austria,2001,54032.075746659
gdp_pc_ppp_constant,AUT,Austria,2000,53534.2669894259
gdp_pc_ppp_constant,AUT,Austria,1999,52004.459782806
gdp_pc_ppp_constant,AUT,Austria,1998,50216.6282284105
gdp_pc_ppp_constant,AUT,Austria,1997,48575.090714407
gdp_pc_ppp_constant,AUT,Austria,1996,47608.5642962955
gdp_pc_ppp_constant,AUT,Austria,1995,46639.4667421613
gdp_pc_ppp_constant,AUT,Austria,1994,45497.074754296
gdp_pc_ppp_constant,AUT,Austria,1993,44601.1442274518
gdp_pc_ppp_constant,AUT,Austria,1992,44734.7911157679
gdp_pc_ppp_constant,AUT,Austria,1991,44302.3593080223
gdp_pc_ppp_constant,AUT,Austria,1990,43258.1144095785
gdp_pc_ppp_constant,CAN,Canada,2025,57989.5784653558
gdp_pc_ppp_constant,CAN,Canada,2024,57534.0915185335
gdp_pc_ppp_constant,CAN,Canada,2023,58088.3778077995
gdp_pc_ppp_constant,CAN,Canada,2022,58583.1299860138
gdp_pc_ppp_constant,CAN,Canada,2021,56995.0952020711
gdp_pc_ppp_constant,CAN,Canada,2020,54092.8576890836
gdp_pc_ppp_constant,CAN,Canada,2019,57583.8230739204
gdp_pc_ppp_constant,CAN,Canada,2018,57337.4682870033
gdp_pc_ppp_constant,CAN,Canada,2017,56612.3062191777
gdp_pc_ppp_constant,CAN,Canada,2016,55606.1329948184
gdp_pc_ppp_constant,CAN,Canada,2015,55660.8455840759
gdp_pc_ppp_constant,CAN,Canada,2014,55723.4615652506
gdp_pc_ppp_constant,CAN,Canada,2013,54712.1568593677
gdp_pc_ppp_constant,CAN,Canada,2012,54034.7821680318
gdp_pc_ppp_constant,CAN,Canada,2011,53681.1084809345
gdp_pc_ppp_constant,CAN,Canada,2010,52558.4200617806
gdp_pc_ppp_constant,CAN,Canada,2009,51552.4020321975
gdp_pc_ppp_constant,CAN,Canada,2008,53711.6580329654
gdp_pc_ppp_constant,CAN,Canada,2007,53761.8407991685
gdp_pc_ppp_constant,CAN,Canada,2006,53195.7608573851
gdp_pc_ppp_constant,CAN,Canada,2005,52356.5371486354
gdp_pc_ppp_constant,CAN,Canada,2004,51210.6593966138
gdp_pc_ppp_constant,CAN,Canada,2003,50139.7664579994
gdp_pc_ppp_constant,CAN,Canada,2002,49694.9870914363
gdp_pc_ppp_constant,CAN,Canada,2001,48774.1483226516
gdp_pc_ppp_constant,CAN,Canada,2000,48399.2864445547
gdp_pc_ppp_constant,CAN,Canada,1999,46464.5274488374
gdp_pc_ppp_constant,CAN,Canada,1998,44553.2651715658
gdp_pc_ppp_constant,CAN,Canada,1997,43241.2236471729
gdp_pc_ppp_constant,CAN,Canada,1996,41880.535589577
gdp_pc_ppp_constant,CAN,Canada,1995,41617.706919569
gdp_pc_ppp_constant,CAN,Canada,1994,40952.1197737093
gdp_pc_ppp_constant,CAN,Canada,1993,39622.4634110923
gdp_pc_ppp_constant,CAN,Canada,1992,39023.1668132004
gdp_pc_ppp_constant,CAN,Canada,1991,39139.2968301857
gdp_pc_ppp_constant,CAN,Canada,1990,40475.096436631
gdp_pc_ppp_constant,CHE,Switzerland,2025,85732.1097535232
gdp_pc_ppp_constant,CHE,Switzerland,2024,85448.0585577007
gdp_pc_ppp_constant,CHE,Switzerland,2023,85383.3564504008
gdp_pc_ppp_constant,CHE,Switzerland,2022,85762.2829174304
gdp_pc_ppp_constant,CHE,Switzerland,2021,83524.9832880195
gdp_pc_ppp_constant,CHE,Switzerland,2020,79270.8713687141
gdp_pc_ppp_constant,CHE,Switzerland,2019,81694.630652314
gdp_pc_ppp_constant,CHE,Switzerland,2018,81371.8944120855
gdp_pc_ppp_constant,CHE,Switzerland,2017,79333.7437810881
gdp_pc_ppp_constant,CHE,Switzerland,2016,78956.0667315042
gdp_pc_ppp_constant,CHE,Switzerland,2015,78325.7487417695
gdp_pc_ppp_constant,CHE,Switzerland,2014,78086.6805249841
gdp_pc_ppp_constant,CHE,Switzerland,2013,77084.6656456739
gdp_pc_ppp_constant,CHE,Switzerland,2012,76570.2378987121
gdp_pc_ppp_constant,CHE,Switzerland,2011,76527.3361539945
gdp_pc_ppp_constant,CHE,Switzerland,2010,76308.8064520802
gdp_pc_ppp_constant,CHE,Switzerland,2009,74672.9512725807
gdp_pc_ppp_constant,CHE,Switzerland,2008,77103.7188320632
gdp_pc_ppp_constant,CHE,Switzerland,2007,76161.5600232116
gdp_pc_ppp_constant,CHE,Switzerland,2006,73901.6149628577
gdp_pc_ppp_constant,CHE,Switzerland,2005,71414.3495582368
gdp_pc_ppp_constant,CHE,Switzerland,2004,69812.378758031
gdp_pc_ppp_constant,CHE,Switzerland,2003,68521.3420292943
gdp_pc_ppp_constant,CHE,Switzerland,2002,69228.3683320733
gdp_pc_ppp_constant,CHE,Switzerland,2001,69489.6995050103
gdp_pc_ppp_constant,CHE,Switzerland,2000,68834.8179906591
gdp_pc_ppp_constant,CHE,Switzerland,1999,66795.8879655155
gdp_pc_ppp_constant,CHE,Switzerland,1998,66006.2566369566
gdp_pc_ppp_constant,CHE,Switzerland,1997,64414.4578915682
gdp_pc_ppp_constant,CHE,Switzerland,1996,63243.2134310286
gdp_pc_ppp_constant,CHE,Switzerland,1995,63169.2827232412
gdp_pc_ppp_constant,CHE,Switzerland,1994,61091.4960852373
gdp_pc_ppp_constant,CHE,Switzerland,1993,59202.9850165162
gdp_pc_ppp_constant,CHE,Switzerland,1992,61004.7423539695
gdp_pc_ppp_constant,CHE,Switzerland,1991,62404.0627797363
gdp_pc_ppp_constant,CHE,Switzerland,1990,63921.4227334201
gdp_pc_ppp_constant,DEU,Germany,2025,62823.7736648822
gdp_pc_ppp_constant,DEU,Germany,2024,62654.602264023
gdp_pc_ppp_constant,DEU,Germany,2023,63140.1949099669
gdp_pc_ppp_constant,DEU,Germany,2022,63777.9291029299
gdp_pc_ppp_constant,DEU,Germany,2021,62630.7748127737
gdp_pc_ppp_constant,DEU,Germany,2020,60299.5767710809
gdp_pc_ppp_constant,DEU,Germany,2019,62949.8932511855
gdp_pc_ppp_constant,DEU,Germany,2018,62481.1183971045
gdp_pc_ppp_constant,DEU,Germany,2017,61965.4342904965
gdp_pc_ppp_constant,DEU,Germany,2016,60504.5857417161
gdp_pc_ppp_constant,DEU,Germany,2015,59668.9890355282
gdp_pc_ppp_constant,DEU,Germany,2014,59203.2340879963
gdp_pc_ppp_constant,DEU,Germany,2013,58182.0766176953
gdp_pc_ppp_constant,DEU,Germany,2012,58110.3768512245
gdp_pc_ppp_constant,DEU,Germany,2011,57950.9589729677
gdp_pc_ppp_constant,DEU,Germany,2010,54826.255453315
gdp_pc_ppp_constant,DEU,Germany,2009,52568.797424995
gdp_pc_ppp_constant,DEU,Germany,2008,55513.7558858315
gdp_pc_ppp_constant,DEU,Germany,2007,54920.6589299724
gdp_pc_ppp_constant,DEU,Germany,2006,53307.1623767517
gdp_pc_ppp_constant,DEU,Germany,2005,51264.8193748941
gdp_pc_ppp_constant,DEU,Germany,2004,50786.0176463275
gdp_pc_ppp_constant,DEU,Germany,2003,50191.7219389611
gdp_pc_ppp_constant,DEU,Germany,2002,50486.998248551
gdp_pc_ppp_constant,DEU,Germany,2001,50687.6500447924
gdp_pc_ppp_constant,DEU,Germany,2000,49955.6461286496
gdp_pc_ppp_constant,DEU,Germany,1999,48624.6484373602
gdp_pc_ppp_constant,DEU,Germany,1998,47641.5271845024
gdp_pc_ppp_constant,DEU,Germany,1997,46670.7053500672
gdp_pc_ppp_constant,DEU,Germany,1996,45888.1269604813
gdp_pc_ppp_constant,DEU,Germany,1995,45548.4181139802
gdp_pc_ppp_constant,DEU,Germany,1994,45005.1589836478
gdp_pc_ppp_constant,DEU,Germany,1993,44018.4380932542
gdp_pc_ppp_constant,DEU,Germany,1992,44744.1399691155
gdp_pc_ppp_constant,DEU,Germany,1991,44195.7164731544
gdp_pc_ppp_constant,DEU,Germany,1990,42355.2860956177
gdp_pc_ppp_constant,DNK,Denmark,2025,72723.2747867992
gdp_pc_ppp_constant,DNK,Denmark,2024,71034.5789667138
gdp_pc_ppp_constant,DNK,Denmark,2023,68993.9031100362
gdp_pc_ppp_constant,DNK,Denmark,2022,69089.4692492289
gdp_pc_ppp_constant,DNK,Denmark,2021,69327.998216527
gdp_pc_ppp_constant,DNK,Denmark,2020,65379.3066120995
gdp_pc_ppp_constant,DNK,Denmark,2019,66758.6323346131
gdp_pc_ppp_constant,DNK,Denmark,2018,65870.8302554341
gdp_pc_ppp_constant,DNK,Denmark,2017,64989.4459872347
gdp_pc_ppp_constant,DNK,Denmark,2016,63468.9888246814
gdp_pc_ppp_constant,DNK,Denmark,2015,62059.1285991721
gdp_pc_ppp_constant,DNK,Denmark,2014,61210.9490922919
gdp_pc_ppp_constant,DNK,Denmark,2013,60745.7784800252
gdp_pc_ppp_constant,DNK,Denmark,2012,60161.7010660256
gdp_pc_ppp_constant,DNK,Denmark,2011,60391.7799332206
gdp_pc_ppp_constant,DNK,Denmark,2010,59856.3490860003
gdp_pc_ppp_constant,DNK,Denmark,2009,59185.9677505533
gdp_pc_ppp_constant,DNK,Denmark,2008,62618.4499382451
gdp_pc_ppp_constant,DNK,Denmark,2007,63251.3169416725
gdp_pc_ppp_constant,DNK,Denmark,2006,62911.3931382937
gdp_pc_ppp_constant,DNK,Denmark,2005,60798.1351548444
gdp_pc_ppp_constant,DNK,Denmark,2004,59560.4599503941
gdp_pc_ppp_constant,DNK,Denmark,2003,58101.4809549972
gdp_pc_ppp_constant,DNK,Denmark,2002,58003.8882572641
gdp_pc_ppp_constant,DNK,Denmark,2001,57925.0542954115
gdp_pc_ppp_constant,DNK,Denmark,2000,57585.8965553524
gdp_pc_ppp_constant,DNK,Denmark,1999,55704.2583988925
gdp_pc_ppp_constant,DNK,Denmark,1998,54278.2791190857
gdp_pc_ppp_constant,DNK,Denmark,1997,53237.2951913962
gdp_pc_ppp_constant,DNK,Denmark,1996,51817.1735416988
gdp_pc_ppp_constant,DNK,Denmark,1995,50644.7074582221
gdp_pc_ppp_constant,DNK,Denmark,1994,49408.2038213767
gdp_pc_ppp_constant,DNK,Denmark,1993,47082.4674371864
gdp_pc_ppp_constant,DNK,Denmark,1992,47276.8936589666
gdp_pc_ppp_constant,DNK,Denmark,1991,46493.0175958032
gdp_pc_ppp_constant,DNK,Denmark,1990,45943.8875401847
gdp_pc_ppp_constant,ESP,Spain,2025,49318.105559037
gdp_pc_ppp_constant,ESP,Spain,2024,48460.2914069661
gdp_pc_ppp_constant,ESP,Spain,2023,47322.5937004504
gdp_pc_ppp_constant,ESP,Spain,2022,46733.4809780536
gdp_pc_ppp_constant,ESP,Spain,2021,44251.6658222621
gdp_pc_ppp_constant,ESP,Spain,2020,41553.4477945675
gdp_pc_ppp_constant,ESP,Spain,2019,46896.4171141424
gdp_pc_ppp_constant,ESP,Spain,2018,46325.2099441141
gdp_pc_ppp_constant,ESP,Spain,2017,45446.2508575695
gdp_pc_ppp_constant,ESP,Spain,2016,44274.6676149922
gdp_pc_ppp_constant,ESP,Spain,2015,43053.761430314
gdp_pc_ppp_constant,ESP,Spain,2014,41339.4111169417
gdp_pc_ppp_constant,ESP,Spain,2013,40594.914008768
gdp_pc_ppp_constant,ESP,Spain,2012,41034.0481566356
gdp_pc_ppp_constant,ESP,Spain,2011,42271.8346788238
gdp_pc_ppp_constant,ESP,Spain,2010,42695.5274189933
gdp_pc_ppp_constant,ESP,Spain,2009,42852.220888454
gdp_pc_ppp_constant,ESP,Spain,2008,44926.348951812
gdp_pc_ppp_constant,ESP,Spain,2007,45301.2843416374
gdp_pc_ppp_constant,ESP,Spain,2006,44572.6815459931
gdp_pc_ppp_constant,ESP,Spain,2005,43570.7652574033
gdp_pc_ppp_constant,ESP,Spain,2004,42793.3902326006
gdp_pc_ppp_constant,ESP,Spain,2003,42223.130174522
gdp_pc_ppp_constant,ESP,Spain,2002,41766.0378188791
gdp_pc_ppp_constant,ESP,Spain,2001,41224.2924057393
gdp_pc_ppp_constant,ESP,Spain,2000,39945.8971298178
gdp_pc_ppp_constant,ESP,Spain,1999,38141.316878689
gdp_pc_ppp_constant,ESP,Spain,1998,36679.0942334698
gdp_pc_ppp_constant,ESP,Spain,1997,35312.0862854389
gdp_pc_ppp_constant,ESP,Spain,1996,34232.3786868602
gdp_pc_ppp_constant,ESP,Spain,1995,33501.7314182929
gdp_pc_ppp_constant,ESP,Spain,1994,32746.9287826598
gdp_pc_ppp_constant,ESP,Spain,1993,32137.3138437727
gdp_pc_ppp_constant,ESP,Spain,1992,32641.082719936
gdp_pc_ppp_constant,ESP,Spain,1991,32499.3481371902
gdp_pc_ppp_constant,ESP,Spain,1990,31773.2267420042
gdp_pc_ppp_constant,EST,Estonia,2025,41604.3226612806
gdp_pc_ppp_constant,EST,Estonia,2024,41185.8348356109
gdp_pc_ppp_constant,EST,Estonia,2023,41284.7746875532
gdp_pc_ppp_constant,EST,Estonia,2022,43124.6196563775
gdp_pc_ppp_constant,EST,Estonia,2021,44247.4198971873
gdp_pc_ppp_constant,EST,Estonia,2020,40916.7194113327
gdp_pc_ppp_constant,EST,Estonia,2019,42215.0343835811
gdp_pc_ppp_constant,EST,Estonia,2018,40849.8473475564
gdp_pc_ppp_constant,EST,Estonia,2017,39529.785973279
gdp_pc_ppp_constant,EST,Estonia,2016,37466.5561839318
gdp_pc_ppp_constant,EST,Estonia,2015,36353.0580520449
gdp_pc_ppp_constant,EST,Estonia,2014,35720.3025335234
gdp_pc_ppp_constant,EST,Estonia,2013,34481.0148921506
gdp_pc_ppp_constant,EST,Estonia,2012,33765.4302075072
gdp_pc_ppp_constant,EST,Estonia,2011,32453.1008476709
gdp_pc_ppp_constant,EST,Estonia,2010,30067.501040775
gdp_pc_ppp_constant,EST,Estonia,2009,29281.6798284656
gdp_pc_ppp_constant,EST,Estonia,2008,34233.7643806167
gdp_pc_ppp_constant,EST,Estonia,2007,35986.5161332684
gdp_pc_ppp_constant,EST,Estonia,2006,33301.4945486206
gdp_pc_ppp_constant,EST,Estonia,2005,30161.1996133966
gdp_pc_ppp_constant,EST,Estonia,2004,27381.5350626694
gdp_pc_ppp_constant,EST,Estonia,2003,25485.1613028986
gdp_pc_ppp_constant,EST,Estonia,2002,23537.7156816601
gdp_pc_ppp_constant,EST,Estonia,2001,21872.6593953112
gdp_pc_ppp_constant,EST,Estonia,2000,20526.6606380865
gdp_pc_ppp_constant,EST,Estonia,1999,18736.15453395
gdp_pc_ppp_constant,EST,Estonia,1998,18871.6196795957
gdp_pc_ppp_constant,EST,Estonia,1997,17913.7869992626
gdp_pc_ppp_constant,EST,Estonia,1996,15666.1330451502
gdp_pc_ppp_constant,EST,Estonia,1995,14709.5998060844
gdp_pc_ppp_constant,EST,Estonia,1994,13823.5566022429
gdp_pc_ppp_constant,EST,Estonia,1993,13757.0155625665
gdp_pc_ppp_constant,EST,Estonia,1992,14223.9075668693
gdp_pc_ppp_constant,EST,Estonia,1991,17717.3052283857
gdp_pc_ppp_constant,EST,Estonia,1990,19161.4451588782
gdp_pc_ppp_constant,FIN,Finland,2025,55735.2174921326
gdp_pc_ppp_constant,FIN,Finland,2024,55901.3202296588
gdp_pc_ppp_constant,FIN,Finland,2023,56051.7701129501
gdp_pc_ppp_constant,FIN,Finland,2022,57068.3056478074
gdp_pc_ppp_constant,FIN,Finland,2021,56790.3766177692
gdp_pc_ppp_constant,FIN,Finland,2020,55424.8574989208
gdp_pc_ppp_constant,FIN,Finland,2019,56922.4873163103
gdp_pc_ppp_constant,FIN,Finland,2018,56226.337241343
gdp_pc_ppp_constant,FIN,Finland,2017,55637.2262781223
gdp_pc_ppp_constant,FIN,Finland,2016,53984.6316254715
gdp_pc_ppp_constant,FIN,Finland,2015,52782.4873926277
gdp_pc_ppp_constant,FIN,Finland,2014,52710.7334867778
gdp_pc_ppp_constant,FIN,Finland,2013,53183.4286685126
gdp_pc_ppp_constant,FIN,Finland,2012,53957.6680986279
gdp_pc_ppp_constant,FIN,Finland,2011,55053.3906850323
gdp_pc_ppp_constant,FIN,Finland,2010,54017.9458623339
gdp_pc_ppp_constant,FIN,Finland,2009,52599.1487066911
gdp_pc_ppp_constant,FIN,Finland,2008,57494.585352886
gdp_pc_ppp_constant,FIN,Finland,2007,57313.2916474478
gdp_pc_ppp_constant,FIN,Finland,2006,54653.981203281
gdp_pc_ppp_constant,FIN,Finland,2005,52744.048034135
gdp_pc_ppp_constant,FIN,Finland,2004,51494.705860401
gdp_pc_ppp_constant,FIN,Finland,2003,49655.5451564067
gdp_pc_ppp_constant,FIN,Finland,2002,48792.4864789775
gdp_pc_ppp_constant,FIN,Finland,2001,48099.3014282794
gdp_pc_ppp_constant,FIN,Finland,2000,46968.841714507
gdp_pc_ppp_constant,FIN,Finland,1999,44505.7114770222
gdp_pc_ppp_constant,FIN,Finland,1998,42733.4455712897
gdp_pc_ppp_constant,FIN,Finland,1997,40630.921767316
gdp_pc_ppp_constant,FIN,Finland,1996,38301.5126175582
gdp_pc_ppp_constant,FIN,Finland,1995,37069.62898136
gdp_pc_ppp_constant,FIN,Finland,1994,35699.7203086225
gdp_pc_ppp_constant,FIN,Finland,1993,34486.7522555352
gdp_pc_ppp_constant,FIN,Finland,1992,34926.3833591341
gdp_pc_ppp_constant,FIN,Finland,1991,36326.0828945358
gdp_pc_ppp_constant,FIN,Finland,1990,38807.1185244347
gdp_pc_ppp_constant,FRA,France,2025,55124.5392564395
gdp_pc_ppp_constant,FRA,France,2024,54799.3482689389
gdp_pc_ppp_constant,FRA,France,2023,54296.7230897731
gdp_pc_ppp_constant,FRA,France,2022,53673.8137406422
gdp_pc_ppp_constant,FRA,France,2021,52517.3354905855
gdp_pc_ppp_constant,FRA,France,2020,49311.333409639
gdp_pc_ppp_constant,FRA,France,2019,53448.5548849943
gdp_pc_ppp_constant,FRA,France,2018,52560.9536243841
gdp_pc_ppp_constant,FRA,France,2017,51895.5662985838
gdp_pc_ppp_constant,FRA,France,2016,50984.075297832
gdp_pc_ppp_constant,FRA,France,2015,50682.8953586333
gdp_pc_ppp_constant,FRA,France,2014,50326.567863089
gdp_pc_ppp_constant,FRA,France,2013,50066.5304324783
gdp_pc_ppp_constant,FRA,France,2012,49935.6269081617
gdp_pc_ppp_constant,FRA,France,2011,50085.6829779109
gdp_pc_ppp_constant,FRA,France,2010,49130.422942344
gdp_pc_ppp_constant,FRA,France,2009,48404.9657826363
gdp_pc_ppp_constant,FRA,France,2008,50068.2969141379
gdp_pc_ppp_constant,FRA,France,2007,50157.7837477634
gdp_pc_ppp_constant,FRA,France,2006,49223.247197008
gdp_pc_ppp_constant,FRA,France,2005,48257.4650937971
gdp_pc_ppp_constant,FRA,France,2004,47720.4413351103
gdp_pc_ppp_constant,FRA,France,2003,46730.975806379
gdp_pc_ppp_constant,FRA,France,2002,46610.7820717214
gdp_pc_ppp_constant,FRA,France,2001,46454.8706927365
gdp_pc_ppp_constant,FRA,France,2000,45922.4789363701
gdp_pc_ppp_constant,FRA,France,1999,44400.1357889191
gdp_pc_ppp_constant,FRA,France,1998,43162.5423856938
gdp_pc_ppp_constant,FRA,France,1997,41876.9330265158
gdp_pc_ppp_constant,FRA,France,1996,40990.7395148125
gdp_pc_ppp_constant,FRA,France,1995,40570.7169560557
gdp_pc_ppp_constant,FRA,France,1994,39801.3888979817
gdp_pc_ppp_constant,FRA,France,1993,39020.6141584284
gdp_pc_ppp_constant,FRA,France,1992,39331.9041920718
gdp_pc_ppp_constant,FRA,France,1991,38937.9522513749
gdp_pc_ppp_constant,FRA,France,1990,38655.8856842914
gdp_pc_ppp_constant,GBR,United Kingdom,2025,53993.1172607885
gdp_pc_ppp_constant,GBR,United Kingdom,2024,53412.0647163589
gdp_pc_ppp_constant,GBR,United Kingdom,2023,53423.4226338292
gdp_pc_ppp_constant,GBR,United Kingdom,2022,53979.7679116234
gdp_pc_ppp_constant,GBR,United Kingdom,2021,51840.4424245515
gdp_pc_ppp_constant,GBR,United Kingdom,2020,47930.5490378931
gdp_pc_ppp_constant,GBR,United Kingdom,2019,53374.0927628482
gdp_pc_ppp_constant,GBR,United Kingdom,2018,52983.039541197
gdp_pc_ppp_constant,GBR,United Kingdom,2017,52429.1275538988
gdp_pc_ppp_constant,GBR,United Kingdom,2016,51168.2925796814
gdp_pc_ppp_constant,GBR,United Kingdom,2015,50462.8329992477
gdp_pc_ppp_constant,GBR,United Kingdom,2014,49763.17387988
gdp_pc_ppp_constant,GBR,United Kingdom,2013,48600.5100807266
gdp_pc_ppp_constant,GBR,United Kingdom,2012,48099.6594401942
gdp_pc_ppp_constant,GBR,United Kingdom,2011,47714.2894262827
gdp_pc_ppp_constant,GBR,United Kingdom,2010,47682.6525150443
gdp_pc_ppp_constant,GBR,United Kingdom,2009,46995.5449961945
gdp_pc_ppp_constant,GBR,United Kingdom,2008,49629.0498697349
gdp_pc_ppp_constant,GBR,United Kingdom,2007,50045.9163092519
gdp_pc_ppp_constant,GBR,United Kingdom,2006,49000.9535382241
gdp_pc_ppp_constant,GBR,United Kingdom,2005,48304.6753205932
gdp_pc_ppp_constant,GBR,United Kingdom,2004,47317.027070979
gdp_pc_ppp_constant,GBR,United Kingdom,2003,46505.2798806788
gdp_pc_ppp_constant,GBR,United Kingdom,2002,45265.4565169944
gdp_pc_ppp_constant,GBR,United Kingdom,2001,44693.6612621755
gdp_pc_ppp_constant,GBR,United Kingdom,2000,43818.3463079443
gdp_pc_ppp_constant,GBR,United Kingdom,1999,42071.7055369651
gdp_pc_ppp_constant,GBR,United Kingdom,1998,41004.8386335287
gdp_pc_ppp_constant,GBR,United Kingdom,1997,39831.4492555823
gdp_pc_ppp_constant,GBR,United Kingdom,1996,38076.0624470563
gdp_pc_ppp_constant,GBR,United Kingdom,1995,37200.3789969484
gdp_pc_ppp_constant,GBR,United Kingdom,1994,36025.9830963677
gdp_pc_ppp_constant,GBR,United Kingdom,1993,34413.1904916462
gdp_pc_ppp_constant,GBR,United Kingdom,1992,33332.3326389023
gdp_pc_ppp_constant,GBR,United Kingdom,1991,32995.3948749055
gdp_pc_ppp_constant,GBR,United Kingdom,1990,33530.9578151546
gdp_pc_ppp_constant,ISL,Iceland,2025,68064.6854551866
gdp_pc_ppp_constant,ISL,Iceland,2024,68230.356652817
gdp_pc_ppp_constant,ISL,Iceland,2023,69268.1221404224
gdp_pc_ppp_constant,ISL,Iceland,2022,66581.2441801002
gdp_pc_ppp_constant,ISL,Iceland,2021,62720.7916832797
gdp_pc_ppp_constant,ISL,Iceland,2020,60617.143268851
gdp_pc_ppp_constant,ISL,Iceland,2019,65994.9860038103
gdp_pc_ppp_constant,ISL,Iceland,2018,66703.0219398003
gdp_pc_ppp_constant,ISL,Iceland,2017,65462.5033306299
gdp_pc_ppp_constant,ISL,Iceland,2016,64759.2275423229
gdp_pc_ppp_constant,ISL,Iceland,2015,61820.3618857662
gdp_pc_ppp_constant,ISL,Iceland,2014,60199.1994872756
gdp_pc_ppp_constant,ISL,Iceland,2013,59729.5439775397
gdp_pc_ppp_constant,ISL,Iceland,2012,58203.6379459536
gdp_pc_ppp_constant,ISL,Iceland,2011,57837.8604599413
gdp_pc_ppp_constant,ISL,Iceland,2010,57225.1024282006
gdp_pc_ppp_constant,ISL,Iceland,2009,58441.2719673968
gdp_pc_ppp_constant,ISL,Iceland,2008,63963.7601392225
gdp_pc_ppp_constant,ISL,Iceland,2007,64075.3098188208
gdp_pc_ppp_constant,ISL,Iceland,2006,60434.3837931128
gdp_pc_ppp_constant,ISL,Iceland,2005,58549.1358862183
gdp_pc_ppp_constant,ISL,Iceland,2004,55576.6099806516
gdp_pc_ppp_constant,ISL,Iceland,2003,52095.6402740564
gdp_pc_ppp_constant,ISL,Iceland,2002,51287.593729948
gdp_pc_ppp_constant,ISL,Iceland,2001,51468.3282267824
gdp_pc_ppp_constant,ISL,Iceland,2000,50227.8408745363
gdp_pc_ppp_constant,ISL,Iceland,1999,48539.3433136469
gdp_pc_ppp_constant,ISL,Iceland,1998,47286.6358663221
gdp_pc_ppp_constant,ISL,Iceland,1997,44664.5306286878
gdp_pc_ppp_constant,ISL,Iceland,1996,43241.3554367229
gdp_pc_ppp_constant,ISL,Iceland,1995,41604.2381180421
gdp_pc_ppp_constant,ISL,Iceland,1994,41781.8302657718
gdp_pc_ppp_constant,ISL,Iceland,1993,40677.5881237507
gdp_pc_ppp_constant,ISL,Iceland,1992,40560.5700738208
gdp_pc_ppp_constant,ISL,Iceland,1991,42507.6461691026
gdp_pc_ppp_constant,ISL,Iceland,1990,43099.5786392572
gdp_pc_ppp_constant,ISR,Israel,2025,48196.6345176562
gdp_pc_ppp_constant,ISR,Israel,2024,47388.7236682364
gdp_pc_ppp_constant,ISR,Israel,2023,47671.2476926086
gdp_pc_ppp_constant,ISR,Israel,2022,48132.3637205177
gdp_pc_ppp_constant,ISR,Israel,2021,46151.100820403
gdp_pc_ppp_constant,ISR,Israel,2020,42926.5415418584
gdp_pc_ppp_constant,ISR,Israel,2019,44492.1226967084
gdp_pc_ppp_constant,ISR,Israel,2018,43782.6526491689
gdp_pc_ppp_constant,ISR,Israel,2017,42895.585129847
gdp_pc_ppp_constant,ISR,Israel,2016,41914.5802977706
gdp_pc_ppp_constant,ISR,Israel,2015,40889.5989080834
gdp_pc_ppp_constant,ISR,Israel,2014,40795.6290927281
gdp_pc_ppp_constant,ISR,Israel,2013,40095.4756773092
gdp_pc_ppp_constant,ISR,Israel,2012,39245.5078117687
gdp_pc_ppp_constant,ISR,Israel,2011,39036.0247356871
gdp_pc_ppp_constant,ISR,Israel,2010,37686.3420833543
gdp_pc_ppp_constant,ISR,Israel,2009,36364.7843182661
gdp_pc_ppp_constant,ISR,Israel,2008,36795.4799112424
gdp_pc_ppp_constant,ISR,Israel,2007,36288.0655118571
gdp_pc_ppp_constant,ISR,Israel,2006,34744.8675092298
gdp_pc_ppp_constant,ISR,Israel,2005,33491.9913996395
gdp_pc_ppp_constant,ISR,Israel,2004,32665.8537052438
gdp_pc_ppp_constant,ISR,Israel,2003,31771.2115906733
gdp_pc_ppp_constant,ISR,Israel,2002,31892.5395978816
gdp_pc_ppp_constant,ISR,Israel,2001,32591.2116817431
gdp_pc_ppp_constant,ISR,Israel,2000,33278.5412285682
gdp_pc_ppp_constant,ISR,Israel,1999,31466.1683689237
gdp_pc_ppp_constant,ISR,Israel,1998,31250.1071698272
gdp_pc_ppp_constant,ISR,Israel,1997,30713.159801923
gdp_pc_ppp_constant,ISR,Israel,1996,30392.8973069758
gdp_pc_ppp_constant,ISR,Israel,1995,29477.45829469
gdp_pc_ppp_constant,ISR,Israel,1994,28399.3981907056
gdp_pc_ppp_constant,ISR,Israel,1993,27129.2193762452
gdp_pc_ppp_constant,ISR,Israel,1992,26758.4290726582
gdp_pc_ppp_constant,ISR,Israel,1991,25704.7207371288
gdp_pc_ppp_constant,ISR,Israel,1990,25340.9813271336
gdp_pc_ppp_constant,ITA,Italy,2025,53606.0789571011
gdp_pc_ppp_constant,ITA,Italy,2024,53284.8745049149
gdp_pc_ppp_constant,ITA,Italy,2023,52842.6288831758
gdp_pc_ppp_constant,ITA,Italy,2022,52333.3274270604
gdp_pc_ppp_constant,ITA,Italy,2021,49825.3934111848
gdp_pc_ppp_constant,ITA,Italy,2020,45505.0688708956
gdp_pc_ppp_constant,ITA,Italy,2019,49690.6298505274
gdp_pc_ppp_constant,ITA,Italy,2018,49355.8751913504
gdp_pc_ppp_constant,ITA,Italy,2017,48849.2183534756
gdp_pc_ppp_constant,ITA,Italy,2016,47987.8379581014
gdp_pc_ppp_constant,ITA,Italy,2015,47311.8255262709
gdp_pc_ppp_constant,ITA,Italy,2014,46825.6511245062
gdp_pc_ppp_constant,ITA,Italy,2013,46833.3615309303
gdp_pc_ppp_constant,ITA,Italy,2012,47795.9579360541
gdp_pc_ppp_constant,ITA,Italy,2011,49473.0149235634
gdp_pc_ppp_constant,ITA,Italy,2010,49301.6959141674
gdp_pc_ppp_constant,ITA,Italy,2009,48774.3916833748
gdp_pc_ppp_constant,ITA,Italy,2008,51806.3906176391
gdp_pc_ppp_constant,ITA,Italy,2007,52747.1905476807
gdp_pc_ppp_constant,ITA,Italy,2006,52304.2402949819
gdp_pc_ppp_constant,ITA,Italy,2005,51585.6445807938
gdp_pc_ppp_constant,ITA,Italy,2004,51495.0028841364
gdp_pc_ppp_constant,ITA,Italy,2003,51126.2585544038
gdp_pc_ppp_constant,ITA,Italy,2002,51369.1149098293
gdp_pc_ppp_constant,ITA,Italy,2001,51332.2904432567
gdp_pc_ppp_constant,ITA,Italy,2000,50353.4200415436
gdp_pc_ppp_constant,ITA,Italy,1999,48493.6651210308
gdp_pc_ppp_constant,ITA,Italy,1998,47701.3974191265
gdp_pc_ppp_constant,ITA,Italy,1997,46869.4256086419
gdp_pc_ppp_constant,ITA,Italy,1996,46008.2389303796
gdp_pc_ppp_constant,ITA,Italy,1995,45410.1391731091
gdp_pc_ppp_constant,ITA,Italy,1994,44136.7059141923
gdp_pc_ppp_constant,ITA,Italy,1993,43216.1096444751
gdp_pc_ppp_constant,ITA,Italy,1992,43614.4850883758
gdp_pc_ppp_constant,ITA,Italy,1991,43283.0204441901
gdp_pc_ppp_constant,ITA,Italy,1990,42656.7445101659
gdp_pc_ppp_constant,JPN,Japan,2025,48283.3723959465
gdp_pc_ppp_constant,JPN,Japan,2024,47479.8448545667
gdp_pc_ppp_constant,JPN,Japan,2023,47387.2172542523
gdp_pc_ppp_constant,JPN,Japan,2022,46819.360613609
gdp_pc_ppp_constant,JPN,Japan,2021,45999.4617966896
gdp_pc_ppp_constant,JPN,Japan,2020,44212.5503415724
gdp_pc_ppp_constant,JPN,Japan,2019,46055.3498672487
gdp_pc_ppp_constant,JPN,Japan,2018,46133.0225978718
gdp_pc_ppp_constant,JPN,Japan,2017,45693.3776080987
gdp_pc_ppp_constant,JPN,Japan,2016,44926.6202909525
gdp_pc_ppp_constant,JPN,Japan,2015,44589.3032854003
gdp_pc_ppp_constant,JPN,Japan,2014,43754.438013293
gdp_pc_ppp_constant,JPN,Japan,2013,43304.1181931426
gdp_pc_ppp_constant,JPN,Japan,2012,42394.9433175064
gdp_pc_ppp_constant,JPN,Japan,2011,41640.6608721251
gdp_pc_ppp_constant,JPN,Japan,2010,41647.0458542008
gdp_pc_ppp_constant,JPN,Japan,2009,39999.9464203408
gdp_pc_ppp_constant,JPN,Japan,2008,42518.8423408417
gdp_pc_ppp_constant,JPN,Japan,2007,43041.5697058021
gdp_pc_ppp_constant,JPN,Japan,2006,42358.9337348253
gdp_pc_ppp_constant,JPN,Japan,2005,41740.352036905
gdp_pc_ppp_constant,JPN,Japan,2004,40986.7225710497
gdp_pc_ppp_constant,JPN,Japan,2003,40152.1282635641
gdp_pc_ppp_constant,JPN,Japan,2002,39690.3676794625
gdp_pc_ppp_constant,JPN,Japan,2001,39748.9837725849
gdp_pc_ppp_constant,JPN,Japan,2000,39731.7953686304
gdp_pc_ppp_constant,JPN,Japan,1999,38647.2705275615
gdp_pc_ppp_constant,JPN,Japan,1998,38852.9526557943
gdp_pc_ppp_constant,JPN,Japan,1997,39661.7312762235
gdp_pc_ppp_constant,JPN,Japan,1996,39221.765120663
gdp_pc_ppp_constant,JPN,Japan,1995,38137.9346304016
gdp_pc_ppp_constant,JPN,Japan,1994,37352.6868581318
gdp_pc_ppp_constant,JPN,Japan,1993,37088.8020049844
gdp_pc_ppp_constant,JPN,Japan,1992,37402.9442395168
gdp_pc_ppp_constant,JPN,Japan,1991,37226.3339021829
gdp_pc_ppp_constant,JPN,Japan,1990,36137.8442587458
gdp_pc_ppp_constant,KOR,"Korea, Rep.",2025,55697.0848086328
gdp_pc_ppp_constant,KOR,"Korea, Rep.",2024,55070.9386194121
gdp_pc_ppp_constant,KOR,"Korea, Rep.",2023,54029.3434990785
gdp_pc_ppp_constant,KOR,"Korea, Rep.",2022,53228.6035655365
gdp_pc_ppp_constant,KOR,"Korea, Rep.",2021,51718.2518656631
gdp_pc_ppp_constant,KOR,"Korea, Rep.",2020,49374.0926148025
gdp_pc_ppp_constant,KOR,"Korea, Rep.",2019,49790.8679884821
gdp_pc_ppp_constant,KOR,"Korea, Rep.",2018,48834.4471157733
gdp_pc_ppp_constant,KOR,"Korea, Rep.",2017,47536.7898568851
gdp_pc_ppp_constant,KOR,"Korea, Rep.",2016,46088.2430785383
gdp_pc_ppp_constant,KOR,"Korea, Rep.",2015,44849.106767089
gdp_pc_ppp_constant,KOR,"Korea, Rep.",2014,43806.9250985661
gdp_pc_ppp_constant,KOR,"Korea, Rep.",2013,42709.9751857887
gdp_pc_ppp_constant,KOR,"Korea, Rep.",2012,41537.6728611117
gdp_pc_ppp_constant,KOR,"Korea, Rep.",2011,40719.2273771671
gdp_pc_ppp_constant,KOR,"Korea, Rep.",2010,39574.0500732947
gdp_pc_ppp_constant,KOR,"Korea, Rep.",2009,37176.1939270969
gdp_pc_ppp_constant,KOR,"Korea, Rep.",2008,37064.1518484106
gdp_pc_ppp_constant,KOR,"Korea, Rep.",2007,36257.3401689702
gdp_pc_ppp_constant,KOR,"Korea, Rep.",2006,34429.6222013137
gdp_pc_ppp_constant,KOR,"Korea, Rep.",2005,32886.0472450743
gdp_pc_ppp_constant,KOR,"Korea, Rep.",2004,31579.5283048867
gdp_pc_ppp_constant,KOR,"Korea, Rep.",2003,30142.4605585814
gdp_pc_ppp_constant,KOR,"Korea, Rep.",2002,29395.2766036796
gdp_pc_ppp_constant,KOR,"Korea, Rep.",2001,27440.6564915847
gdp_pc_ppp_constant,KOR,"Korea, Rep.",2000,26404.1588575745
gdp_pc_ppp_constant,KOR,"Korea, Rep.",1999,24382.2508517369
gdp_pc_ppp_constant,KOR,"Korea, Rep.",1998,22000.3387603516
gdp_pc_ppp_constant,KOR,"Korea, Rep.",1997,23311.0420901741
gdp_pc_ppp_constant,KOR,"Korea, Rep.",1996,22139.7963785414
gdp_pc_ppp_constant,KOR,"Korea, Rep.",1995,20697.8969808345
gdp_pc_ppp_constant,KOR,"Korea, Rep.",1994,19052.2990926264
gdp_pc_ppp_constant,KOR,"Korea, Rep.",1993,17595.9036148432
gdp_pc_ppp_constant,KOR,"Korea, Rep.",1992,16613.4907015983
gdp_pc_ppp_constant,KOR,"Korea, Rep.",1991,15784.4668669974
gdp_pc_ppp_constant,KOR,"Korea, Rep.",1990,14377.8839203268
gdp_pc_ppp_constant,LUX,Luxembourg,2025,127420.601625165
gdp_pc_ppp_constant,LUX,Luxembourg,2024,128475.283540415
gdp_pc_ppp_constant,LUX,Luxembourg,2023,130048.922273147
gdp_pc_ppp_constant,LUX,Luxembourg,2022,132570.832272626
gdp_pc_ppp_constant,LUX,Luxembourg,2021,136772.443753292
gdp_pc_ppp_constant,LUX,Luxembourg,2020,129865.631871124
gdp_pc_ppp_constant,LUX,Luxembourg,2019,132724.754668303
gdp_pc_ppp_constant,LUX,Luxembourg,2018,131733.884471489
gdp_pc_ppp_constant,LUX,Luxembourg,2017,132169.829576174
gdp_pc_ppp_constant,LUX,Luxembourg,2016,133661.734541281
gdp_pc_ppp_constant,LUX,Luxembourg,2015,130097.338289025
gdp_pc_ppp_constant,LUX,Luxembourg,2014,130249.550482759
gdp_pc_ppp_constant,LUX,Luxembourg,2013,129947.336184196
gdp_pc_ppp_constant,LUX,Luxembourg,2012,128897.403218507
gdp_pc_ppp_constant,LUX,Luxembourg,2011,129887.626962873
gdp_pc_ppp_constant,LUX,Luxembourg,2010,131434.360018803
gdp_pc_ppp_constant,LUX,Luxembourg,2009,129004.508948877
gdp_pc_ppp_constant,LUX,Luxembourg,2008,135814.608862354
gdp_pc_ppp_constant,LUX,Luxembourg,2007,138683.319852878
gdp_pc_ppp_constant,LUX,Luxembourg,2006,130290.174082751
gdp_pc_ppp_constant,LUX,Luxembourg,2005,124871.952523256
gdp_pc_ppp_constant,LUX,Luxembourg,2004,123725.755122536
gdp_pc_ppp_constant,LUX,Luxembourg,2003,120403.002017933
gdp_pc_ppp_constant,LUX,Luxembourg,2002,118764.331507238
gdp_pc_ppp_constant,LUX,Luxembourg,2001,116265.230369162
gdp_pc_ppp_constant,LUX,Luxembourg,2000,114148.353907645
gdp_pc_ppp_constant,LUX,Luxembourg,1999,108186.852973076
gdp_pc_ppp_constant,LUX,Luxembourg,1998,101369.82339661
gdp_pc_ppp_constant,LUX,Luxembourg,1997,96216.9038688184
gdp_pc_ppp_constant,LUX,Luxembourg,1996,92421.5791788935
gdp_pc_ppp_constant,LUX,Luxembourg,1995,92396.3982654612
gdp_pc_ppp_constant,LUX,Luxembourg,1994,92380.4162945065
gdp_pc_ppp_constant,LUX,Luxembourg,1993,90200.6012709212
gdp_pc_ppp_constant,LUX,Luxembourg,1992,87734.2029842352
gdp_pc_ppp_constant,LUX,Luxembourg,1991,87318.4976692868
gdp_pc_ppp_constant,LUX,Luxembourg,1990,81455.0312264957
gdp_pc_ppp_constant,NLD,Netherlands,2025,71378.4856331012
gdp_pc_ppp_constant,NLD,Netherlands,2024,70493.9051219267
gdp_pc_ppp_constant,NLD,Netherlands,2023,70198.9546022361
gdp_pc_ppp_constant,NLD,Netherlands,2022,71324.0360229425
gdp_pc_ppp_constant,NLD,Netherlands,2021,68573.5648786447
gdp_pc_ppp_constant,NLD,Netherlands,2020,64862.1890353474
gdp_pc_ppp_constant,NLD,Netherlands,2019,67847.8818461095
gdp_pc_ppp_constant,NLD,Netherlands,2018,66758.2454283317
gdp_pc_ppp_constant,NLD,Netherlands,2017,65665.9910229578
gdp_pc_ppp_constant,NLD,Netherlands,2016,64267.7476553623
gdp_pc_ppp_constant,NLD,Netherlands,2015,63081.4083495966
gdp_pc_ppp_constant,NLD,Netherlands,2014,62045.849197561
gdp_pc_ppp_constant,NLD,Netherlands,2013,61281.3125686741
gdp_pc_ppp_constant,NLD,Netherlands,2012,61480.8416416324
gdp_pc_ppp_constant,NLD,Netherlands,2011,62318.1391154389
gdp_pc_ppp_constant,NLD,Netherlands,2010,61518.5768954231
gdp_pc_ppp_constant,NLD,Netherlands,2009,61029.7329801783
gdp_pc_ppp_constant,NLD,Netherlands,2008,63678.4005491428
gdp_pc_ppp_constant,NLD,Netherlands,2007,62601.6612832425
gdp_pc_ppp_constant,NLD,Netherlands,2006,60391.5155033324
gdp_pc_ppp_constant,NLD,Netherlands,2005,58422.0304069674
gdp_pc_ppp_constant,NLD,Netherlands,2004,57391.3516342059
gdp_pc_ppp_constant,NLD,Netherlands,2003,56452.8695506734
gdp_pc_ppp_constant,NLD,Netherlands,2002,56664.4027354437
gdp_pc_ppp_constant,NLD,Netherlands,2001,56887.3976406444
gdp_pc_ppp_constant,NLD,Netherlands,2000,56016.8327946434
gdp_pc_ppp_constant,NLD,Netherlands,1999,54134.3514543153
gdp_pc_ppp_constant,NLD,Netherlands,1998,51879.3596710206
gdp_pc_ppp_constant,NLD,Netherlands,1997,49881.8947516083
gdp_pc_ppp_constant,NLD,Netherlands,1996,48095.986838021
gdp_pc_ppp_constant,NLD,Netherlands,1995,46720.2819318959
gdp_pc_ppp_constant,NLD,Netherlands,1994,45532.7986659915
gdp_pc_ppp_constant,NLD,Netherlands,1993,44490.7504466441
gdp_pc_ppp_constant,NLD,Netherlands,1992,44245.5198247957
gdp_pc_ppp_constant,NLD,Netherlands,1991,43833.4785051351
gdp_pc_ppp_constant,NLD,Netherlands,1990,43128.3071656086
gdp_pc_ppp_constant,NOR,Norway,2025,95173.4308224367
gdp_pc_ppp_constant,NOR,Norway,2024,94803.6704931641
gdp_pc_ppp_constant,NOR,Norway,2023,94364.9641754336
gdp_pc_ppp_constant,NOR,Norway,2022,95109.8201605729
gdp_pc_ppp_constant,NOR,Norway,2021,92205.7698636049
gdp_pc_ppp_constant,NOR,Norway,2020,89012.2723804504
gdp_pc_ppp_constant,NOR,Norway,2019,90772.9017041865
gdp_pc_ppp_constant,NOR,Norway,2018,90064.0687974358
gdp_pc_ppp_constant,NOR,Norway,2017,89664.9086415829
gdp_pc_ppp_constant,NOR,Norway,2016,88041.6414808956
gdp_pc_ppp_constant,NOR,Norway,2015,87688.1196708993
gdp_pc_ppp_constant,NOR,Norway,2014,86790.7924625691
gdp_pc_ppp_constant,NOR,Norway,2013,85973.7694976801
gdp_pc_ppp_constant,NOR,Norway,2012,85925.8723352057
gdp_pc_ppp_constant,NOR,Norway,2011,84670.8344398355
gdp_pc_ppp_constant,NOR,Norway,2010,84604.5143891947
gdp_pc_ppp_constant,NOR,Norway,2009,84812.6851277638
gdp_pc_ppp_constant,NOR,Norway,2008,87297.3980291813
gdp_pc_ppp_constant,NOR,Norway,2007,87670.8617980792
gdp_pc_ppp_constant,NOR,Norway,2006,85653.1367825864
gdp_pc_ppp_constant,NOR,Norway,2005,83955.3365007578
gdp_pc_ppp_constant,NOR,Norway,2004,82091.1935035949
gdp_pc_ppp_constant,NOR,Norway,2003,79150.3962863661
gdp_pc_ppp_constant,NOR,Norway,2002,78752.5931631095
gdp_pc_ppp_constant,NOR,Norway,2001,78041.0146260585
gdp_pc_ppp_constant,NOR,Norway,2000,76775.9420600924
gdp_pc_ppp_constant,NOR,Norway,1999,74703.5199133097
gdp_pc_ppp_constant,NOR,Norway,1998,73610.1896687065
gdp_pc_ppp_constant,NOR,Norway,1997,72084.8139194678
gdp_pc_ppp_constant,NOR,Norway,1996,68964.9756218258
gdp_pc_ppp_constant,NOR,Norway,1995,66033.8837831197
gdp_pc_ppp_constant,NOR,Norway,1994,63730.8964637618
gdp_pc_ppp_constant,NOR,Norway,1993,61019.8161031696
gdp_pc_ppp_constant,NOR,Norway,1992,59669.7590202519
gdp_pc_ppp_constant,NOR,Norway,1991,57949.698676313
gdp_pc_ppp_constant,NOR,Norway,1990,56608.2547514372
gdp_pc_ppp_constant,NZL,New Zealand,2025,48232.6651994696
gdp_pc_ppp_constant,NZL,New Zealand,2024,48325.3650985684
gdp_pc_ppp_constant,NZL,New Zealand,2023,49592.5875512098
gdp_pc_ppp_constant,NZL,New Zealand,2022,49842.9845334162
gdp_pc_ppp_constant,NZL,New Zealand,2021,48202.0913368233
gdp_pc_ppp_constant,NZL,New Zealand,2020,46326.3804672976
gdp_pc_ppp_constant,NZL,New Zealand,2019,47392.1933135172
gdp_pc_ppp_constant,NZL,New Zealand,2018,46974.6818400482
gdp_pc_ppp_constant,NZL,New Zealand,2017,46285.9810980642
gdp_pc_ppp_constant,NZL,New Zealand,2016,45746.135981069
gdp_pc_ppp_constant,NZL,New Zealand,2015,45097.016468387
gdp_pc_ppp_constant,NZL,New Zealand,2014,44369.7664241859
gdp_pc_ppp_constant,NZL,New Zealand,2013,43453.2814172317
gdp_pc_ppp_constant,NZL,New Zealand,2012,42693.4234516571
gdp_pc_ppp_constant,NZL,New Zealand,2011,41961.9202263641
gdp_pc_ppp_constant,NZL,New Zealand,2010,41395.370375582
gdp_pc_ppp_constant,NZL,New Zealand,2009,41250.9985717425
gdp_pc_ppp_constant,NZL,New Zealand,2008,41682.2459069155
gdp_pc_ppp_constant,NZL,New Zealand,2007,42473.1182614499
gdp_pc_ppp_constant,NZL,New Zealand,2006,41596.8311289998
gdp_pc_ppp_constant,NZL,New Zealand,2005,40970.295838255
gdp_pc_ppp_constant,NZL,New Zealand,2004,40091.1399487332
gdp_pc_ppp_constant,NZL,New Zealand,2003,39092.3455202712
gdp_pc_ppp_constant,NZL,New Zealand,2002,38072.2713835052
gdp_pc_ppp_constant,NZL,New Zealand,2001,36995.0603198774
gdp_pc_ppp_constant,NZL,New Zealand,2000,35984.6288016116
gdp_pc_ppp_constant,NZL,New Zealand,1999,35187.2357200331
gdp_pc_ppp_constant,NZL,New Zealand,1998,33565.7312220905
gdp_pc_ppp_constant,NZL,New Zealand,1997,33577.7254994905
gdp_pc_ppp_constant,NZL,New Zealand,1996,33329.5301011769
gdp_pc_ppp_constant,NZL,New Zealand,1995,32687.4657703706
gdp_pc_ppp_constant,NZL,New Zealand,1994,31669.5406509196
gdp_pc_ppp_constant,NZL,New Zealand,1993,30532.5880166798
gdp_pc_ppp_constant,NZL,New Zealand,1992,29029.5811361611
gdp_pc_ppp_constant,NZL,New Zealand,1991,29014.1499420181
gdp_pc_ppp_constant,NZL,New Zealand,1990,30785.701752556
gdp_pc_ppp_constant,POL,Poland,2025,46924.5887897477
gdp_pc_ppp_constant,POL,Poland,2024,45153.0439773281
gdp_pc_ppp_constant,POL,Poland,2023,43672.7668014946
gdp_pc_ppp_constant,POL,Poland,2022,43405.0215797441
gdp_pc_ppp_constant,POL,Poland,2021,41059.5847829682
gdp_pc_ppp_constant,POL,Poland,2020,37852.8021313639
gdp_pc_ppp_constant,POL,Poland,2019,38181.6230334689
gdp_pc_ppp_constant,POL,Poland,2018,36500.4114282584
gdp_pc_ppp_constant,POL,Poland,2017,34354.5987616319
gdp_pc_ppp_constant,POL,Poland,2016,32675.3052259954
gdp_pc_ppp_constant,POL,Poland,2015,31700.3682364154
gdp_pc_ppp_constant,POL,Poland,2014,30334.8786569618
gdp_pc_ppp_constant,POL,Poland,2013,29168.624211075
gdp_pc_ppp_constant,POL,Poland,2012,28952.9157305301
gdp_pc_ppp_constant,POL,Poland,2011,28521.6612623568
gdp_pc_ppp_constant,POL,Poland,2010,27112.1333797381
gdp_pc_ppp_constant,POL,Poland,2009,26204.410367111
gdp_pc_ppp_constant,POL,Poland,2008,25553.9058406534
gdp_pc_ppp_constant,POL,Poland,2007,24484.0656663756
gdp_pc_ppp_constant,POL,Poland,2006,22921.1975887696
gdp_pc_ppp_constant,POL,Poland,2005,21568.9476594356
gdp_pc_ppp_constant,POL,Poland,2004,20878.6545002534
gdp_pc_ppp_constant,POL,Poland,2003,19855.6317989181
gdp_pc_ppp_constant,POL,Poland,2002,19166.9137058143
gdp_pc_ppp_constant,POL,Poland,2001,18800.6018648402
gdp_pc_ppp_constant,POL,Poland,2000,18566.3546288772
gdp_pc_ppp_constant,POL,Poland,1999,17556.0026927987
gdp_pc_ppp_constant,POL,Poland,1998,16766.6492883267
gdp_pc_ppp_constant,POL,Poland,1997,16031.7211485265
gdp_pc_ppp_constant,POL,Poland,1996,15083.09812162
gdp_pc_ppp_constant,POL,Poland,1995,14227.5663687798
gdp_pc_ppp_constant,POL,Poland,1994,13200.1614164951
gdp_pc_ppp_constant,POL,Poland,1993,12563.1045363124
gdp_pc_ppp_constant,POL,Poland,1992,12141.2351323725
gdp_pc_ppp_constant,POL,Poland,1991,11879.7539252619
gdp_pc_ppp_constant,POL,Poland,1990,12821.4636316574
gdp_pc_ppp_constant,PRT,Portugal,2025,42576.8139673545
gdp_pc_ppp_constant,PRT,Portugal,2024,42228.1580446502
gdp_pc_ppp_constant,PRT,Portugal,2023,41768.2583096874
gdp_pc_ppp_constant,PRT,Portugal,2022,41070.8611529744
gdp_pc_ppp_constant,PRT,Portugal,2021,38657.6677223429
gdp_pc_ppp_constant,PRT,Portugal,2020,36852.2287338103
gdp_pc_ppp_constant,PRT,Portugal,2019,40188.2868799223
gdp_pc_ppp_constant,PRT,Portugal,2018,39123.6151282575
gdp_pc_ppp_constant,PRT,Portugal,2017,37943.1150505677
gdp_pc_ppp_constant,PRT,Portugal,2016,36636.2978441636
gdp_pc_ppp_constant,PRT,Portugal,2015,35803.3575649772
gdp_pc_ppp_constant,PRT,Portugal,2014,35097.4098263232
gdp_pc_ppp_constant,PRT,Portugal,2013,34651.7719455059
gdp_pc_ppp_constant,PRT,Portugal,2012,34804.6333340484
gdp_pc_ppp_constant,PRT,Portugal,2011,36127.2949766157
gdp_pc_ppp_constant,PRT,Portugal,2010,36703.1141882825
gdp_pc_ppp_constant,PRT,Portugal,2009,36092.8109314688
gdp_pc_ppp_constant,PRT,Portugal,2008,37291.5048969664
gdp_pc_ppp_constant,PRT,Portugal,2007,37226.4702626704
gdp_pc_ppp_constant,PRT,Portugal,2006,36387.5367379523
gdp_pc_ppp_constant,PRT,Portugal,2005,35870.3092741502
gdp_pc_ppp_constant,PRT,Portugal,2004,35658.1298257507
gdp_pc_ppp_constant,PRT,Portugal,2003,35115.379514413
gdp_pc_ppp_constant,PRT,Portugal,2002,35578.5200309
gdp_pc_ppp_constant,PRT,Portugal,2001,35500.2266804093
gdp_pc_ppp_constant,PRT,Portugal,2000,35069.8275705133
gdp_pc_ppp_constant,PRT,Portugal,1999,34018.9637066508
gdp_pc_ppp_constant,PRT,Portugal,1998,32925.6638725861
gdp_pc_ppp_constant,PRT,Portugal,1997,31574.4021979124
gdp_pc_ppp_constant,PRT,Portugal,1996,30378.7557756391
gdp_pc_ppp_constant,PRT,Portugal,1995,29460.8141864854
gdp_pc_ppp_constant,PRT,Portugal,1994,28348.8658386375
gdp_pc_ppp_constant,PRT,Portugal,1993,28153.6155177218
gdp_pc_ppp_constant,PRT,Portugal,1992,28776.0475772622
gdp_pc_ppp_constant,PRT,Portugal,1991,28443.7945360375
gdp_pc_ppp_constant,PRT,Portugal,1990,27190.5720267046
gdp_pc_ppp_constant,SGP,Singapore,2025,139592.612210761
gdp_pc_ppp_constant,SGP,Singapore,2024,134548.764138482
gdp_pc_ppp_constant,SGP,Singapore,2023,130296.843789261
gdp_pc_ppp_constant,SGP,Singapore,2022,134828.001392614
gdp_pc_ppp_constant,SGP,Singapore,2021,133990.186782104
gdp_pc_ppp_constant,SGP,Singapore,2020,116684.213596572
gdp_pc_ppp_constant,SGP,Singapore,2019,120678.341978557
gdp_pc_ppp_constant,SGP,Singapore,2018,120668.888726158
gdp_pc_ppp_constant,SGP,Singapore,2017,117492.967994526
gdp_pc_ppp_constant,SGP,Singapore,2016,112719.947951111
gdp_pc_ppp_constant,SGP,Singapore,2015,109894.041337341
gdp_pc_ppp_constant,SGP,Singapore,2014,107990.891202625
gdp_pc_ppp_constant,SGP,Singapore,2013,105259.693561054
gdp_pc_ppp_constant,SGP,Singapore,2012,102061.11936105
gdp_pc_ppp_constant,SGP,Singapore,2011,100153.729405945
gdp_pc_ppp_constant,SGP,Singapore,2010,96280.0168756448
gdp_pc_ppp_constant,SGP,Singapore,2009,85575.755106675
gdp_pc_ppp_constant,SGP,Singapore,2008,88083.2853664583
gdp_pc_ppp_constant,SGP,Singapore,2007,91198.1515708456
gdp_pc_ppp_constant,SGP,Singapore,2006,87210.0480467646
gdp_pc_ppp_constant,SGP,Singapore,2005,82547.482835778
gdp_pc_ppp_constant,SGP,Singapore,2004,78712.5347297388
gdp_pc_ppp_constant,SGP,Singapore,2003,72497.86860121
gdp_pc_ppp_constant,SGP,Singapore,2002,68328.932172058
gdp_pc_ppp_constant,SGP,Singapore,2001,66352.1492865891
gdp_pc_ppp_constant,SGP,Singapore,2000,68904.1280154511
gdp_pc_ppp_constant,SGP,Singapore,1999,64296.6384874384
gdp_pc_ppp_constant,SGP,Singapore,1998,61306.7734542676
gdp_pc_ppp_constant,SGP,Singapore,1997,64846.0629277791
gdp_pc_ppp_constant,SGP,Singapore,1996,61911.5030358083
gdp_pc_ppp_constant,SGP,Singapore,1995,59997.0074442828
gdp_pc_ppp_constant,SGP,Singapore,1994,57706.871164823
gdp_pc_ppp_constant,SGP,Singapore,1993,53598.4639619519
gdp_pc_ppp_constant,SGP,Singapore,1992,49319.8192699525
gdp_pc_ppp_constant,SGP,Singapore,1991,47659.4966886953
gdp_pc_ppp_constant,SGP,Singapore,1990,45961.0598271094
gdp_pc_ppp_constant,SWE,Sweden,2025,63362.4612808079
gdp_pc_ppp_constant,SWE,Sweden,2024,62558.4065876041
gdp_pc_ppp_constant,SWE,Sweden,2023,62122.5116950792
gdp_pc_ppp_constant,SWE,Sweden,2022,62544.5002248644
gdp_pc_ppp_constant,SWE,Sweden,2021,62190.8526983825
gdp_pc_ppp_constant,SWE,Sweden,2020,59458.2805291969
gdp_pc_ppp_constant,SWE,Sweden,2019,61070.5243445838
gdp_pc_ppp_constant,SWE,Sweden,2018,60124.5711994179
gdp_pc_ppp_constant,SWE,Sweden,2017,59769.0136237
gdp_pc_ppp_constant,SWE,Sweden,2016,59460.2872722689
gdp_pc_ppp_constant,SWE,Sweden,2015,58955.6412361461
gdp_pc_ppp_constant,SWE,Sweden,2014,57077.6693544196
gdp_pc_ppp_constant,SWE,Sweden,2013,56353.0856347897
gdp_pc_ppp_constant,SWE,Sweden,2012,56193.3287488246
gdp_pc_ppp_constant,SWE,Sweden,2011,56846.1368290625
gdp_pc_ppp_constant,SWE,Sweden,2010,55520.4324178534
gdp_pc_ppp_constant,SWE,Sweden,2009,52950.7103332467
gdp_pc_ppp_constant,SWE,Sweden,2008,55777.3973050094
gdp_pc_ppp_constant,SWE,Sweden,2007,56737.3689179302
gdp_pc_ppp_constant,SWE,Sweden,2006,55373.9338115393
gdp_pc_ppp_constant,SWE,Sweden,2005,53198.67120001
gdp_pc_ppp_constant,SWE,Sweden,2004,51960.5321902953
gdp_pc_ppp_constant,SWE,Sweden,2003,50072.4736462925
gdp_pc_ppp_constant,SWE,Sweden,2002,49331.2032555738
gdp_pc_ppp_constant,SWE,Sweden,2001,48389.8185132591
gdp_pc_ppp_constant,SWE,Sweden,2000,47868.5077292571
gdp_pc_ppp_constant,SWE,Sweden,1999,45823.3018418117
gdp_pc_ppp_constant,SWE,Sweden,1998,44010.1074358278
gdp_pc_ppp_constant,SWE,Sweden,1997,42241.0607742258
gdp_pc_ppp_constant,SWE,Sweden,1996,41008.3531746727
gdp_pc_ppp_constant,SWE,Sweden,1995,40385.2139711185
gdp_pc_ppp_constant,SWE,Sweden,1994,39000.8277233984
gdp_pc_ppp_constant,SWE,Sweden,1993,37762.5408221358
gdp_pc_ppp_constant,SWE,Sweden,1992,38783.6397676396
gdp_pc_ppp_constant,SWE,Sweden,1991,39469.0716472828
gdp_pc_ppp_constant,SWE,Sweden,1990,40199.7074219831
gdp_pc_ppp_constant,USA,United States,2025,76931.3106990408
gdp_pc_ppp_constant,USA,United States,2024,75698.1773354629
gdp_pc_ppp_constant,USA,United States,2023,74351.6718197429
gdp_pc_ppp_constant,USA,United States,2022,72828.7430907189
gdp_pc_ppp_constant,USA,United States,2021,71441.231980595
gdp_pc_ppp_constant,USA,United States,2020,67406.8311325507
gdp_pc_ppp_constant,USA,United States,2019,69121.4580016741
gdp_pc_ppp_constant,USA,United States,2018,67728.4424921024
gdp_pc_ppp_constant,USA,United States,2017,66164.0320014289
gdp_pc_ppp_constant,USA,United States,2016,65025.9855980616
gdp_pc_ppp_constant,USA,United States,2015,64367.7188912582
gdp_pc_ppp_constant,USA,United States,2014,63026.8779187814
gdp_pc_ppp_constant,USA,United States,2013,61966.6621370894
gdp_pc_ppp_constant,USA,United States,2012,61142.3637034265
gdp_pc_ppp_constant,USA,United States,2011,60253.2035796719
gdp_pc_ppp_constant,USA,United States,2010,59797.0736545937
gdp_pc_ppp_constant,USA,United States,2009,58722.496767251
gdp_pc_ppp_constant,USA,United States,2008,60806.2238713713
gdp_pc_ppp_constant,USA,United States,2007,61314.4520816367
gdp_pc_ppp_constant,USA,United States,2006,60684.3399832539
gdp_pc_ppp_constant,USA,United States,2005,59612.3907215559
gdp_pc_ppp_constant,USA,United States,2004,58139.0820195229
gdp_pc_ppp_constant,USA,United States,2003,56505.4468784112
gdp_pc_ppp_constant,USA,United States,2002,55443.2199435683
gdp_pc_ppp_constant,USA,United States,2001,55024.3542766281
gdp_pc_ppp_constant,USA,United States,2000,55045.6745311559
gdp_pc_ppp_constant,USA,United States,1999,53480.8969962416
gdp_pc_ppp_constant,USA,United States,1998,51626.4838297863
gdp_pc_ppp_constant,USA,United States,1997,49990.6740739125
gdp_pc_ppp_constant,USA,United States,1996,48441.9061125568
gdp_pc_ppp_constant,USA,United States,1995,47227.0083257008
gdp_pc_ppp_constant,USA,United States,1994,46543.3199204553
gdp_pc_ppp_constant,USA,United States,1993,45292.7380683092
gdp_pc_ppp_constant,USA,United States,1992,44664.873585596
gdp_pc_ppp_constant,USA,United States,1991,43747.6307351749
gdp_pc_ppp_constant,USA,United States,1990,44384.2101912606
account_own,ARE,United Arab Emirates,2021,85.7421930087712
account_own,ARE,United Arab Emirates,2017,88.2103911038117
account_own,ARE,United Arab Emirates,2014,83.7433268781272
account_own,ARE,United Arab Emirates,2011,59.7323702767485
account_own,AUS,Australia,2024,98.0103778290099
account_own,AUS,Australia,2021,99.323149822978
account_own,AUS,Australia,2017,99.5193731088495
account_own,AUS,Australia,2014,98.8595663603042
account_own,AUS,Australia,2011,99.0648467076788
account_own,AUT,Austria,2024,99.5084974640411
account_own,AUT,Austria,2021,99.9507174861928
account_own,AUT,Austria,2017,98.1636642688047
account_own,AUT,Austria,2014,96.7340575707929
account_own,AUT,Austria,2011,97.0817387939481
account_own,CAN,Canada,2024,98.4047126063262
account_own,CAN,Canada,2021,99.6346150066946
account_own,CAN,Canada,2017,99.7268801898825
account_own,CAN,Canada,2014,99.1033280339593
account_own,CAN,Canada,2011,95.8046424525372
account_own,CHE,Switzerland,2024,98.412309687795
account_own,CHE,Switzerland,2021,99.491031115136
account_own,CHE,Switzerland,2017,98.4296664856118
account_own,CHE,Switzerland,2014,97.9856448863505
account_own,DEU,Germany,2024,98.2983235670699
account_own,DEU,Germany,2021,99.9765938161833
account_own,DEU,Germany,2017,99.14118600163
account_own,DEU,Germany,2014,98.7604066823874
account_own,DEU,Germany,2011,98.1336173269525
account_own,DNK,Denmark,2024,98.6505141065248
account_own,DNK,Denmark,2021,100
account_own,DNK,Denmark,2017,99.9173727065608
account_own,DNK,Denmark,2014,100
account_own,DNK,Denmark,2011,99.7367892497757
account_own,ESP,Spain,2024,98.3807416463989
account_own,ESP,Spain,2021,98.2984394535205
account_own,ESP,Spain,2017,93.7557046938372
account_own,ESP,Spain,2014,97.5753065847114
account_own,ESP,Spain,2011,93.2776030316529
account_own,EST,Estonia,2024,98.9011091256392
account_own,EST,Estonia,2021,99.3765667926472
account_own,EST,Estonia,2017,97.9939712011666
account_own,EST,Estonia,2014,97.6716710079117
account_own,EST,Estonia,2011,96.8242760223261
account_own,FIN,Finland,2024,99.842681813058
account_own,FIN,Finland,2021,99.5301883332477
account_own,FIN,Finland,2017,99.7854185031074
account_own,FIN,Finland,2014,100
account_own,FIN,Finland,2011,99.6512520212112
account_own,FRA,France,2024,99.1902372350206
account_own,FRA,France,2021,99.244295476517
account_own,FRA,France,2017,94.0040460235024
account_own,FRA,France,2014,96.5827529151672
account_own,FRA,France,2011,96.9838847229744
account_own,GBR,United Kingdom,2024,99.2843092777584
account_own,GBR,United Kingdom,2021,99.7632738299911
account_own,GBR,United Kingdom,2017,96.366318852125
account_own,GBR,United Kingdom,2014,98.9310547976756
account_own,GBR,United Kingdom,2011,97.201284899645
account_own,ISL,Iceland,2024,99.8548358099717
account_own,ISL,Iceland,2021,100
account_own,ISR,Israel,2024,89.2691974119826
account_own,ISR,Israel,2021,92.9252212375394
account_own,ISR,Israel,2017,92.8149668417564
account_own,ISR,Israel,2014,89.9527757682962
account_own,ISR,Israel,2011,90.4686393837703
account_own,ITA,Italy,2024,86.0191093278992
account_own,ITA,Italy,2021,97.2945565478995
account_own,ITA,Italy,2017,93.7850200329756
account_own,ITA,Italy,2014,87.3345770658458
account_own,ITA,Italy,2011,71.0085305189943
account_own,JPN,Japan,2024,98.5235592091779
account_own,JPN,Japan,2021,98.4894200399726
account_own,JPN,Japan,2017,98.2433920065994
account_own,JPN,Japan,2014,96.6455822293813
account_own,JPN,Japan,2011,96.4220483126666
account_own,KOR,"Korea, Rep.",2024,96.8949448884961
account_own,KOR,"Korea, Rep.",2021,98.6713470938187
account_own,KOR,"Korea, Rep.",2017,94.8510126919781
account_own,KOR,"Korea, Rep.",2014,94.3608135378731
account_own,KOR,"Korea, Rep.",2011,93.0468690333371
account_own,LUX,Luxembourg,2017,98.7678546822929
account_own,LUX,Luxembourg,2014,96.1686996656944
account_own,LUX,Luxembourg,2011,94.5867980570835
account_own,NLD,Netherlands,2024,99.171512250031
account_own,NLD,Netherlands,2021,99.7331679359432
account_own,NLD,Netherlands,2017,99.6376135898125
account_own,NLD,Netherlands,2014,99.2956044820837
account_own,NLD,Netherlands,2011,98.6585293909719
account_own,NOR,Norway,2024,98.5561571037813
account_own,NOR,Norway,2021,99.4777714580126
account_own,NOR,Norway,2017,99.7451401276537
account_own,NOR,Norway,2014,100
account_own,NZL,New Zealand,2024,97.8647563722742
account_own,NZL,New Zealand,2021,98.7523814505022
account_own,NZL,New Zealand,2017,99.1784474064007
account_own,NZL,New Zealand,2014,99.5255333185924
account_own,NZL,New Zealand,2011,99.4367277363996
account_own,POL,Poland,2024,86.1367117566539
account_own,POL,Poland,2021,95.7201672270221
account_own,POL,Poland,2017,86.7333029909929
account_own,POL,Poland,2014,77.8621706046997
account_own,POL,Poland,2011,70.1942895305774
account_own,PRT,Portugal,2024,91.3973440748621
account_own,PRT,Portugal,2021,92.6495073207262
account_own,PRT,Portugal,2017,92.3409885215351
account_own,PRT,Portugal,2014,87.3863542055074
account_own,PRT,Portugal,2011,81.2294253390108
account_own,SGP,Singapore,2024,97.9718288419762
account_own,SGP,Singapore,2021,97.5498512325819
account_own,SGP,Singapore,2017,97.9311709923804
account_own,SGP,Singapore,2014,96.3525997735924
account_own,SGP,Singapore,2011,98.221892306584
account_own,SWE,Sweden,2024,98.5654945145745
account_own,SWE,Sweden,2021,99.6887646957821
account_own,SWE,Sweden,2017,99.742211618676
account_own,SWE,Sweden,2014,99.719919448707
account_own,SWE,Sweden,2011,98.9919498180313
account_own,USA,United States,2024,97.0230983290589
account_own,USA,United States,2021,94.9532296473716
account_own,USA,United States,2017,93.1221843138765
account_own,USA,United States,2014,93.5838007921263
account_own,USA,United States,2011,87.9578658638029
internet_users,ARE,United Arab Emirates,2024,100
internet_users,ARE,United Arab Emirates,2023,100
internet_users,ARE,United Arab Emirates,2022,100
internet_users,ARE,United Arab Emirates,2021,100
internet_users,ARE,United Arab Emirates,2020,100
internet_users,ARE,United Arab Emirates,2019,99.1499979561243
internet_users,ARE,United Arab Emirates,2018,98.4500017817194
internet_users,ARE,United Arab Emirates,2017,94.8199225383446
internet_users,ARE,United Arab Emirates,2016,90.6000073180483
internet_users,ARE,United Arab Emirates,2015,90.5
internet_users,ARE,United Arab Emirates,2014,90.4000107121939
internet_users,ARE,United Arab Emirates,2013,88
internet_users,ARE,United Arab Emirates,2012,84.9999915049492
internet_users,ARE,United Arab Emirates,2011,78
internet_users,ARE,United Arab Emirates,2010,68
internet_users,ARE,United Arab Emirates,2009,64
internet_users,ARE,United Arab Emirates,2008,63
internet_users,ARE,United Arab Emirates,2007,61
internet_users,ARE,United Arab Emirates,2006,52
internet_users,ARE,United Arab Emirates,2005,40
internet_users,ARE,United Arab Emirates,2004,30.1312961695367
internet_users,ARE,United Arab Emirates,2003,29.4779534120864
internet_users,ARE,United Arab Emirates,2002,28.3164853110439
internet_users,ARE,United Arab Emirates,2001,26.2717542010006
internet_users,ARE,United Arab Emirates,2000,23.6253008751553
internet_users,ARE,United Arab Emirates,1999,14.9
internet_users,ARE,United Arab Emirates,1998,6.91
internet_users,ARE,United Arab Emirates,1997,3.3
internet_users,ARE,United Arab Emirates,1996,0.375
internet_users,ARE,United Arab Emirates,1995,0.103
internet_users,ARE,United Arab Emirates,1990,0
internet_users,AUS,Australia,2024,96.13140106
internet_users,AUS,Australia,2023,96.1160965
internet_users,AUS,Australia,2022,96.11940002
internet_users,AUS,Australia,2021,96.97219849
internet_users,AUS,Australia,2020,94.6934967
internet_users,AUS,Australia,2019,93.60990143
internet_users,AUS,Australia,2018,90.0082016
internet_users,AUS,Australia,2017,86.5450488476768
internet_users,AUS,Australia,2016,86.54000092
internet_users,AUS,Australia,2015,84.5605149091408
internet_users,AUS,Australia,2014,84
internet_users,AUS,Australia,2013,83.453497167
internet_users,AUS,Australia,2012,79
internet_users,AUS,Australia,2011,79.4876977139029
internet_users,AUS,Australia,2010,76
internet_users,AUS,Australia,2009,74.25
internet_users,AUS,Australia,2008,71.67
internet_users,AUS,Australia,2007,69.45
internet_users,AUS,Australia,2006,66
internet_users,AUS,Australia,2005,63
internet_users,AUS,Australia,2001,52.6892664310395
internet_users,AUS,Australia,2000,46.7561156116738
internet_users,AUS,Australia,1999,40.8
internet_users,AUS,Australia,1998,30.8
internet_users,AUS,Australia,1997,16.4
internet_users,AUS,Australia,1996,3.28
internet_users,AUS,Australia,1995,2.76
internet_users,AUS,Australia,1994,2.23
internet_users,AUS,Australia,1993,1.97
internet_users,AUS,Australia,1992,1.77
internet_users,AUS,Australia,1991,1.1
internet_users,AUS,Australia,1990,0.585
internet_users,AUT,Austria,2025,91.92573373
internet_users,AUT,Austria,2024,94.91974877
internet_users,AUT,Austria,2023,95.33467117
internet_users,AUT,Austria,2022,93.61409139
internet_users,AUT,Austria,2021,92.52915104
internet_users,AUT,Austria,2020,87.52942813
internet_users,AUT,Austria,2019,87.7522047870069
internet_users,AUT,Austria,2018,87.4791372262556
internet_users,AUT,Austria,2017,87.9355865856062
internet_users,AUT,Austria,2016,84.3237425711653
internet_users,AUT,Austria,2015,83.9401419315026
internet_users,AUT,Austria,2014,80.9958249574764
internet_users,AUT,Austria,2013,80.6188
internet_users,AUT,Austria,2012,80.0299939169903
internet_users,AUT,Austria,2011,78.7399930986888
internet_users,AUT,Austria,2010,75.17
internet_users,AUT,Austria,2009,73.45
internet_users,AUT,Austria,2008,72.87
internet_users,AUT,Austria,2007,69.37
internet_users,AUT,Austria,2006,63.6
internet_users,AUT,Austria,2005,58
internet_users,AUT,Austria,2004,54.28
internet_users,AUT,Austria,2003,42.7
internet_users,AUT,Austria,2002,36.56
internet_users,AUT,Austria,2001,39.1854501811114
internet_users,AUT,Austria,2000,33.7301329516915
internet_users,AUT,Austria,1999,23
internet_users,AUT,Austria,1998,15.4
internet_users,AUT,Austria,1997,9.53
internet_users,AUT,Austria,1996,6.91
internet_users,AUT,Austria,1995,1.89
internet_users,AUT,Austria,1994,1.39
internet_users,AUT,Austria,1993,0.765
internet_users,AUT,Austria,1992,0.643
internet_users,AUT,Austria,1991,0.259
internet_users,AUT,Austria,1990,0.13
internet_users,CAN,Canada,2024,94.353302
internet_users,CAN,Canada,2023,94.14530182
internet_users,CAN,Canada,2022,94
internet_users,CAN,Canada,2021,93.93710327
internet_users,CAN,Canada,2020,92.3
internet_users,CAN,Canada,2019,91.91290283
internet_users,CAN,Canada,2018,94.64
internet_users,CAN,Canada,2017,92.70140076
internet_users,CAN,Canada,2016,91.16000366
internet_users,CAN,Canada,2015,90
internet_users,CAN,Canada,2014,87.12000275
internet_users,CAN,Canada,2013,85.80000305
internet_users,CAN,Canada,2012,83
internet_users,CAN,Canada,2011,83
internet_users,CAN,Canada,2010,80.3
internet_users,CAN,Canada,2009,80.3
internet_users,CAN,Canada,2008,76.69999695
internet_users,CAN,Canada,2007,73.2
internet_users,CAN,Canada,2006,72.40000153
internet_users,CAN,Canada,2005,71.66
internet_users,CAN,Canada,2004,65.9559634648989
internet_users,CAN,Canada,2003,64.2
internet_users,CAN,Canada,2002,61.5932992681952
internet_users,CAN,Canada,2001,60.2
internet_users,CAN,Canada,2000,51.3
internet_users,CAN,Canada,1999,36.2
internet_users,CAN,Canada,1998,24.9
internet_users,CAN,Canada,1997,15.1
internet_users,CAN,Canada,1996,6.76
internet_users,CAN,Canada,1995,4.16
internet_users,CAN,Canada,1994,2.38
internet_users,CAN,Canada,1993,1.18
internet_users,CAN,Canada,1992,0.916
internet_users,CAN,Canada,1991,0.57
internet_users,CAN,Canada,1990,0.361
internet_users,CHE,Switzerland,2025,97.32103855
internet_users,CHE,Switzerland,2024,97.3443985
internet_users,CHE,Switzerland,2023,97.34436623
internet_users,CHE,Switzerland,2022,96.45279694
internet_users,CHE,Switzerland,2021,95.56937154
internet_users,CHE,Switzerland,2020,94.34999847
internet_users,CHE,Switzerland,2019,93.1460869535177
internet_users,CHE,Switzerland,2018,91.80000305
internet_users,CHE,Switzerland,2017,89.6861476710225
internet_users,CHE,Switzerland,2016,89.1346877351392
internet_users,CHE,Switzerland,2015,87.4790555978675
internet_users,CHE,Switzerland,2014,83.6172512621702
internet_users,CHE,Switzerland,2013,86.34
internet_users,CHE,Switzerland,2012,85.2
internet_users,CHE,Switzerland,2011,85.1930281804854
internet_users,CHE,Switzerland,2010,83.9
internet_users,CHE,Switzerland,2009,81.3
internet_users,CHE,Switzerland,2008,79.2
internet_users,CHE,Switzerland,2007,77.2
internet_users,CHE,Switzerland,2006,75.7
internet_users,CHE,Switzerland,2005,70.1
internet_users,CHE,Switzerland,2004,67.8
internet_users,CHE,Switzerland,2003,65.1
internet_users,CHE,Switzerland,2002,61.4
internet_users,CHE,Switzerland,2001,55.1
internet_users,CHE,Switzerland,2000,47.1
internet_users,CHE,Switzerland,1999,34
internet_users,CHE,Switzerland,1998,24.8
internet_users,CHE,Switzerland,1997,15.1
internet_users,CHE,Switzerland,1996,4.55
internet_users,CHE,Switzerland,1995,3.55
internet_users,CHE,Switzerland,1994,2.72
internet_users,CHE,Switzerland,1993,2.17
internet_users,CHE,Switzerland,1992,1.75
internet_users,CHE,Switzerland,1991,1.18
internet_users,CHE,Switzerland,1990,0.596
internet_users,DEU,Germany,2024,93.49999579
internet_users,DEU,Germany,2023,92.4763763
internet_users,DEU,Germany,2022,91.62984383
internet_users,DEU,Germany,2021,91.43060973
internet_users,DEU,Germany,2020,89.81294133
internet_users,DEU,Germany,2019,88.1345169091916
internet_users,DEU,Germany,2018,87.037112092841
internet_users,DEU,Germany,2017,84.3941537010844
internet_users,DEU,Germany,2016,84.1652066441212
internet_users,DEU,Germany,2015,87.5897993525767
internet_users,DEU,Germany,2014,86.1937006578756
internet_users,DEU,Germany,2013,84.17
internet_users,DEU,Germany,2012,82.3499984738392
internet_users,DEU,Germany,2011,81.26999953602
internet_users,DEU,Germany,2010,82
internet_users,DEU,Germany,2009,79
internet_users,DEU,Germany,2008,78
internet_users,DEU,Germany,2007,75.16
internet_users,DEU,Germany,2006,72.16
internet_users,DEU,Germany,2005,68.71
internet_users,DEU,Germany,2004,64.73
internet_users,DEU,Germany,2003,55.9
internet_users,DEU,Germany,2002,48.82
internet_users,DEU,Germany,2001,31.650939416316
internet_users,DEU,Germany,2000,30.2163466048889
internet_users,DEU,Germany,1999,20.8
internet_users,DEU,Germany,1998,9.88
internet_users,DEU,Germany,1997,6.71
internet_users,DEU,Germany,1996,3.05
internet_users,DEU,Germany,1995,1.84
internet_users,DEU,Germany,1994,0.923
internet_users,DEU,Germany,1993,0.464
internet_users,DEU,Germany,1992,0.435
internet_users,DEU,Germany,1991,0.25
internet_users,DEU,Germany,1990,0.126
internet_users,DNK,Denmark,2024,99.76915157
internet_users,DNK,Denmark,2023,98.77559197
internet_users,DNK,Denmark,2022,97.86011812
internet_users,DNK,Denmark,2021,98.8658506
internet_users,DNK,Denmark,2020,96.54914573
internet_users,DNK,Denmark,2019,98.0464347521549
internet_users,DNK,Denmark,2018,97.3192043651002
internet_users,DNK,Denmark,2017,97.0993621555621
internet_users,DNK,Denmark,2016,96.9677852516645
internet_users,DNK,Denmark,2015,96.3305016195436
internet_users,DNK,Denmark,2014,95.9935053764454
internet_users,DNK,Denmark,2013,94.6297
internet_users,DNK,Denmark,2012,92.2600117153012
internet_users,DNK,Denmark,2011,89.8100133895232
internet_users,DNK,Denmark,2010,88.72
internet_users,DNK,Denmark,2009,86.84
internet_users,DNK,Denmark,2008,85.02
internet_users,DNK,Denmark,2007,85.03
internet_users,DNK,Denmark,2006,86.65
internet_users,DNK,Denmark,2005,82.74
internet_users,DNK,Denmark,2004,80.93
internet_users,DNK,Denmark,2003,76.26
internet_users,DNK,Denmark,2002,64.25
internet_users,DNK,Denmark,2001,42.9575247201878
internet_users,DNK,Denmark,2000,39.1724308555053
internet_users,DNK,Denmark,1999,30.6
internet_users,DNK,Denmark,1998,22.7
internet_users,DNK,Denmark,1997,11.4
internet_users,DNK,Denmark,1996,5.71
internet_users,DNK,Denmark,1995,3.83
internet_users,DNK,Denmark,1994,1.34
internet_users,DNK,Denmark,1993,0.578
internet_users,DNK,Denmark,1992,0.387
internet_users,DNK,Denmark,1991,0.194
internet_users,DNK,Denmark,1990,0.0973
internet_users,ESP,Spain,2024,95.7574516
internet_users,ESP,Spain,2023,95.44564516
internet_users,ESP,Spain,2022,94.4855432
internet_users,ESP,Spain,2021,93.89752157
internet_users,ESP,Spain,2020,93.20564892
internet_users,ESP,Spain,2019,90.718665325267
internet_users,ESP,Spain,2018,86.107235525659
internet_users,ESP,Spain,2017,84.6022457016524
internet_users,ESP,Spain,2016,80.5613329432179
internet_users,ESP,Spain,2015,78.6896318703515
internet_users,ESP,Spain,2014,76.1867089778712
internet_users,ESP,Spain,2013,71.635
internet_users,ESP,Spain,2012,69.8099999420024
internet_users,ESP,Spain,2011,67.0899993926581
internet_users,ESP,Spain,2010,65.8
internet_users,ESP,Spain,2009,62.4
internet_users,ESP,Spain,2008,59.6
internet_users,ESP,Spain,2007,55.11
internet_users,ESP,Spain,2006,50.37
internet_users,ESP,Spain,2005,47.88
internet_users,ESP,Spain,2004,44.01
internet_users,ESP,Spain,2003,39.93
internet_users,ESP,Spain,2002,20.39
internet_users,ESP,Spain,2001,18.1487226902932
internet_users,ESP,Spain,2000,13.6249608089899
internet_users,ESP,Spain,1999,7.09
internet_users,ESP,Spain,1998,4.36
internet_users,ESP,Spain,1997,2.8
internet_users,ESP,Spain,1996,1.33
internet_users,ESP,Spain,1995,0.381
internet_users,ESP,Spain,1994,0.28
internet_users,ESP,Spain,1993,0.128
internet_users,ESP,Spain,1992,0.0768
internet_users,ESP,Spain,1991,0.0257
internet_users,ESP,Spain,1990,0.0129
internet_users,EST,Estonia,2024,92.23796204
internet_users,EST,Estonia,2023,93.18342241
internet_users,EST,Estonia,2022,91.52016546
internet_users,EST,Estonia,2021,90.97970174
internet_users,EST,Estonia,2020,89.05828666
internet_users,EST,Estonia,2019,90.2289281997919
internet_users,EST,Estonia,2018,89.3570077747426
internet_users,EST,Estonia,2017,88.1024568740199
internet_users,EST,Estonia,2016,87.2402327514547
internet_users,EST,Estonia,2015,88.4097035040431
internet_users,EST,Estonia,2014,84.2415280294352
internet_users,EST,Estonia,2013,80.0043
internet_users,EST,Estonia,2012,78.3899259259259
internet_users,EST,Estonia,2011,76.5
internet_users,EST,Estonia,2010,74.1
internet_users,EST,Estonia,2009,72.5
internet_users,EST,Estonia,2008,70.58
internet_users,EST,Estonia,2007,66.19
internet_users,EST,Estonia,2006,63.51
internet_users,EST,Estonia,2005,61.45
internet_users,EST,Estonia,2004,53.2
internet_users,EST,Estonia,2003,45.32
internet_users,EST,Estonia,2002,41.52
internet_users,EST,Estonia,2001,31.5274897673756
internet_users,EST,Estonia,2000,28.5769538105646
internet_users,EST,Estonia,1999,14.5
internet_users,EST,Estonia,1998,10.8
internet_users,EST,Estonia,1997,5.71
internet_users,EST,Estonia,1996,3.53
internet_users,EST,Estonia,1995,2.78
internet_users,EST,Estonia,1994,1.16
internet_users,EST,Estonia,1993,0.301
internet_users,EST,Estonia,1992,0.0655
internet_users,EST,Estonia,1990,0
internet_users,FIN,Finland,2024,93.72405196
internet_users,FIN,Finland,2023,93.51385075
internet_users,FIN,Finland,2022,92.98879471
internet_users,FIN,Finland,2021,92.80806082
internet_users,FIN,Finland,2020,92.17027106
internet_users,FIN,Finland,2019,89.6073851129779
internet_users,FIN,Finland,2018,88.8899599985585
internet_users,FIN,Finland,2017,87.4689290730615
internet_users,FIN,Finland,2016,87.7036499599455
internet_users,FIN,Finland,2015,86.4221333325445
internet_users,FIN,Finland,2014,86.5303927529377
internet_users,FIN,Finland,2013,91.5144
internet_users,FIN,Finland,2012,89.879997974222
internet_users,FIN,Finland,2011,88.70999491353
internet_users,FIN,Finland,2010,86.89
internet_users,FIN,Finland,2009,82.49
internet_users,FIN,Finland,2008,83.67
internet_users,FIN,Finland,2007,80.78
internet_users,FIN,Finland,2006,79.66
internet_users,FIN,Finland,2005,74.48
internet_users,FIN,Finland,2004,72.39
internet_users,FIN,Finland,2003,69.22
internet_users,FIN,Finland,2002,62.43
internet_users,FIN,Finland,2001,43.1053633522263
internet_users,FIN,Finland,2000,37.2484617371121
internet_users,FIN,Finland,1999,32.3
internet_users,FIN,Finland,1998,25.5
internet_users,FIN,Finland,1997,19.5
internet_users,FIN,Finland,1996,16.8
internet_users,FIN,Finland,1995,13.9
internet_users,FIN,Finland,1994,4.92
internet_users,FIN,Finland,1993,2.57
internet_users,FIN,Finland,1992,1.89
internet_users,FIN,Finland,1991,1.4
internet_users,FIN,Finland,1990,0.401
internet_users,FRA,France,2024,88.65381638
internet_users,FRA,France,2023,86.83635789
internet_users,FRA,France,2022,85.33331734
internet_users,FRA,France,2021,86.09548575
internet_users,FRA,France,2020,84.70639801
internet_users,FRA,France,2019,83.3397440866883
internet_users,FRA,France,2018,82.0431867788484
internet_users,FRA,France,2017,80.5024597243607
internet_users,FRA,France,2016,79.2698113207547
internet_users,FRA,France,2015,78.0060377071902
internet_users,FRA,France,2014,83.7510996681821
internet_users,FRA,France,2013,81.9198
internet_users,FRA,France,2012,81.44
internet_users,FRA,France,2011,77.8199989926706
internet_users,FRA,France,2010,77.28
internet_users,FRA,France,2009,71.58
internet_users,FRA,France,2008,70.68
internet_users,FRA,France,2007,66.09
internet_users,FRA,France,2006,46.87
internet_users,FRA,France,2005,42.87
internet_users,FRA,France,2004,39.15
internet_users,FRA,France,2003,36.14
internet_users,FRA,France,2002,30.18
internet_users,FRA,France,2001,26.3259035521688
internet_users,FRA,France,2000,14.3079239430677
internet_users,FRA,France,1999,9.13
internet_users,FRA,France,1998,6.32
internet_users,FRA,France,1997,4.26
internet_users,FRA,France,1996,2.58
internet_users,FRA,France,1995,1.64
internet_users,FRA,France,1994,0.9
internet_users,FRA,France,1993,0.591
internet_users,FRA,France,1992,0.279
internet_users,FRA,France,1991,0.14
internet_users,FRA,France,1990,0.0528
internet_users,GBR,United Kingdom,2024,95.4720993
internet_users,GBR,United Kingdom,2023,95.44719696
internet_users,GBR,United Kingdom,2022,95.46530151
internet_users,GBR,United Kingdom,2021,96.19650269
internet_users,GBR,United Kingdom,2020,94.81820132
internet_users,GBR,United Kingdom,2019,92.5166285497138
internet_users,GBR,United Kingdom,2018,90.692008988783
internet_users,GBR,United Kingdom,2017,90.4245504868553
internet_users,GBR,United Kingdom,2016,94.7758006318882
internet_users,GBR,United Kingdom,2015,92.0002998740234
internet_users,GBR,United Kingdom,2014,91.6133009176453
internet_users,GBR,United Kingdom,2013,89.8441
internet_users,GBR,United Kingdom,2012,87.4799984242111
internet_users,GBR,United Kingdom,2011,85.3799985496322
internet_users,GBR,United Kingdom,2010,85
internet_users,GBR,United Kingdom,2009,83.56
internet_users,GBR,United Kingdom,2008,78.39
internet_users,GBR,United Kingdom,2007,75.09
internet_users,GBR,United Kingdom,2006,68.82
internet_users,GBR,United Kingdom,2005,70
internet_users,GBR,United Kingdom,2004,65.61
internet_users,GBR,United Kingdom,2003,64.82
internet_users,GBR,United Kingdom,2002,56.48
internet_users,GBR,United Kingdom,2001,33.4810948744147
internet_users,GBR,United Kingdom,2000,26.8217543508578
internet_users,GBR,United Kingdom,1999,21.3
internet_users,GBR,United Kingdom,1998,13.7
internet_users,GBR,United Kingdom,1997,7.39
internet_users,GBR,United Kingdom,1996,4.12
internet_users,GBR,United Kingdom,1995,1.9
internet_users,GBR,United Kingdom,1994,1.04
internet_users,GBR,United Kingdom,1993,0.52
internet_users,GBR,United Kingdom,1992,0.261
internet_users,GBR,United Kingdom,1991,0.174
internet_users,GBR,United Kingdom,1990,0.0874
internet_users,ISL,Iceland,2024,98.209198
internet_users,ISL,Iceland,2023,97.94860077
internet_users,ISL,Iceland,2022,97.58339691
internet_users,ISL,Iceland,2021,99.68701957
internet_users,ISL,Iceland,2020,99.5327519
internet_users,ISL,Iceland,2019,99.5049411693787
internet_users,ISL,Iceland,2018,99.0109539916991
internet_users,ISL,Iceland,2017,98.2552011867973
internet_users,ISL,Iceland,2016,98.23999786
internet_users,ISL,Iceland,2015,98.19999695
internet_users,ISL,Iceland,2014,98.1580233097118
internet_users,ISL,Iceland,2013,96.5468
internet_users,ISL,Iceland,2012,96.2097995545657
internet_users,ISL,Iceland,2011,94.8196868008949
internet_users,ISL,Iceland,2010,93.39
internet_users,ISL,Iceland,2009,93
internet_users,ISL,Iceland,2008,91
internet_users,ISL,Iceland,2007,90.6
internet_users,ISL,Iceland,2006,89.51
internet_users,ISL,Iceland,2005,87
internet_users,ISL,Iceland,2004,83.88
internet_users,ISL,Iceland,2003,83.14
internet_users,ISL,Iceland,2002,79.12
internet_users,ISL,Iceland,2001,49.3929953676426
internet_users,ISL,Iceland,2000,44.470533824288
internet_users,ISL,Iceland,1999,41.3
internet_users,ISL,Iceland,1998,36.3
internet_users,ISL,Iceland,1997,27.5
internet_users,ISL,Iceland,1996,14.8
internet_users,ISL,Iceland,1995,11.2
internet_users,ISL,Iceland,1994,6.79
internet_users,ISL,Iceland,1993,2.67
internet_users,ISL,Iceland,1992,1.54
internet_users,ISL,Iceland,1991,0.505
internet_users,ISL,Iceland,1990,0
internet_users,ISR,Israel,2024,88.18242225
internet_users,ISR,Israel,2023,87.03842615
internet_users,ISR,Israel,2022,91.85079615
internet_users,ISR,Israel,2021,90.29689758
internet_users,ISR,Israel,2020,90.12734091
internet_users,ISR,Israel,2019,86.7878776180583
internet_users,ISR,Israel,2018,83.7331569615326
internet_users,ISR,Israel,2017,81.5811835871611
internet_users,ISR,Israel,2016,79.6531241815281
internet_users,ISR,Israel,2015,77.3520896572253
internet_users,ISR,Israel,2014,75.0177531628076
internet_users,ISR,Israel,2013,70.250311945
internet_users,ISR,Israel,2012,70.8
internet_users,ISR,Israel,2011,68.8738779907441
internet_users,ISR,Israel,2010,67.5
internet_users,ISR,Israel,2009,63.12
internet_users,ISR,Israel,2008,59.39
internet_users,ISR,Israel,2007,48.1280621948445
internet_users,ISR,Israel,2006,27.8810997
internet_users,ISR,Israel,2005,25.19400024
internet_users,ISR,Israel,2004,22.7704855254035
internet_users,ISR,Israel,2003,19.5933936579649
internet_users,ISR,Israel,2002,17.7645990630493
internet_users,ISR,Israel,2001,17.3786238639049
internet_users,ISR,Israel,2000,20.8737899981674
internet_users,ISR,Israel,1999,13.4
internet_users,ISR,Israel,1998,10.3
internet_users,ISR,Israel,1997,4.4
internet_users,ISR,Israel,1996,2.17
internet_users,ISR,Israel,1995,0.93
internet_users,ISR,Israel,1994,0.577
internet_users,ISR,Israel,1993,0.399
internet_users,ISR,Israel,1992,0.311
internet_users,ISR,Israel,1991,0.215
internet_users,ISR,Israel,1990,0.111
internet_users,ITA,Italy,2024,89.2207202
internet_users,ITA,Italy,2023,87.0278292
internet_users,ITA,Italy,2022,85.06074504
internet_users,ITA,Italy,2021,74.8623274
internet_users,ITA,Italy,2020,70.48342785
internet_users,ITA,Italy,2019,67.8507102874836
internet_users,ITA,Italy,2018,74.3871829234822
internet_users,ITA,Italy,2017,63.0773469984291
internet_users,ITA,Italy,2016,61.3242527666303
internet_users,ITA,Italy,2015,58.1417349568747
internet_users,ITA,Italy,2014,55.6384602242293
internet_users,ITA,Italy,2013,58.4593
internet_users,ITA,Italy,2012,55.829997993283
internet_users,ITA,Italy,2011,54.3899983018814
internet_users,ITA,Italy,2010,53.68
internet_users,ITA,Italy,2009,48.83
internet_users,ITA,Italy,2008,44.53
internet_users,ITA,Italy,2007,40.79
internet_users,ITA,Italy,2006,37.99
internet_users,ITA,Italy,2005,35
internet_users,ITA,Italy,2004,33.24
internet_users,ITA,Italy,2003,29.04
internet_users,ITA,Italy,2002,28.04
internet_users,ITA,Italy,2001,27.2221169788811
internet_users,ITA,Italy,2000,23.1108742441037
internet_users,ITA,Italy,1999,14.4
internet_users,ITA,Italy,1998,4.56
internet_users,ITA,Italy,1997,2.28
internet_users,ITA,Italy,1996,1.02
internet_users,ITA,Italy,1995,0.524
internet_users,ITA,Italy,1994,0.192
internet_users,ITA,Italy,1993,0.122
internet_users,ITA,Italy,1992,0.0701
internet_users,ITA,Italy,1991,0.0351
internet_users,ITA,Italy,1990,0.0175
internet_users,JPN,Japan,2024,85.54153081
internet_users,JPN,Japan,2023,85.00990295
internet_users,JPN,Japan,2022,84.92343147
internet_users,JPN,Japan,2021,82.91407928
internet_users,JPN,Japan,2020,90.21945812
internet_users,JPN,Japan,2019,92.7303978145525
internet_users,JPN,Japan,2018,88.7463508901772
internet_users,JPN,Japan,2017,91.7265472366635
internet_users,JPN,Japan,2016,93.1827212821617
internet_users,JPN,Japan,2015,91.0580283929962
internet_users,JPN,Japan,2014,89.1068330166075
internet_users,JPN,Japan,2013,88.219428911
internet_users,JPN,Japan,2012,79.4964
internet_users,JPN,Japan,2011,79.0541135244739
internet_users,JPN,Japan,2010,78.21
internet_users,JPN,Japan,2009,78
internet_users,JPN,Japan,2008,75.4
internet_users,JPN,Japan,2007,74.3
internet_users,JPN,Japan,2006,68.6852703213795
internet_users,JPN,Japan,2005,66.9210661042901
internet_users,JPN,Japan,2004,62.3939296327259
internet_users,JPN,Japan,2003,48.4352658899653
internet_users,JPN,Japan,2002,46.5942011179917
internet_users,JPN,Japan,2001,38.5320608612719
internet_users,JPN,Japan,2000,29.9907403589142
internet_users,JPN,Japan,1999,21.4
internet_users,JPN,Japan,1998,13.4
internet_users,JPN,Japan,1997,9.16
internet_users,JPN,Japan,1996,4.37
internet_users,JPN,Japan,1995,1.59
internet_users,JPN,Japan,1994,0.8
internet_users,JPN,Japan,1993,0.401
internet_users,JPN,Japan,1992,0.0967
internet_users,JPN,Japan,1991,0.0404
internet_users,JPN,Japan,1990,0.0203
internet_users,KOR,"Korea, Rep.",2024,97.89563777
internet_users,KOR,"Korea, Rep.",2023,97.41597478
internet_users,KOR,"Korea, Rep.",2022,97.16855335
internet_users,KOR,"Korea, Rep.",2021,97.57132698
internet_users,KOR,"Korea, Rep.",2020,96.50506052
internet_users,KOR,"Korea, Rep.",2019,96.157579184239
internet_users,KOR,"Korea, Rep.",2018,96.0228595797887
internet_users,KOR,"Korea, Rep.",2017,95.0694218761004
internet_users,KOR,"Korea, Rep.",2016,92.8430256796075
internet_users,KOR,"Korea, Rep.",2015,89.8962557995106
internet_users,KOR,"Korea, Rep.",2014,87.5568264944747
internet_users,KOR,"Korea, Rep.",2013,84.77
internet_users,KOR,"Korea, Rep.",2012,84.07
internet_users,KOR,"Korea, Rep.",2011,83.7591201534472
internet_users,KOR,"Korea, Rep.",2010,83.7
internet_users,KOR,"Korea, Rep.",2009,81.6
internet_users,KOR,"Korea, Rep.",2008,81
internet_users,KOR,"Korea, Rep.",2007,78.8
internet_users,KOR,"Korea, Rep.",2006,78.1
internet_users,KOR,"Korea, Rep.",2005,73.5
internet_users,KOR,"Korea, Rep.",2004,72.7
internet_users,KOR,"Korea, Rep.",2003,65.5
internet_users,KOR,"Korea, Rep.",2002,59.4
internet_users,KOR,"Korea, Rep.",2001,56.6
internet_users,KOR,"Korea, Rep.",2000,44.7
internet_users,KOR,"Korea, Rep.",1999,23.6
internet_users,KOR,"Korea, Rep.",1998,6.78
internet_users,KOR,"Korea, Rep.",1997,3.6
internet_users,KOR,"Korea, Rep.",1996,1.62
internet_users,KOR,"Korea, Rep.",1995,0.82
internet_users,KOR,"Korea, Rep.",1994,0.311
internet_users,KOR,"Korea, Rep.",1993,0.25
internet_users,KOR,"Korea, Rep.",1992,0.0984
internet_users,KOR,"Korea, Rep.",1991,0.0461
internet_users,KOR,"Korea, Rep.",1990,0.0233
internet_users,LUX,Luxembourg,2025,99.12902211
internet_users,LUX,Luxembourg,2024,98.7606147
internet_users,LUX,Luxembourg,2023,99.34785707
internet_users,LUX,Luxembourg,2022,98.24203749
internet_users,LUX,Luxembourg,2021,98.66086333
internet_users,LUX,Luxembourg,2020,98.45962893
internet_users,LUX,Luxembourg,2019,97.120635693272
internet_users,LUX,Luxembourg,2018,97.061298705829
internet_users,LUX,Luxembourg,2017,97.3629603241751
internet_users,LUX,Luxembourg,2016,98.1366986657616
internet_users,LUX,Luxembourg,2015,96.3767141704759
internet_users,LUX,Luxembourg,2014,94.6702052774766
internet_users,LUX,Luxembourg,2013,93.7765
internet_users,LUX,Luxembourg,2012,91.9499237417387
internet_users,LUX,Luxembourg,2011,90.0298585646936
internet_users,LUX,Luxembourg,2010,90.62
internet_users,LUX,Luxembourg,2009,87.31
internet_users,LUX,Luxembourg,2008,82.23
internet_users,LUX,Luxembourg,2007,78.92
internet_users,LUX,Luxembourg,2006,72.51
internet_users,LUX,Luxembourg,2005,70
internet_users,LUX,Luxembourg,2004,65.88
internet_users,LUX,Luxembourg,2003,54.55
internet_users,LUX,Luxembourg,2002,39.84
internet_users,LUX,Luxembourg,2001,36.163422506306
internet_users,LUX,Luxembourg,2000,22.8873279731211
internet_users,LUX,Luxembourg,1999,17.4
internet_users,LUX,Luxembourg,1998,11.7
internet_users,LUX,Luxembourg,1997,7.14
internet_users,LUX,Luxembourg,1996,5.55
internet_users,LUX,Luxembourg,1995,1.59
internet_users,LUX,Luxembourg,1994,0.496
internet_users,LUX,Luxembourg,1993,0.302
internet_users,LUX,Luxembourg,1992,0.153
internet_users,LUX,Luxembourg,1990,0
internet_users,NLD,Netherlands,2024,97.00679779
internet_users,NLD,Netherlands,2023,97.00680272
internet_users,NLD,Netherlands,2022,92.51968504
internet_users,NLD,Netherlands,2021,92.05298013
internet_users,NLD,Netherlands,2020,91.33333333
internet_users,NLD,Netherlands,2019,93.2885906040269
internet_users,NLD,Netherlands,2018,91.8918918918919
internet_users,NLD,Netherlands,2017,93.1972789115646
internet_users,NLD,Netherlands,2016,90.4109589041096
internet_users,NLD,Netherlands,2015,91.7241379310345
internet_users,NLD,Netherlands,2014,91.6666666666667
internet_users,NLD,Netherlands,2013,93.9564
internet_users,NLD,Netherlands,2012,92.859992359525
internet_users,NLD,Netherlands,2011,91.4199957622284
internet_users,NLD,Netherlands,2010,90.72
internet_users,NLD,Netherlands,2009,89.63
internet_users,NLD,Netherlands,2008,87.42
internet_users,NLD,Netherlands,2007,85.82
internet_users,NLD,Netherlands,2006,83.7
internet_users,NLD,Netherlands,2005,81
internet_users,NLD,Netherlands,2004,68.52
internet_users,NLD,Netherlands,2003,64.35
internet_users,NLD,Netherlands,2002,61.29
internet_users,NLD,Netherlands,2001,49.3730621073123
internet_users,NLD,Netherlands,2000,43.984351373138
internet_users,NLD,Netherlands,1999,39.2
internet_users,NLD,Netherlands,1998,22.2
internet_users,NLD,Netherlands,1997,14.1
internet_users,NLD,Netherlands,1996,9.65
internet_users,NLD,Netherlands,1995,6.47
internet_users,NLD,Netherlands,1994,3.26
internet_users,NLD,Netherlands,1993,1.97
internet_users,NLD,Netherlands,1992,1.32
internet_users,NLD,Netherlands,1991,0.531
internet_users,NLD,Netherlands,1990,0.334
internet_users,NOR,Norway,2024,99
internet_users,NOR,Norway,2023,99.00000258
internet_users,NOR,Norway,2022,98.99997764
internet_users,NOR,Norway,2021,99.0000036
internet_users,NOR,Norway,2020,94.60755647
internet_users,NOR,Norway,2019,98.0000043853142
internet_users,NOR,Norway,2018,96.4916579887094
internet_users,NOR,Norway,2017,96.3576012951191
internet_users,NOR,Norway,2016,97.2982036675068
internet_users,NOR,Norway,2015,96.810325691365
internet_users,NOR,Norway,2014,96.3005098242892
internet_users,NOR,Norway,2013,95.0534
internet_users,NOR,Norway,2012,94.6499780533304
internet_users,NOR,Norway,2011,93.4899826515194
internet_users,NOR,Norway,2010,93.39
internet_users,NOR,Norway,2009,92.08
internet_users,NOR,Norway,2008,90.57
internet_users,NOR,Norway,2007,86.93
internet_users,NOR,Norway,2006,82.55
internet_users,NOR,Norway,2005,81.99
internet_users,NOR,Norway,2004,77.69
internet_users,NOR,Norway,2003,78.13
internet_users,NOR,Norway,2002,72.84
internet_users,NOR,Norway,2001,64
internet_users,NOR,Norway,2000,52
internet_users,NOR,Norway,1999,40
internet_users,NOR,Norway,1998,22.6
internet_users,NOR,Norway,1997,20.4
internet_users,NOR,Norway,1996,18.3
internet_users,NOR,Norway,1995,6.42
internet_users,NOR,Norway,1994,4.15
internet_users,NOR,Norway,1993,2.78
internet_users,NOR,Norway,1992,2.22
internet_users,NOR,Norway,1991,1.41
internet_users,NOR,Norway,1990,0.707
internet_users,NZL,New Zealand,2024,93.51930237
internet_users,NZL,New Zealand,2023,93.32610321
internet_users,NZL,New Zealand,2022,93.07289886
internet_users,NZL,New Zealand,2021,91.99060059
internet_users,NZL,New Zealand,2020,90.92099762
internet_users,NZL,New Zealand,2019,89.86370087
internet_users,NZL,New Zealand,2018,89
internet_users,NZL,New Zealand,2017,87.69999695
internet_users,NZL,New Zealand,2016,86.5
internet_users,NZL,New Zealand,2015,85.19999695
internet_users,NZL,New Zealand,2014,84
internet_users,NZL,New Zealand,2013,82.77999878
internet_users,NZL,New Zealand,2012,81.644470179502
internet_users,NZL,New Zealand,2011,81.23000336
internet_users,NZL,New Zealand,2010,80.45999908
internet_users,NZL,New Zealand,2009,79.7
internet_users,NZL,New Zealand,2008,72.02999878
internet_users,NZL,New Zealand,2007,69.76000214
internet_users,NZL,New Zealand,2006,69
internet_users,NZL,New Zealand,2005,62.72019958
internet_users,NZL,New Zealand,2004,61.8476278106481
internet_users,NZL,New Zealand,2003,60.9625398663824
internet_users,NZL,New Zealand,2002,59.0807532812931
internet_users,NZL,New Zealand,2001,53.2410152941279
internet_users,NZL,New Zealand,2000,47.3795565432096
internet_users,NZL,New Zealand,1999,41.5
internet_users,NZL,New Zealand,1998,31.6
internet_users,NZL,New Zealand,1997,14.6
internet_users,NZL,New Zealand,1996,8.04
internet_users,NZL,New Zealand,1995,4.88
internet_users,NZL,New Zealand,1994,3.17
internet_users,NZL,New Zealand,1993,0.631
internet_users,NZL,New Zealand,1992,0.286
internet_users,NZL,New Zealand,1990,0
internet_users,POL,Poland,2024,88.58496367
internet_users,POL,Poland,2023,86.414744
internet_users,POL,Poland,2022,86.94113479
internet_users,POL,Poland,2021,85.37490906
internet_users,POL,Poland,2020,83.18488715
internet_users,POL,Poland,2019,80.4359068768673
internet_users,POL,Poland,2018,77.5417345350006
internet_users,POL,Poland,2017,75.9853659493832
internet_users,POL,Poland,2016,73.3007040962669
internet_users,POL,Poland,2015,67.9969871556415
internet_users,POL,Poland,2014,66.5987360557248
internet_users,POL,Poland,2013,62.8492
internet_users,POL,Poland,2012,62.3099972714691
internet_users,POL,Poland,2011,61.94999896898
internet_users,POL,Poland,2010,62.32
internet_users,POL,Poland,2009,58.97
internet_users,POL,Poland,2008,53.13
internet_users,POL,Poland,2007,48.6
internet_users,POL,Poland,2006,44.58
internet_users,POL,Poland,2005,38.81
internet_users,POL,Poland,2004,32.53
internet_users,POL,Poland,2003,24.87
internet_users,POL,Poland,2002,21.15
internet_users,POL,Poland,2001,9.9006697073534
internet_users,POL,Poland,2000,7.2854287080601
internet_users,POL,Poland,1999,5.46
internet_users,POL,Poland,1998,4.1
internet_users,POL,Poland,1997,2.07
internet_users,POL,Poland,1996,1.3
internet_users,POL,Poland,1995,0.648
internet_users,POL,Poland,1994,0.389
internet_users,POL,Poland,1993,0.13
internet_users,POL,Poland,1992,0.0521
internet_users,POL,Poland,1991,0.00523
internet_users,POL,Poland,1990,0
internet_users,PRT,Portugal,2024,88.48704454
internet_users,PRT,Portugal,2023,85.79012676
internet_users,PRT,Portugal,2022,84.49690644
internet_users,PRT,Portugal,2021,82.30902804
internet_users,PRT,Portugal,2020,78.26166044
internet_users,PRT,Portugal,2019,75.3463779408712
internet_users,PRT,Portugal,2018,74.6609681487507
internet_users,PRT,Portugal,2017,73.7912139515729
internet_users,PRT,Portugal,2016,70.423567088723
internet_users,PRT,Portugal,2015,68.6328614804299
internet_users,PRT,Portugal,2014,64.5924200648949
internet_users,PRT,Portugal,2013,62.0956
internet_users,PRT,Portugal,2012,60.3399974868057
internet_users,PRT,Portugal,2011,55.2499968797194
internet_users,PRT,Portugal,2010,53.3
internet_users,PRT,Portugal,2009,48.27
internet_users,PRT,Portugal,2008,44.13
internet_users,PRT,Portugal,2007,42.09
internet_users,PRT,Portugal,2006,38.01
internet_users,PRT,Portugal,2005,34.99
internet_users,PRT,Portugal,2004,31.78
internet_users,PRT,Portugal,2003,29.67
internet_users,PRT,Portugal,2002,19.37
internet_users,PRT,Portugal,2001,18.0871365595338
internet_users,PRT,Portugal,2000,16.4304676923534
internet_users,PRT,Portugal,1999,14.7
internet_users,PRT,Portugal,1998,9.87
internet_users,PRT,Portugal,1997,4.95
internet_users,PRT,Portugal,1996,2.98
internet_users,PRT,Portugal,1995,1.49
internet_users,PRT,Portugal,1994,0.719
internet_users,PRT,Portugal,1993,0.45
internet_users,PRT,Portugal,1992,0.25
internet_users,PRT,Portugal,1991,0.1
internet_users,PRT,Portugal,1990,0
internet_users,SGP,Singapore,2024,94.37757178
internet_users,SGP,Singapore,2023,94.28518987
internet_users,SGP,Singapore,2022,95.95386476
internet_users,SGP,Singapore,2021,96.92468156
internet_users,SGP,Singapore,2020,92.00434653
internet_users,SGP,Singapore,2019,88.9492526850762
internet_users,SGP,Singapore,2018,88.1656360313447
internet_users,SGP,Singapore,2017,84.4522678893074
internet_users,SGP,Singapore,2016,84.4522678893074
internet_users,SGP,Singapore,2015,79.0129570025584
internet_users,SGP,Singapore,2014,79.0292358633435
internet_users,SGP,Singapore,2013,80.90209961
internet_users,SGP,Singapore,2012,72
internet_users,SGP,Singapore,2011,71
internet_users,SGP,Singapore,2010,71
internet_users,SGP,Singapore,2009,69
internet_users,SGP,Singapore,2008,69
internet_users,SGP,Singapore,2007,69.9
internet_users,SGP,Singapore,2006,59
internet_users,SGP,Singapore,2005,61
internet_users,SGP,Singapore,2004,62
internet_users,SGP,Singapore,2003,53.8379432881911
internet_users,SGP,Singapore,2002,47
internet_users,SGP,Singapore,2001,41.6704251756041
internet_users,SGP,Singapore,2000,36
internet_users,SGP,Singapore,1999,24.2
internet_users,SGP,Singapore,1998,19.6
internet_users,SGP,Singapore,1997,13.5
internet_users,SGP,Singapore,1996,8.35
internet_users,SGP,Singapore,1995,2.87
internet_users,SGP,Singapore,1994,1.19
internet_users,SGP,Singapore,1993,0.763
internet_users,SGP,Singapore,1992,0.471
internet_users,SGP,Singapore,1991,0.162
internet_users,SGP,Singapore,1990,0
internet_users,SWE,Sweden,2025,95.76629783
internet_users,SWE,Sweden,2024,95.52930428
internet_users,SWE,Sweden,2023,95.70327461
internet_users,SWE,Sweden,2022,95.00970335
internet_users,SWE,Sweden,2021,94.6703163
internet_users,SWE,Sweden,2020,94.53943122
internet_users,SWE,Sweden,2019,94.4934434072202
internet_users,SWE,Sweden,2018,89.2469631588137
internet_users,SWE,Sweden,2017,93.0062669652127
internet_users,SWE,Sweden,2016,89.6509476102355
internet_users,SWE,Sweden,2015,90.6101966398616
internet_users,SWE,Sweden,2014,92.5236065037579
internet_users,SWE,Sweden,2013,94.7836
internet_users,SWE,Sweden,2012,93.1799880065108
internet_users,SWE,Sweden,2011,92.7699860554046
internet_users,SWE,Sweden,2010,90
internet_users,SWE,Sweden,2009,91
internet_users,SWE,Sweden,2008,90
internet_users,SWE,Sweden,2007,82.01
internet_users,SWE,Sweden,2006,87.76
internet_users,SWE,Sweden,2005,84.83
internet_users,SWE,Sweden,2004,83.89
internet_users,SWE,Sweden,2003,79.13
internet_users,SWE,Sweden,2002,70.57
internet_users,SWE,Sweden,2001,51.7656649372808
internet_users,SWE,Sweden,2000,45.6876522122282
internet_users,SWE,Sweden,1999,41.4
internet_users,SWE,Sweden,1998,33.5
internet_users,SWE,Sweden,1997,23.7
internet_users,SWE,Sweden,1996,9.04
internet_users,SWE,Sweden,1995,5.1
internet_users,SWE,Sweden,1994,3.41
internet_users,SWE,Sweden,1993,1.72
internet_users,SWE,Sweden,1992,1.5
internet_users,SWE,Sweden,1991,1.16
internet_users,SWE,Sweden,1990,0.584
internet_users,USA,United States,2024,94.69380188
internet_users,USA,United States,2023,93.52559662
internet_users,USA,United States,2022,92.72850037
internet_users,USA,United States,2021,91.2684021
internet_users,USA,United States,2020,90.34470367
internet_users,USA,United States,2019,89.4302848575712
internet_users,USA,United States,2018,88.498903165152
internet_users,USA,United States,2017,87.2748891687657
internet_users,USA,United States,2016,85.5444212887222
internet_users,USA,United States,2015,74.5542024462761
internet_users,USA,United States,2014,73
internet_users,USA,United States,2013,71.4
internet_users,USA,United States,2012,74.7
internet_users,USA,United States,2011,69.7294607619268
internet_users,USA,United States,2010,71.69
internet_users,USA,United States,2009,71
internet_users,USA,United States,2008,74
internet_users,USA,United States,2007,75
internet_users,USA,United States,2006,68.93119812
internet_users,USA,United States,2005,67.9681015
internet_users,USA,United States,2004,64.7582564759896
internet_users,USA,United States,2003,61.6971171244207
internet_users,USA,United States,2002,58.7854038836952
internet_users,USA,United States,2001,49.0808315896951
internet_users,USA,United States,2000,43.0791626375201
internet_users,USA,United States,1999,35.8
internet_users,USA,United States,1998,30.1
internet_users,USA,United States,1997,21.6
internet_users,USA,United States,1996,16.4
internet_users,USA,United States,1995,9.24
internet_users,USA,United States,1994,4.86
internet_users,USA,United States,1993,2.27
internet_users,USA,United States,1992,1.72
internet_users,USA,United States,1991,1.16
internet_users,USA,United States,1990,0.785
tax_rev_gdp,ARE,United Arab Emirates,2024,0.647516088466425
tax_rev_gdp,ARE,United Arab Emirates,2023,0.616670519752557
tax_rev_gdp,ARE,United Arab Emirates,2022,0.568698431385193
tax_rev_gdp,ARE,United Arab Emirates,2021,0.526041912665844
tax_rev_gdp,ARE,United Arab Emirates,2020,0.667404694007498
tax_rev_gdp,ARE,United Arab Emirates,2019,0.936531687616157
tax_rev_gdp,ARE,United Arab Emirates,2018,0.056840595689712
tax_rev_gdp,ARE,United Arab Emirates,2017,0.0635311817705108
tax_rev_gdp,ARE,United Arab Emirates,2016,0.040683437400096
tax_rev_gdp,ARE,United Arab Emirates,2015,0.0541309745951462
tax_rev_gdp,ARE,United Arab Emirates,2014,0.33747494973265
tax_rev_gdp,ARE,United Arab Emirates,2013,0.352793151993451
tax_rev_gdp,ARE,United Arab Emirates,2012,0.34692764731157
tax_rev_gdp,ARE,United Arab Emirates,2011,0.305542747364174
tax_rev_gdp,ARE,United Arab Emirates,1999,1.12244798604335
tax_rev_gdp,ARE,United Arab Emirates,1998,1.07587171087163
tax_rev_gdp,ARE,United Arab Emirates,1997,0.992337874317392
tax_rev_gdp,AUS,Australia,2022,23.5614929509239
tax_rev_gdp,AUS,Australia,2021,23.0039076566829
tax_rev_gdp,AUS,Australia,2020,22.507523858651
tax_rev_gdp,AUS,Australia,2019,23.3142643790741
tax_rev_gdp,AUS,Australia,2018,23.1220344318251
tax_rev_gdp,AUS,Australia,2017,22.0221874286349
tax_rev_gdp,AUS,Australia,2016,22.1881700823279
tax_rev_gdp,AUS,Australia,2015,21.7852484720567
tax_rev_gdp,AUS,Australia,2014,21.8026703321947
tax_rev_gdp,AUS,Australia,2013,21.8526958939392
tax_rev_gdp,AUS,Australia,2012,21.028478984604
tax_rev_gdp,AUS,Australia,2011,20.2598123616431
tax_rev_gdp,AUS,Australia,2010,20.411751894265
tax_rev_gdp,AUS,Australia,2009,21.9501151705037
tax_rev_gdp,AUS,Australia,2008,24.1542735049965
tax_rev_gdp,AUS,Australia,2007,23.9945520669883
tax_rev_gdp,AUS,Australia,2006,24.4695693337421
tax_rev_gdp,AUS,Australia,2005,24.7148112586711
tax_rev_gdp,AUS,Australia,2004,24.2195290194588
tax_rev_gdp,AUS,Australia,2003,24.2596128506148
tax_rev_gdp,AUS,Australia,2002,23.5096379102133
tax_rev_gdp,AUS,Australia,2001,24.8100919346919
tax_rev_gdp,AUS,Australia,2000,22.9835970252002
tax_rev_gdp,AUS,Australia,1999,22.3750515718788
tax_rev_gdp,AUS,Australia,1998,22.1906538382694
tax_rev_gdp,AUS,Australia,1997,22.3407403687315
tax_rev_gdp,AUS,Australia,1996,21.838587960822
tax_rev_gdp,AUS,Australia,1995,21.1275093183836
tax_rev_gdp,AUS,Australia,1994,19.9789850327209
tax_rev_gdp,AUS,Australia,1993,19.9526579865482
tax_rev_gdp,AUS,Australia,1992,20.6110291949277
tax_rev_gdp,AUS,Australia,1991,22.2982298374105
tax_rev_gdp,AUS,Australia,1990,22.4000039482678
tax_rev_gdp,AUT,Austria,2024,25.7804428492832
tax_rev_gdp,AUT,Austria,2023,25.6473559790513
tax_rev_gdp,AUT,Austria,2022,26.1260712279325
tax_rev_gdp,AUT,Austria,2021,26.0148539837239
tax_rev_gdp,AUT,Austria,2020,24.666005775658
tax_rev_gdp,AUT,Austria,2019,25.8096620383826
tax_rev_gdp,AUT,Austria,2018,25.7216448598991
tax_rev_gdp,AUT,Austria,2017,25.7616861075799
tax_rev_gdp,AUT,Austria,2016,25.8220277699052
tax_rev_gdp,AUT,Austria,2015,27.2160274066387
tax_rev_gdp,AUT,Austria,2014,26.8419027283415
tax_rev_gdp,AUT,Austria,2013,26.7741686943731
tax_rev_gdp,AUT,Austria,2012,26.1830994283732
tax_rev_gdp,AUT,Austria,2011,25.6466391466356
tax_rev_gdp,AUT,Austria,2010,25.495733887384
tax_rev_gdp,AUT,Austria,2009,25.3973668580862
tax_rev_gdp,AUT,Austria,2008,26.248140017775
tax_rev_gdp,AUT,Austria,2007,25.5950050669501
tax_rev_gdp,AUT,Austria,2006,25.1943406740954
tax_rev_gdp,AUT,Austria,2005,25.6489616551304
tax_rev_gdp,AUT,Austria,2004,26.4758305323051
tax_rev_gdp,AUT,Austria,2003,26.8133590933971
tax_rev_gdp,AUT,Austria,2002,27.1759762710679
tax_rev_gdp,AUT,Austria,2001,28.1049696740217
tax_rev_gdp,AUT,Austria,2000,26.3582503226179
tax_rev_gdp,AUT,Austria,1999,26.7081532349359
tax_rev_gdp,AUT,Austria,1998,27.02386308091
tax_rev_gdp,AUT,Austria,1997,26.926211709083
tax_rev_gdp,AUT,Austria,1996,26.0699077341455
tax_rev_gdp,AUT,Austria,1995,24.6852666278446
tax_rev_gdp,AUT,Austria,1994,18.4177127144409
tax_rev_gdp,AUT,Austria,1993,19.0099150208509
tax_rev_gdp,AUT,Austria,1992,18.9948808846593
tax_rev_gdp,AUT,Austria,1991,18.2386167567911
tax_rev_gdp,AUT,Austria,1990,18.0517896686192
tax_rev_gdp,CAN,Canada,2024,13.7145570395982
tax_rev_gdp,CAN,Canada,2023,13.7377870842483
tax_rev_gdp,CAN,Canada,2022,13.6967194140816
tax_rev_gdp,CAN,Canada,2021,13.9963002003697
tax_rev_gdp,CAN,Canada,2020,13.5185804823986
tax_rev_gdp,CAN,Canada,2019,12.7416613646109
tax_rev_gdp,CAN,Canada,2018,13.0576729881011
tax_rev_gdp,CAN,Canada,2017,12.6119872225487
tax_rev_gdp,CAN,Canada,2016,12.4965502941198
tax_rev_gdp,CAN,Canada,2015,12.3897984570277
tax_rev_gdp,CAN,Canada,2014,11.8083672406473
tax_rev_gdp,CAN,Canada,2013,11.6235901452765
tax_rev_gdp,CAN,Canada,2012,11.6644720495535
tax_rev_gdp,CAN,Canada,2011,11.8038613990864
tax_rev_gdp,CAN,Canada,2010,11.732767044486
tax_rev_gdp,CAN,Canada,2009,12.3043624633035
tax_rev_gdp,CAN,Canada,2008,12.3901356874048
tax_rev_gdp,CAN,Canada,2007,13.3344320068963
tax_rev_gdp,CAN,Canada,2006,13.3479530991498
tax_rev_gdp,CAN,Canada,2005,13.2993806209266
tax_rev_gdp,CAN,Canada,2004,13.3447378764341
tax_rev_gdp,CAN,Canada,2003,13.2289136270028
tax_rev_gdp,CAN,Canada,2002,13.3776050545829
tax_rev_gdp,CAN,Canada,2001,14.1814798149467
tax_rev_gdp,CAN,Canada,2000,14.8577431846106
tax_rev_gdp,CAN,Canada,1999,14.699876974363
tax_rev_gdp,CAN,Canada,1998,14.6684131847942
tax_rev_gdp,CAN,Canada,1997,14.5677122845398
tax_rev_gdp,CAN,Canada,1996,13.8784928253593
tax_rev_gdp,CAN,Canada,1995,13.2870622555226
tax_rev_gdp,CAN,Canada,1994,13.0736945245539
tax_rev_gdp,CAN,Canada,1993,13.6523358280781
tax_rev_gdp,CAN,Canada,1992,14.3088598010122
tax_rev_gdp,CAN,Canada,1991,14.3976756016547
tax_rev_gdp,CAN,Canada,1990,14.1121292420859
tax_rev_gdp,CHE,Switzerland,2024,9.45066745280502
tax_rev_gdp,CHE,Switzerland,2023,8.67373936064534
tax_rev_gdp,CHE,Switzerland,2022,8.67608837627688
tax_rev_gdp,CHE,Switzerland,2021,9.76589495822998
tax_rev_gdp,CHE,Switzerland,2020,9.17064392578746
tax_rev_gdp,CHE,Switzerland,2019,9.70515170008792
tax_rev_gdp,CHE,Switzerland,2018,9.49219965553179
tax_rev_gdp,CHE,Switzerland,2017,9.8984700509562
tax_rev_gdp,CHE,Switzerland,2016,9.26039475722743
tax_rev_gdp,CHE,Switzerland,2015,9.39270313942645
tax_rev_gdp,CHE,Switzerland,2014,8.90795970905942
tax_rev_gdp,CHE,Switzerland,2013,9.09506270036349
tax_rev_gdp,CHE,Switzerland,2012,9.01847801766021
tax_rev_gdp,CHE,Switzerland,2011,9.1765464380625
tax_rev_gdp,CHE,Switzerland,2010,9.19286817269329
tax_rev_gdp,CHE,Switzerland,2009,9.19185150622646
tax_rev_gdp,CHE,Switzerland,2008,9.46309247663073
tax_rev_gdp,CHE,Switzerland,2007,8.91568250292042
tax_rev_gdp,CHE,Switzerland,2006,9.05603441194937
tax_rev_gdp,CHE,Switzerland,2005,8.99230993888082
tax_rev_gdp,CHE,Switzerland,2004,8.90791779946492
tax_rev_gdp,CHE,Switzerland,2003,8.86763963854068
tax_rev_gdp,CHE,Switzerland,2002,8.82363451683716
tax_rev_gdp,CHE,Switzerland,2001,8.8600310605853
tax_rev_gdp,CHE,Switzerland,2000,9.92178646022863
tax_rev_gdp,CHE,Switzerland,1999,8.79960937588566
tax_rev_gdp,CHE,Switzerland,1998,9.15788021469405
tax_rev_gdp,CHE,Switzerland,1997,8.21029365123107
tax_rev_gdp,CHE,Switzerland,1996,8.21082374166323
tax_rev_gdp,CHE,Switzerland,1995,7.79795779528938
tax_rev_gdp,CHE,Switzerland,1994,7.73912912359665
tax_rev_gdp,CHE,Switzerland,1993,7.2306955721078
tax_rev_gdp,CHE,Switzerland,1992,7.80179689150328
tax_rev_gdp,CHE,Switzerland,1991,7.64563170412851
tax_rev_gdp,CHE,Switzerland,1990,7.83565047580313
tax_rev_gdp,DEU,Germany,2024,10.890812364142
tax_rev_gdp,DEU,Germany,2023,10.6875057770109
tax_rev_gdp,DEU,Germany,2022,11.2560065573935
tax_rev_gdp,DEU,Germany,2021,11.4694189021112
tax_rev_gdp,DEU,Germany,2020,11.1648583484027
tax_rev_gdp,DEU,Germany,2019,11.9024504704179
tax_rev_gdp,DEU,Germany,2018,11.9511186565056
tax_rev_gdp,DEU,Germany,2017,11.9735022246491
tax_rev_gdp,DEU,Germany,2016,11.8344647143693
tax_rev_gdp,DEU,Germany,2015,11.9885456247591
tax_rev_gdp,DEU,Germany,2014,12.050213270698
tax_rev_gdp,DEU,Germany,2013,12.0952178281376
tax_rev_gdp,DEU,Germany,2012,11.9144565745477
tax_rev_gdp,DEU,Germany,2011,11.7508036302609
tax_rev_gdp,DEU,Germany,2010,11.3044209753524
tax_rev_gdp,DEU,Germany,2009,11.8345449223527
tax_rev_gdp,DEU,Germany,2008,11.6265911759254
tax_rev_gdp,DEU,Germany,2007,11.4680869476284
tax_rev_gdp,DEU,Germany,2006,10.9320825330355
tax_rev_gdp,DEU,Germany,2005,10.7118256360423
tax_rev_gdp,DEU,Germany,2004,10.480323064578
tax_rev_gdp,DEU,Germany,2003,11.0075820796944
tax_rev_gdp,DEU,Germany,2002,10.8344127806563
tax_rev_gdp,DEU,Germany,2001,10.9562611305698
tax_rev_gdp,DEU,Germany,2000,11.6587154757097
tax_rev_gdp,DEU,Germany,1999,11.4113920394369
tax_rev_gdp,DEU,Germany,1998,10.7927073495161
tax_rev_gdp,DEU,Germany,1997,10.6964792240669
tax_rev_gdp,DEU,Germany,1996,10.8612643630481
tax_rev_gdp,DEU,Germany,1995,11.444000568442
tax_rev_gdp,DEU,Germany,1994,11.6240302064178
tax_rev_gdp,DEU,Germany,1993,11.4183937086733
tax_rev_gdp,DEU,Germany,1992,11.700050880466
tax_rev_gdp,DEU,Germany,1991,11.5872606982866
tax_rev_gdp,DEU,Germany,1990,9.79639199253197
tax_rev_gdp,DNK,Denmark,2024,33.3582767843919
tax_rev_gdp,DNK,Denmark,2023,31.9731854836669
tax_rev_gdp,DNK,Denmark,2022,30.728476081674
tax_rev_gdp,DNK,Denmark,2021,35.1568120616605
tax_rev_gdp,DNK,Denmark,2020,34.470930251185
tax_rev_gdp,DNK,Denmark,2019,34.9773905428147
tax_rev_gdp,DNK,Denmark,2018,32.3839236687064
tax_rev_gdp,DNK,Denmark,2017,33.2797095205553
tax_rev_gdp,DNK,Denmark,2016,33.4903267444358
tax_rev_gdp,DNK,Denmark,2015,34.1560427381574
tax_rev_gdp,DNK,Denmark,2014,36.5850723841222
tax_rev_gdp,DNK,Denmark,2013,33.7961426931306
tax_rev_gdp,DNK,Denmark,2012,33.5146741563207
tax_rev_gdp,DNK,Denmark,2011,32.8089690985065
tax_rev_gdp,DNK,Denmark,2010,32.7637143283641
tax_rev_gdp,DNK,Denmark,2009,32.9767812920754
tax_rev_gdp,DNK,Denmark,2008,33.4227790621361
tax_rev_gdp,DNK,Denmark,2007,35.1418397665865
tax_rev_gdp,DNK,Denmark,2006,31.8928909651121
tax_rev_gdp,DNK,Denmark,2005,32.9896907527703
tax_rev_gdp,DNK,Denmark,2004,31.2356786779335
tax_rev_gdp,DNK,Denmark,2003,30.2738918313787
tax_rev_gdp,DNK,Denmark,2002,30.1937128403241
tax_rev_gdp,DNK,Denmark,2001,30.1926754363636
tax_rev_gdp,DNK,Denmark,2000,31.500941763127
tax_rev_gdp,DNK,Denmark,1999,32.0893083367811
tax_rev_gdp,DNK,Denmark,1998,32.2070729134714
tax_rev_gdp,DNK,Denmark,1997,31.8221219420916
tax_rev_gdp,DNK,Denmark,1996,32.029247489339
tax_rev_gdp,DNK,Denmark,1995,31.7355683200248
tax_rev_gdp,DNK,Denmark,1994,31.5895044604022
tax_rev_gdp,DNK,Denmark,1993,30.8662585269785
tax_rev_gdp,DNK,Denmark,1992,29.4762042121132
tax_rev_gdp,DNK,Denmark,1991,29.1386375357092
tax_rev_gdp,DNK,Denmark,1990,29.7309607065473
tax_rev_gdp,ESP,Spain,2024,14.934361142298
tax_rev_gdp,ESP,Spain,2023,15.0007244146429
tax_rev_gdp,ESP,Spain,2022,15.471017099813
tax_rev_gdp,ESP,Spain,2021,14.8775287865224
tax_rev_gdp,ESP,Spain,2020,13.4462555370373
tax_rev_gdp,ESP,Spain,2019,13.6580229877723
tax_rev_gdp,ESP,Spain,2018,14.1254961741386
tax_rev_gdp,ESP,Spain,2017,13.6257034043746
tax_rev_gdp,ESP,Spain,2016,13.6838393292056
tax_rev_gdp,ESP,Spain,2015,14.0820816990338
tax_rev_gdp,ESP,Spain,2014,14.0482352839264
tax_rev_gdp,ESP,Spain,2013,13.5446525722175
tax_rev_gdp,ESP,Spain,2012,11.7062948133333
tax_rev_gdp,ESP,Spain,2011,11.8256931383282
tax_rev_gdp,ESP,Spain,2010,12.3552539351712
tax_rev_gdp,ESP,Spain,2009,10.1892841498989
tax_rev_gdp,ESP,Spain,2008,12.7731852373898
tax_rev_gdp,ESP,Spain,2007,16.3947357919559
tax_rev_gdp,ESP,Spain,2006,15.8427663944214
tax_rev_gdp,ESP,Spain,2005,15.4578816147015
tax_rev_gdp,ESP,Spain,2004,14.6359726483881
tax_rev_gdp,ESP,Spain,2003,14.3095094825728
tax_rev_gdp,ESP,Spain,2002,14.7395644379948
tax_rev_gdp,ESP,Spain,2001,15.6060705491627
tax_rev_gdp,ESP,Spain,2000,15.8196269432292
tax_rev_gdp,ESP,Spain,1999,15.9232715433387
tax_rev_gdp,ESP,Spain,1998,15.8728415883822
tax_rev_gdp,ESP,Spain,1997,15.4126145776932
tax_rev_gdp,ESP,Spain,1996,15.631378516237
tax_rev_gdp,ESP,Spain,1995,15.5649319187675
tax_rev_gdp,ESP,Spain,1994,15.1175677438788
tax_rev_gdp,ESP,Spain,1993,14.8926439687233
tax_rev_gdp,ESP,Spain,1992,16.0329147110598
tax_rev_gdp,ESP,Spain,1991,15.7882501324313
tax_rev_gdp,ESP,Spain,1990,15.722037702761
tax_rev_gdp,EST,Estonia,2024,22.6679583165361
tax_rev_gdp,EST,Estonia,2023,21.3870655324956
tax_rev_gdp,EST,Estonia,2022,21.098827586414
tax_rev_gdp,EST,Estonia,2021,21.7424154968985
tax_rev_gdp,EST,Estonia,2020,20.7215984585967
tax_rev_gdp,EST,Estonia,2019,21.0626465669172
tax_rev_gdp,EST,Estonia,2018,20.8332765978306
tax_rev_gdp,EST,Estonia,2017,20.8680916555804
tax_rev_gdp,EST,Estonia,2016,21.6774027118622
tax_rev_gdp,EST,Estonia,2015,21.5659169044997
tax_rev_gdp,EST,Estonia,2014,20.7046889899527
tax_rev_gdp,EST,Estonia,2013,20.239593208473
tax_rev_gdp,EST,Estonia,2012,20.1620993799871
tax_rev_gdp,EST,Estonia,2011,19.4461104284907
tax_rev_gdp,EST,Estonia,2010,20.1886259760194
tax_rev_gdp,EST,Estonia,2009,21.7176782492491
tax_rev_gdp,EST,Estonia,2008,19.3870577164993
tax_rev_gdp,EST,Estonia,2007,20.260803407453
tax_rev_gdp,EST,Estonia,2006,19.9559905072248
tax_rev_gdp,EST,Estonia,2005,19.0966557318789
tax_rev_gdp,EST,Estonia,2004,20.2281908937352
tax_rev_gdp,EST,Estonia,2003,19.8240184627071
tax_rev_gdp,EST,Estonia,2002,19.6286040279847
tax_rev_gdp,EST,Estonia,2001,19.2347051088645
tax_rev_gdp,EST,Estonia,2000,19.6861614691059
tax_rev_gdp,EST,Estonia,1999,20.9245903191704
tax_rev_gdp,EST,Estonia,1998,22.1073473986806
tax_rev_gdp,EST,Estonia,1997,21.9671891680782
tax_rev_gdp,EST,Estonia,1996,21.8490911610692
tax_rev_gdp,EST,Estonia,1995,22.8390173739655
tax_rev_gdp,EST,Estonia,1994,20.2755035622768
tax_rev_gdp,EST,Estonia,1993,15.427659641998
tax_rev_gdp,EST,Estonia,1992,12.5027143560438
tax_rev_gdp,EST,Estonia,1991,17.5799392838281
tax_rev_gdp,FIN,Finland,2024,25.3281786132257
tax_rev_gdp,FIN,Finland,2023,25.3625391476347
tax_rev_gdp,FIN,Finland,2022,21.1993912863772
tax_rev_gdp,FIN,Finland,2021,20.8297824444051
tax_rev_gdp,FIN,Finland,2020,20.0057532774645
tax_rev_gdp,FIN,Finland,2019,20.7845948733429
tax_rev_gdp,FIN,Finland,2018,20.9641879217783
tax_rev_gdp,FIN,Finland,2017,20.8810623659359
tax_rev_gdp,FIN,Finland,2016,20.9872193661139
tax_rev_gdp,FIN,Finland,2015,20.5868919844713
tax_rev_gdp,FIN,Finland,2014,20.735954919725
tax_rev_gdp,FIN,Finland,2013,20.7270868858018
tax_rev_gdp,FIN,Finland,2012,20.2018185629161
tax_rev_gdp,FIN,Finland,2011,20.0526169335458
tax_rev_gdp,FIN,Finland,2010,18.60088122585
tax_rev_gdp,FIN,Finland,2009,18.884089470933
tax_rev_gdp,FIN,Finland,2008,20.4923476085311
tax_rev_gdp,FIN,Finland,2007,21.0666153459604
tax_rev_gdp,FIN,Finland,2006,21.4247285391152
tax_rev_gdp,FIN,Finland,2005,21.7956348001409
tax_rev_gdp,FIN,Finland,2004,21.8147800505226
tax_rev_gdp,FIN,Finland,2003,22.0632242245277
tax_rev_gdp,FIN,Finland,2002,22.4744004311506
tax_rev_gdp,FIN,Finland,2001,21.8922226909061
tax_rev_gdp,FIN,Finland,2000,24.2502896191691
tax_rev_gdp,FIN,Finland,1999,22.3921883866087
tax_rev_gdp,FIN,Finland,1998,22.7175727179879
tax_rev_gdp,FIN,Finland,1997,22.6246794987541
tax_rev_gdp,FIN,Finland,1996,21.9333771340596
tax_rev_gdp,FIN,Finland,1995,20.7223678062852
tax_rev_gdp,FIN,Finland,1994,23.1348851429808
tax_rev_gdp,FIN,Finland,1993,22.4449646330741
tax_rev_gdp,FIN,Finland,1992,24.8828310328108
tax_rev_gdp,FIN,Finland,1991,24.4354630930636
tax_rev_gdp,FIN,Finland,1990,24.4172393128129
tax_rev_gdp,FRA,France,2024,22.778486344686
tax_rev_gdp,FRA,France,2023,23.1762031443727
tax_rev_gdp,FRA,France,2022,24.5495737523762
tax_rev_gdp,FRA,France,2021,23.9794445386059
tax_rev_gdp,FRA,France,2020,24.7888064416138
tax_rev_gdp,FRA,France,2019,24.6605263993177
tax_rev_gdp,FRA,France,2018,24.3098642807809
tax_rev_gdp,FRA,France,2017,23.7863349624871
tax_rev_gdp,FRA,France,2016,23.1463283405753
tax_rev_gdp,FRA,France,2015,23.2974119760792
tax_rev_gdp,FRA,France,2014,23.1556593525911
tax_rev_gdp,FRA,France,2013,23.2041011683014
tax_rev_gdp,FRA,France,2012,22.608974141338
tax_rev_gdp,FRA,France,2011,21.8260251212647
tax_rev_gdp,FRA,France,2010,21.9860264776611
tax_rev_gdp,FRA,France,2009,20.7468106096774
tax_rev_gdp,FRA,France,2008,22.0891842345504
tax_rev_gdp,FRA,France,2007,22.2192097607056
tax_rev_gdp,FRA,France,2006,22.6603947257799
tax_rev_gdp,FRA,France,2005,22.405869035214
tax_rev_gdp,FRA,France,2004,22.3223206875365
tax_rev_gdp,FRA,France,2003,22.2935305694438
tax_rev_gdp,FRA,France,2002,22.764124672502
tax_rev_gdp,FRA,France,2001,23.563254487096
tax_rev_gdp,FRA,France,2000,23.5306025928572
tax_rev_gdp,FRA,France,1999,23.7873401244886
tax_rev_gdp,FRA,France,1998,23.1752076924494
tax_rev_gdp,FRA,France,1997,21.2050966247779
tax_rev_gdp,FRA,France,1996,20.5321010378968
tax_rev_gdp,FRA,France,1995,19.5966740550192
tax_rev_gdp,FRA,France,1994,19.1964876614466
tax_rev_gdp,FRA,France,1993,18.5020170657823
tax_rev_gdp,FRA,France,1992,18.6235360567864
tax_rev_gdp,FRA,France,1991,19.0732292787978
tax_rev_gdp,FRA,France,1990,18.9060035959745
tax_rev_gdp,GBR,United Kingdom,2024,26.8890215407942
tax_rev_gdp,GBR,United Kingdom,2023,26.8736892132882
tax_rev_gdp,GBR,United Kingdom,2022,26.5536048949437
tax_rev_gdp,GBR,United Kingdom,2021,25.9910653856023
tax_rev_gdp,GBR,United Kingdom,2020,24.5433751270756
tax_rev_gdp,GBR,United Kingdom,2019,24.9143682469426
tax_rev_gdp,GBR,United Kingdom,2018,25.326551109134
tax_rev_gdp,GBR,United Kingdom,2017,25.4175285210626
tax_rev_gdp,GBR,United Kingdom,2016,25.2889754608419
tax_rev_gdp,GBR,United Kingdom,2015,24.9162351349781
tax_rev_gdp,GBR,United Kingdom,2014,24.7140100668456
tax_rev_gdp,GBR,United Kingdom,2013,25.0275561855532
tax_rev_gdp,GBR,United Kingdom,2012,24.9984898716856
tax_rev_gdp,GBR,United Kingdom,2011,25.7274940192641
tax_rev_gdp,GBR,United Kingdom,2010,25.167235102012
tax_rev_gdp,GBR,United Kingdom,2009,24.0083878145831
tax_rev_gdp,GBR,United Kingdom,2008,26.3157861887622
tax_rev_gdp,GBR,United Kingdom,2007,25.8759100332597
tax_rev_gdp,GBR,United Kingdom,2006,25.6651872699719
tax_rev_gdp,GBR,United Kingdom,2005,25.4063961563486
tax_rev_gdp,GBR,United Kingdom,2004,25.0669294868752
tax_rev_gdp,GBR,United Kingdom,2003,24.4743374663961
tax_rev_gdp,GBR,United Kingdom,2002,24.8945712788558
tax_rev_gdp,GBR,United Kingdom,2001,25.64382699632
tax_rev_gdp,GBR,United Kingdom,2000,25.9945381752943
tax_rev_gdp,GBR,United Kingdom,1999,25.3969755246592
tax_rev_gdp,GBR,United Kingdom,1998,24.9177306831644
tax_rev_gdp,GBR,United Kingdom,1997,23.6099939595572
tax_rev_gdp,GBR,United Kingdom,1996,22.9737228945862
tax_rev_gdp,GBR,United Kingdom,1995,23.1479867730469
tax_rev_gdp,GBR,United Kingdom,1994,23.7970949924584
tax_rev_gdp,GBR,United Kingdom,1993,22.9810917661155
tax_rev_gdp,GBR,United Kingdom,1992,24.2803159914902
tax_rev_gdp,GBR,United Kingdom,1991,24.847137041141
tax_rev_gdp,GBR,United Kingdom,1990,24.1512945995683
tax_rev_gdp,ISL,Iceland,2023,23.1574850740894
tax_rev_gdp,ISL,Iceland,2022,22.1558065307655
tax_rev_gdp,ISL,Iceland,2021,21.056150620841
tax_rev_gdp,ISL,Iceland,2020,21.9901621382979
tax_rev_gdp,ISL,Iceland,2019,21.6648659512502
tax_rev_gdp,ISL,Iceland,2018,22.619355494019
tax_rev_gdp,ISL,Iceland,2017,23.6064643551095
tax_rev_gdp,ISL,Iceland,2016,37.0945238265477
tax_rev_gdp,ISL,Iceland,2015,22.4545104400925
tax_rev_gdp,ISL,Iceland,2014,24.241614133357
tax_rev_gdp,ISL,Iceland,2013,21.4977898531242
tax_rev_gdp,ISL,Iceland,2012,21.2266695560098
tax_rev_gdp,ISL,Iceland,2011,20.3516970417671
tax_rev_gdp,ISL,Iceland,2010,19.977216531176
tax_rev_gdp,ISL,Iceland,2009,19.8458394883407
tax_rev_gdp,ISL,Iceland,2008,22.5812667784875
tax_rev_gdp,ISL,Iceland,2007,25.5948803470089
tax_rev_gdp,ISL,Iceland,2006,26.5830910060401
tax_rev_gdp,ISL,Iceland,2005,26.7767504641123
tax_rev_gdp,ISL,Iceland,2004,24.5204290851902
tax_rev_gdp,ISL,Iceland,2003,23.399962488881
tax_rev_gdp,ISL,Iceland,2002,22.3580447346843
tax_rev_gdp,ISL,Iceland,2001,22.5218740501535
tax_rev_gdp,ISL,Iceland,2000,24.7910485352777
tax_rev_gdp,ISL,Iceland,1999,25.5037718634133
tax_rev_gdp,ISL,Iceland,1998,23.5836415836455
tax_rev_gdp,ISL,Iceland,1997,21.5775655823311
tax_rev_gdp,ISL,Iceland,1996,22.6532318235768
tax_rev_gdp,ISL,Iceland,1995,21.752971776042
tax_rev_gdp,ISL,Iceland,1994,21.5031454097374
tax_rev_gdp,ISL,Iceland,1993,21.7462113129346
tax_rev_gdp,ISL,Iceland,1992,22.3787070336999
tax_rev_gdp,ISL,Iceland,1991,22.0849412935193
tax_rev_gdp,ISL,Iceland,1990,22.713554518925
tax_rev_gdp,ISR,Israel,2024,23.2419259606462
tax_rev_gdp,ISR,Israel,2023,22.08474916037
tax_rev_gdp,ISR,Israel,2022,25.0031602984692
tax_rev_gdp,ISR,Israel,2021,24.5700890497868
tax_rev_gdp,ISR,Israel,2020,22.0313447671333
tax_rev_gdp,ISR,Israel,2019,22.2965020809605
tax_rev_gdp,ISR,Israel,2018,22.7691188283566
tax_rev_gdp,ISR,Israel,2017,24.3017298487401
tax_rev_gdp,ISR,Israel,2016,23.1153795137664
tax_rev_gdp,ISR,Israel,2015,23.1107523172636
tax_rev_gdp,ISR,Israel,2014,22.8514127744922
tax_rev_gdp,ISR,Israel,2013,22.5345981362524
tax_rev_gdp,ISR,Israel,2012,21.6388414511256
tax_rev_gdp,ISR,Israel,2011,22.2240602150511
tax_rev_gdp,ISR,Israel,2010,21.9917663960841
tax_rev_gdp,ISR,Israel,2009,21.2753276650783
tax_rev_gdp,ISR,Israel,2008,23.2376288621783
tax_rev_gdp,ISR,Israel,2007,25.2462095659584
tax_rev_gdp,ISR,Israel,2006,25.3085953153072
tax_rev_gdp,ISR,Israel,2005,24.5219320826635
tax_rev_gdp,ISR,Israel,2004,24.0507676115807
tax_rev_gdp,ISR,Israel,2003,24.1424688399159
tax_rev_gdp,ISR,Israel,2002,24.8731395202403
tax_rev_gdp,ISR,Israel,2001,25.8548963447136
tax_rev_gdp,ISR,Israel,2000,26.3134458630762
tax_rev_gdp,ISR,Israel,1999,24.6793209873747
tax_rev_gdp,ISR,Israel,1998,24.7284278854516
tax_rev_gdp,ISR,Israel,1997,25.5800170026107
tax_rev_gdp,ISR,Israel,1996,25.1789614565082
tax_rev_gdp,ISR,Israel,1995,25.7423633445528
tax_rev_gdp,ISR,Israel,1994,26.1694437724364
tax_rev_gdp,ISR,Israel,1993,25.7158558347862
tax_rev_gdp,ISR,Israel,1992,25.3756498004932
tax_rev_gdp,ISR,Israel,1991,19.151782441733
tax_rev_gdp,ISR,Israel,1990,25.5560598120366
tax_rev_gdp,ITA,Italy,2024,25.6045418430039
tax_rev_gdp,ITA,Italy,2023,24.7358481020881
tax_rev_gdp,ITA,Italy,2022,24.6064132004012
tax_rev_gdp,ITA,Italy,2021,24.8769150126615
tax_rev_gdp,ITA,Italy,2020,24.8458109789517
tax_rev_gdp,ITA,Italy,2019,24.6616145255819
tax_rev_gdp,ITA,Italy,2018,24.2435864233351
tax_rev_gdp,ITA,Italy,2017,24.697204288008
tax_rev_gdp,ITA,Italy,2016,25.0831052252075
tax_rev_gdp,ITA,Italy,2015,24.8391474255923
tax_rev_gdp,ITA,Italy,2014,24.9693939747194
tax_rev_gdp,ITA,Italy,2013,25.1831182980011
tax_rev_gdp,ITA,Italy,2012,24.9107338882362
tax_rev_gdp,ITA,Italy,2011,23.6907780327076
tax_rev_gdp,ITA,Italy,2010,23.7379559387907
tax_rev_gdp,ITA,Italy,2009,23.8588080046118
tax_rev_gdp,ITA,Italy,2008,23.4579053302791
tax_rev_gdp,ITA,Italy,2007,23.691778053412
tax_rev_gdp,ITA,Italy,2006,23.2429207619484
tax_rev_gdp,ITA,Italy,2005,21.8789864216762
tax_rev_gdp,ITA,Italy,2004,22.1387880327404
tax_rev_gdp,ITA,Italy,2003,22.6869498480048
tax_rev_gdp,ITA,Italy,2002,22.802206942667
tax_rev_gdp,ITA,Italy,2001,23.325203414184
tax_rev_gdp,ITA,Italy,2000,23.7479315027136
tax_rev_gdp,ITA,Italy,1999,24.9421319541757
tax_rev_gdp,ITA,Italy,1998,24.5925369294623
tax_rev_gdp,ITA,Italy,1997,25.7112738331661
tax_rev_gdp,ITA,Italy,1996,24.2472073845421
tax_rev_gdp,ITA,Italy,1995,24.3070085648874
tax_rev_gdp,ITA,Italy,1994,25.0362996791444
tax_rev_gdp,ITA,Italy,1993,26.2145186977532
tax_rev_gdp,ITA,Italy,1992,25.4391730902623
tax_rev_gdp,ITA,Italy,1991,24.7514761679175
tax_rev_gdp,ITA,Italy,1990,24.1221330622167
tax_rev_gdp,JPN,Japan,1993,11.1445521483154
tax_rev_gdp,JPN,Japan,1992,11.1817142898224
tax_rev_gdp,JPN,Japan,1991,12.6379293921871
tax_rev_gdp,KOR,"Korea, Rep.",2024,13.2937188380388
tax_rev_gdp,KOR,"Korea, Rep.",2023,14.5990997893708
tax_rev_gdp,KOR,"Korea, Rep.",2022,17.1586747410902
tax_rev_gdp,KOR,"Korea, Rep.",2021,15.6673866200663
tax_rev_gdp,KOR,"Korea, Rep.",2020,14.0112224960532
tax_rev_gdp,KOR,"Korea, Rep.",2019,14.3348126134581
tax_rev_gdp,KOR,"Korea, Rep.",2018,14.6942816823529
tax_rev_gdp,KOR,"Korea, Rep.",2017,13.7554597684846
tax_rev_gdp,KOR,"Korea, Rep.",2016,13.2783116833452
tax_rev_gdp,KOR,"Korea, Rep.",2015,12.5326128931493
tax_rev_gdp,KOR,"Korea, Rep.",2014,12.6305683354976
tax_rev_gdp,KOR,"Korea, Rep.",2013,13.022218187832
tax_rev_gdp,KOR,"Korea, Rep.",2012,13.4735488568588
tax_rev_gdp,KOR,"Korea, Rep.",2011,13.2807181068078
tax_rev_gdp,KOR,"Korea, Rep.",2010,12.8831803193742
tax_rev_gdp,KOR,"Korea, Rep.",2009,13.1076925895728
tax_rev_gdp,KOR,"Korea, Rep.",2008,13.9077106392006
tax_rev_gdp,KOR,"Korea, Rep.",2007,14.2312247249175
tax_rev_gdp,KOR,"Korea, Rep.",2006,13.2016025810223
tax_rev_gdp,KOR,"Korea, Rep.",2005,12.8083639518859
tax_rev_gdp,KOR,"Korea, Rep.",2004,12.4931152283316
tax_rev_gdp,KOR,"Korea, Rep.",2003,13.208480693589
tax_rev_gdp,KOR,"Korea, Rep.",2002,12.784617893145
tax_rev_gdp,KOR,"Korea, Rep.",2001,13.0735362376319
tax_rev_gdp,KOR,"Korea, Rep.",2000,13.7531698189491
tax_rev_gdp,KOR,"Korea, Rep.",1999,12.340859181825
tax_rev_gdp,KOR,"Korea, Rep.",1998,12.1766058073565
tax_rev_gdp,KOR,"Korea, Rep.",1997,12.4759590509936
tax_rev_gdp,KOR,"Korea, Rep.",1996,12.7934310209143
tax_rev_gdp,KOR,"Korea, Rep.",1995,12.5554223019631
tax_rev_gdp,KOR,"Korea, Rep.",1994,12.2756928243003
tax_rev_gdp,KOR,"Korea, Rep.",1993,12.0980396612537
tax_rev_gdp,KOR,"Korea, Rep.",1992,12.3353305120072
tax_rev_gdp,KOR,"Korea, Rep.",1991,12.1605073352299
tax_rev_gdp,KOR,"Korea, Rep.",1990,13.0195256602645
tax_rev_gdp,LUX,Luxembourg,2024,28.636905101724
tax_rev_gdp,LUX,Luxembourg,2023,26.983997047085
tax_rev_gdp,LUX,Luxembourg,2022,26.709050992885
tax_rev_gdp,LUX,Luxembourg,2021,26.1173902630411
tax_rev_gdp,LUX,Luxembourg,2020,25.6864231937241
tax_rev_gdp,LUX,Luxembourg,2019,26.8884834309941
tax_rev_gdp,LUX,Luxembourg,2018,26.8854541322106
tax_rev_gdp,LUX,Luxembourg,2017,24.5181470528935
tax_rev_gdp,LUX,Luxembourg,2016,23.7675096749456
tax_rev_gdp,LUX,Luxembourg,2015,23.3218593726636
tax_rev_gdp,LUX,Luxembourg,2014,24.7451561578152
tax_rev_gdp,LUX,Luxembourg,2013,24.5522669560732
tax_rev_gdp,LUX,Luxembourg,2012,24.4278271542178
tax_rev_gdp,LUX,Luxembourg,2011,23.9870478540645
tax_rev_gdp,LUX,Luxembourg,2010,23.8178404378116
tax_rev_gdp,LUX,Luxembourg,2009,23.8391085158098
tax_rev_gdp,LUX,Luxembourg,2008,23.5557107740178
tax_rev_gdp,LUX,Luxembourg,2007,24.380345488909
tax_rev_gdp,LUX,Luxembourg,2006,23.9298370030231
tax_rev_gdp,LUX,Luxembourg,2005,25.3355345368092
tax_rev_gdp,LUX,Luxembourg,2004,24.0425731854332
tax_rev_gdp,LUX,Luxembourg,2003,24.6300961285092
tax_rev_gdp,LUX,Luxembourg,2002,24.7817038623622
tax_rev_gdp,LUX,Luxembourg,2001,24.9848743135861
tax_rev_gdp,LUX,Luxembourg,2000,25.4725758401423
tax_rev_gdp,LUX,Luxembourg,1999,25.1003284591765
tax_rev_gdp,LUX,Luxembourg,1998,25.6011741203749
tax_rev_gdp,LUX,Luxembourg,1997,25.244152327397
tax_rev_gdp,LUX,Luxembourg,1996,24.6973870800268
tax_rev_gdp,LUX,Luxembourg,1995,24.4732270691556
tax_rev_gdp,LUX,Luxembourg,1994,25.0283129775525
tax_rev_gdp,LUX,Luxembourg,1993,23.7543663412643
tax_rev_gdp,LUX,Luxembourg,1992,22.1858223535426
tax_rev_gdp,LUX,Luxembourg,1991,21.6080563317211
tax_rev_gdp,LUX,Luxembourg,1990,22.8762783310351
tax_rev_gdp,NLD,Netherlands,2024,25.2758922306144
tax_rev_gdp,NLD,Netherlands,2023,25.2407076056081
tax_rev_gdp,NLD,Netherlands,2022,23.9133847175545
tax_rev_gdp,NLD,Netherlands,2021,24.2474342437328
tax_rev_gdp,NLD,Netherlands,2020,23.8138164252391
tax_rev_gdp,NLD,Netherlands,2019,23.7024369491677
tax_rev_gdp,NLD,Netherlands,2018,22.9733523187001
tax_rev_gdp,NLD,Netherlands,2017,23.0992154340151
tax_rev_gdp,NLD,Netherlands,2016,22.3460964348943
tax_rev_gdp,NLD,Netherlands,2015,21.7393356455823
tax_rev_gdp,NLD,Netherlands,2014,21.6080409414892
tax_rev_gdp,NLD,Netherlands,2013,20.5483444942433
tax_rev_gdp,NLD,Netherlands,2012,20.3256602535276
tax_rev_gdp,NLD,Netherlands,2011,20.6627002818542
tax_rev_gdp,NLD,Netherlands,2010,20.7736282739937
tax_rev_gdp,NLD,Netherlands,2009,20.8450695285263
tax_rev_gdp,NLD,Netherlands,2008,21.6502712271937
tax_rev_gdp,NLD,Netherlands,2007,21.3473565894585
tax_rev_gdp,NLD,Netherlands,2006,21.1136721117247
tax_rev_gdp,NLD,Netherlands,2005,20.8877969055651
tax_rev_gdp,NLD,Netherlands,2004,20.3554356598247
tax_rev_gdp,NLD,Netherlands,2003,20.0840549930958
tax_rev_gdp,NLD,Netherlands,2002,21.0800932986811
tax_rev_gdp,NLD,Netherlands,2001,21.0083633404495
tax_rev_gdp,NLD,Netherlands,2000,20.9294302628756
tax_rev_gdp,NLD,Netherlands,1999,21.186119963917
tax_rev_gdp,NLD,Netherlands,1998,20.6795681277685
tax_rev_gdp,NLD,Netherlands,1997,20.9029919385381
tax_rev_gdp,NLD,Netherlands,1996,21.4375905010136
tax_rev_gdp,NLD,Netherlands,1995,20.8394943520628
tax_rev_gdp,NLD,Netherlands,1994,21.8146512904741
tax_rev_gdp,NLD,Netherlands,1993,24.2803317656498
tax_rev_gdp,NLD,Netherlands,1992,23.6017749970879
tax_rev_gdp,NLD,Netherlands,1991,24.455125791806
tax_rev_gdp,NLD,Netherlands,1990,23.2519977765877
tax_rev_gdp,NOR,Norway,2024,24.5424706002351
tax_rev_gdp,NOR,Norway,2023,26.1159675400824
tax_rev_gdp,NOR,Norway,2022,30.3097285862678
tax_rev_gdp,NOR,Norway,2021,24.6143658364946
tax_rev_gdp,NOR,Norway,2020,20.440366901106
tax_rev_gdp,NOR,Norway,2019,22.4322358843453
tax_rev_gdp,NOR,Norway,2018,22.5545748055691
tax_rev_gdp,NOR,Norway,2017,21.5431709182709
tax_rev_gdp,NOR,Norway,2016,21.2540680696214
tax_rev_gdp,NOR,Norway,2015,21.3989018474725
tax_rev_gdp,NOR,Norway,2014,22.7723862712754
tax_rev_gdp,NOR,Norway,2013,24.3564302769661
tax_rev_gdp,NOR,Norway,2012,26.2427692680388
tax_rev_gdp,NOR,Norway,2011,26.9337158327555
tax_rev_gdp,NOR,Norway,2010,26.1920388898412
tax_rev_gdp,NOR,Norway,2009,25.3451187010587
tax_rev_gdp,NOR,Norway,2008,27.3442957910472
tax_rev_gdp,NOR,Norway,2007,27.7241995547342
tax_rev_gdp,NOR,Norway,2006,28.5629776377596
tax_rev_gdp,NOR,Norway,2005,28.073434461144
tax_rev_gdp,NOR,Norway,2004,27.276422968526
tax_rev_gdp,NOR,Norway,2003,25.891306625255
tax_rev_gdp,NOR,Norway,2002,27.2111892236723
tax_rev_gdp,NOR,Norway,2001,26.1365718525086
tax_rev_gdp,NOR,Norway,2000,26.8027775299214
tax_rev_gdp,NOR,Norway,1999,24.4164963630135
tax_rev_gdp,NOR,Norway,1998,24.1565488342108
tax_rev_gdp,NOR,Norway,1997,24.0924512298558
tax_rev_gdp,NOR,Norway,1996,24.0978403531798
tax_rev_gdp,NOR,Norway,1995,23.1489481739966
tax_rev_gdp,NOR,Norway,1994,21.8817403905795
tax_rev_gdp,NOR,Norway,1993,20.8640870226978
tax_rev_gdp,NOR,Norway,1992,20.8703541871421
tax_rev_gdp,NOR,Norway,1991,21.7048913991487
tax_rev_gdp,NOR,Norway,1990,21.3843600246299
tax_rev_gdp,NZL,New Zealand,2024,29.5208304137113
tax_rev_gdp,NZL,New Zealand,2023,28.0632737383432
tax_rev_gdp,NZL,New Zealand,2022,29.2294907338832
tax_rev_gdp,NZL,New Zealand,2021,29.0088264380774
tax_rev_gdp,NZL,New Zealand,2020,27.2792769430229
tax_rev_gdp,NZL,New Zealand,2019,28.2681893473482
tax_rev_gdp,NZL,New Zealand,2018,27.4977885974904
tax_rev_gdp,NZL,New Zealand,2017,27.3317005885449
tax_rev_gdp,NZL,New Zealand,2016,27.2653098812045
tax_rev_gdp,NZL,New Zealand,2015,27.4050630433847
tax_rev_gdp,NZL,New Zealand,2014,26.8374660752748
tax_rev_gdp,NZL,New Zealand,2013,26.7109363591854
tax_rev_gdp,NZL,New Zealand,2012,26.8641151927146
tax_rev_gdp,NZL,New Zealand,2011,25.6417132111219
tax_rev_gdp,NZL,New Zealand,2010,26.0863599795934
tax_rev_gdp,NZL,New Zealand,2009,29.6147937834688
tax_rev_gdp,NZL,New Zealand,2008,31.4531634367708
tax_rev_gdp,NZL,New Zealand,2007,30.1098712722247
tax_rev_gdp,NZL,New Zealand,2006,31.9858840492082
tax_rev_gdp,NZL,New Zealand,2005,30.3129068290198
tax_rev_gdp,NZL,New Zealand,2004,29.2579312754353
tax_rev_gdp,NZL,New Zealand,2003,29.2481384340701
tax_rev_gdp,NZL,New Zealand,2002,28.2080536465923
tax_rev_gdp,NZL,New Zealand,2001,28.5576325439741
tax_rev_gdp,POL,Poland,2023,17.9988487014512
tax_rev_gdp,POL,Poland,2022,17.1225309189416
tax_rev_gdp,POL,Poland,2021,18.9590677200004
tax_rev_gdp,POL,Poland,2020,17.291144093996
tax_rev_gdp,POL,Poland,2019,17.1407592886385
tax_rev_gdp,POL,Poland,2018,17.1848218488937
tax_rev_gdp,POL,Poland,2017,16.7355756807269
tax_rev_gdp,POL,Poland,2016,16.2090291324573
tax_rev_gdp,POL,Poland,2015,15.6135953190934
tax_rev_gdp,POL,Poland,2014,15.6271982270924
tax_rev_gdp,POL,Poland,2013,15.6742591136229
tax_rev_gdp,POL,Poland,2012,16.0052569222101
tax_rev_gdp,POL,Poland,2011,16.6696825635336
tax_rev_gdp,POL,Poland,2010,16.5370235494052
tax_rev_gdp,POL,Poland,2009,16.0096652913108
tax_rev_gdp,POL,Poland,2008,18.1987400991461
tax_rev_gdp,POL,Poland,2007,18.0573047594226
tax_rev_gdp,POL,Poland,2006,17.0920694072435
tax_rev_gdp,POL,Poland,2005,16.4279824784832
tax_rev_gdp,POL,Poland,2004,15.6185755633767
tax_rev_gdp,POL,Poland,2003,16.6652745114418
tax_rev_gdp,POL,Poland,2002,16.7881339290098
tax_rev_gdp,POL,Poland,2001,15.9791418620791
tax_rev_gdp,POL,Poland,2000,16.8889497903998
tax_rev_gdp,POL,Poland,1999,17.9929799484054
tax_rev_gdp,POL,Poland,1998,20.0841792848044
tax_rev_gdp,POL,Poland,1997,20.8348034382337
tax_rev_gdp,POL,Poland,1996,21.572394641671
tax_rev_gdp,POL,Poland,1995,22.2838435133567
tax_rev_gdp,POL,Poland,1994,22.7826807304818
tax_rev_gdp,PRT,Portugal,2024,22.3472676749446
tax_rev_gdp,PRT,Portugal,2023,22.6749724614278
tax_rev_gdp,PRT,Portugal,2022,23.1729317343953
tax_rev_gdp,PRT,Portugal,2021,22.2832932193953
tax_rev_gdp,PRT,Portugal,2020,22.2595830862446
tax_rev_gdp,PRT,Portugal,2019,22.4472570141358
tax_rev_gdp,PRT,Portugal,2018,22.8445730542681
tax_rev_gdp,PRT,Portugal,2017,22.6364061063622
tax_rev_gdp,PRT,Portugal,2016,22.6170386298855
tax_rev_gdp,PRT,Portugal,2015,23.078466918073
tax_rev_gdp,PRT,Portugal,2014,22.8746795754976
tax_rev_gdp,PRT,Portugal,2013,22.8736947705996
tax_rev_gdp,PRT,Portugal,2012,21.0111817015375
tax_rev_gdp,PRT,Portugal,2011,21.3595814303725
tax_rev_gdp,PRT,Portugal,2010,19.8714612760875
tax_rev_gdp,PRT,Portugal,2009,19.0930961617924
tax_rev_gdp,PRT,Portugal,2008,21.0759413054563
tax_rev_gdp,PRT,Portugal,2007,21.3682227414774
tax_rev_gdp,PRT,Portugal,2006,21.1343208709462
tax_rev_gdp,PRT,Portugal,2005,20.5984024088293
tax_rev_gdp,PRT,Portugal,2004,20.0000718562616
tax_rev_gdp,PRT,Portugal,2003,19.895163383583
tax_rev_gdp,PRT,Portugal,2002,20.8393087479958
tax_rev_gdp,PRT,Portugal,2001,20.5206092087241
tax_rev_gdp,PRT,Portugal,2000,20.880088684727
tax_rev_gdp,PRT,Portugal,1999,20.9446611864112
tax_rev_gdp,PRT,Portugal,1998,20.3818669861493
tax_rev_gdp,PRT,Portugal,1997,20.2643012437292
tax_rev_gdp,PRT,Portugal,1996,20.5167584296485
tax_rev_gdp,PRT,Portugal,1995,19.6949300211616
tax_rev_gdp,PRT,Portugal,1994,19.3537381086109
tax_rev_gdp,PRT,Portugal,1993,18.5866180720035
tax_rev_gdp,PRT,Portugal,1992,20.0262630313972
tax_rev_gdp,PRT,Portugal,1991,18.2911382360453
tax_rev_gdp,PRT,Portugal,1990,17.6685020230288
tax_rev_gdp,SGP,Singapore,2024,13.5602685073681
tax_rev_gdp,SGP,Singapore,2023,13.7387885776561
tax_rev_gdp,SGP,Singapore,2022,11.6639975988634
tax_rev_gdp,SGP,Singapore,2021,12.6095887829953
tax_rev_gdp,SGP,Singapore,2020,12.6685387711801
tax_rev_gdp,SGP,Singapore,2019,13.1540929239546
tax_rev_gdp,SGP,Singapore,2018,12.9758391948793
tax_rev_gdp,SGP,Singapore,2017,13.927682163213
tax_rev_gdp,SGP,Singapore,2016,13.2379148800818
tax_rev_gdp,SGP,Singapore,2015,13.1397745298612
tax_rev_gdp,SGP,Singapore,2014,13.5565571344028
tax_rev_gdp,SGP,Singapore,2013,13.2712500808714
tax_rev_gdp,SGP,Singapore,2012,13.5806687357042
tax_rev_gdp,SGP,Singapore,2011,13.1057219512653
tax_rev_gdp,SGP,Singapore,2010,12.7858239691039
tax_rev_gdp,SGP,Singapore,2009,12.9549265300847
tax_rev_gdp,SGP,Singapore,2008,13.7543914469361
tax_rev_gdp,SGP,Singapore,2007,12.8204281959211
tax_rev_gdp,SGP,Singapore,2006,11.8310221766032
tax_rev_gdp,SGP,Singapore,2005,11.5770274018324
tax_rev_gdp,SGP,Singapore,2004,11.6045115798244
tax_rev_gdp,SGP,Singapore,2003,12.4460741638593
tax_rev_gdp,SGP,Singapore,2002,12.6887393397993
tax_rev_gdp,SGP,Singapore,2001,14.5855191514965
tax_rev_gdp,SGP,Singapore,2000,14.8557890847443
tax_rev_gdp,SGP,Singapore,1999,14.5317174065401
tax_rev_gdp,SGP,Singapore,1998,14.0310256358429
tax_rev_gdp,SGP,Singapore,1997,15.312341085021
tax_rev_gdp,SGP,Singapore,1996,15.8973671573725
tax_rev_gdp,SGP,Singapore,1995,15.7685036472599
tax_rev_gdp,SGP,Singapore,1994,16.6131522787889
tax_rev_gdp,SGP,Singapore,1993,16.2903339457186
tax_rev_gdp,SGP,Singapore,1992,16.1033535012871
tax_rev_gdp,SGP,Singapore,1991,15.1815315980586
tax_rev_gdp,SGP,Singapore,1990,14.5462695925654
tax_rev_gdp,SWE,Sweden,2024,27.2263453447308
tax_rev_gdp,SWE,Sweden,2023,27.3763764638778
tax_rev_gdp,SWE,Sweden,2022,28.1710469421456
tax_rev_gdp,SWE,Sweden,2021,28.0126472933463
tax_rev_gdp,SWE,Sweden,2020,27.0128699114576
tax_rev_gdp,SWE,Sweden,2019,27.7012981685122
tax_rev_gdp,SWE,Sweden,2018,28.3406068478267
tax_rev_gdp,SWE,Sweden,2017,28.5539988730335
tax_rev_gdp,SWE,Sweden,2016,28.3765415278316
tax_rev_gdp,SWE,Sweden,2015,27.5056157786362
tax_rev_gdp,SWE,Sweden,2014,26.9323651387377
tax_rev_gdp,SWE,Sweden,2013,26.844295469932
tax_rev_gdp,SWE,Sweden,2012,26.7821006606265
tax_rev_gdp,SWE,Sweden,2011,27.1369948907058
tax_rev_gdp,SWE,Sweden,2010,27.8145320559063
tax_rev_gdp,SWE,Sweden,2009,27.7335908439338
tax_rev_gdp,SWE,Sweden,2008,28.2612586025479
tax_rev_gdp,SWE,Sweden,2007,29.0862842245259
tax_rev_gdp,SWE,Sweden,2006,29.1533373386808
tax_rev_gdp,SWE,Sweden,2005,29.2399680642487
tax_rev_gdp,SWE,Sweden,2004,27.9920353462473
tax_rev_gdp,SWE,Sweden,2003,27.5917021111197
tax_rev_gdp,SWE,Sweden,2002,27.5385098180206
tax_rev_gdp,SWE,Sweden,2001,28.5153530204601
tax_rev_gdp,SWE,Sweden,2000,30.4088592749427
tax_rev_gdp,SWE,Sweden,1999,30.2706606757119
tax_rev_gdp,SWE,Sweden,1998,29.6619917001273
tax_rev_gdp,SWE,Sweden,1997,27.5042369384866
tax_rev_gdp,SWE,Sweden,1996,27.2919695129364
tax_rev_gdp,SWE,Sweden,1995,26.7579586036596
tax_rev_gdp,SWE,Sweden,1994,14.8432373251912
tax_rev_gdp,SWE,Sweden,1993,15.4691746349763
tax_rev_gdp,SWE,Sweden,1992,17.1667513585539
tax_rev_gdp,SWE,Sweden,1991,19.695702340865
tax_rev_gdp,SWE,Sweden,1990,21.6513858254235
tax_rev_gdp,USA,United States,2024,10.7694743667429
tax_rev_gdp,USA,United States,2023,10.6177678118026
tax_rev_gdp,USA,United States,2022,12.6110285111113
tax_rev_gdp,USA,United States,2021,11.3902635734455
tax_rev_gdp,USA,United States,2020,10.1439864112196
tax_rev_gdp,USA,United States,2019,9.88478959731721
tax_rev_gdp,USA,United States,2018,9.92953894064227
tax_rev_gdp,USA,United States,2017,11.5038867327939
tax_rev_gdp,USA,United States,2016,10.8545149876524
tax_rev_gdp,USA,United States,2015,11.1828279598944
tax_rev_gdp,USA,United States,2014,10.8997481732594
tax_rev_gdp,USA,United States,2013,10.4602254541478
tax_rev_gdp,USA,United States,2012,9.76391736911044
tax_rev_gdp,USA,United States,2011,9.53892861749163
tax_rev_gdp,USA,United States,2010,8.56322203026373
tax_rev_gdp,USA,United States,2009,7.90351709244059
tax_rev_gdp,USA,United States,2008,10.2761880916694
tax_rev_gdp,USA,United States,2007,11.2899126640813
tax_rev_gdp,USA,United States,2006,11.3104788990808
tax_rev_gdp,USA,United States,2005,10.6817329318669
tax_rev_gdp,USA,United States,2004,9.53747079117008
tax_rev_gdp,USA,United States,2003,9.3906925792894
tax_rev_gdp,USA,United States,2002,9.86801667620084
tax_rev_gdp,USA,United States,2001,11.8577047719749
tax_rev_gdp,USA,United States,2000,12.9707952978416
tax_rev_gdp,USA,United States,1999,12.2599824818828
tax_rev_gdp,USA,United States,1998,12.3298307799882
tax_rev_gdp,USA,United States,1997,11.8281999339672
tax_rev_gdp,USA,United States,1996,11.373914577285
tax_rev_gdp,USA,United States,1995,10.980989035111
tax_rev_gdp,USA,United States,1994,10.6235066354376
tax_rev_gdp,USA,United States,1993,10.3049343163775
tax_rev_gdp,USA,United States,1992,9.98416183728209
tax_rev_gdp,USA,United States,1991,10.3203424286825
tax_rev_gdp,USA,United States,1990,10.4652847558268
gov_debt_gdp,ARE,United Arab Emirates,2013,1.80326819075483
gov_debt_gdp,AUS,Australia,2022,57.8834285733848
gov_debt_gdp,AUS,Australia,2021,69.836773674895
gov_debt_gdp,AUS,Australia,2020,69.0656538994855
gov_debt_gdp,AUS,Australia,2019,59.9837867004913
gov_debt_gdp,AUS,Australia,2018,54.3001380799371
gov_debt_gdp,AUS,Australia,2017,53.1037976577229
gov_debt_gdp,AUS,Australia,2016,54.463570652249
gov_debt_gdp,AUS,Australia,2015,46.293292747612
gov_debt_gdp,AUS,Australia,2014,41.5409287207942
gov_debt_gdp,AUS,Australia,2013,37.4031396926122
gov_debt_gdp,AUS,Australia,2012,39.3096720165071
gov_debt_gdp,AUS,Australia,2011,30.0025299553744
gov_debt_gdp,AUS,Australia,2010,28.5706752868622
gov_debt_gdp,AUS,Australia,2009,23.7918159800555
gov_debt_gdp,AUS,Australia,2008,18.1404251935735
gov_debt_gdp,AUS,Australia,2007,20.0582738191257
gov_debt_gdp,AUS,Australia,2006,21.4023842789788
gov_debt_gdp,AUS,Australia,2005,22.3700818832059
gov_debt_gdp,AUS,Australia,2004,22.8245660455405
gov_debt_gdp,AUS,Australia,2003,25.0320718409237
gov_debt_gdp,AUS,Australia,2002,25.8412136969849
gov_debt_gdp,AUS,Australia,2001,27.6400889435694
gov_debt_gdp,AUS,Australia,2000,29.4708236736698
gov_debt_gdp,AUS,Australia,1999,31.0107125026288
gov_debt_gdp,AUS,Australia,1998,16.848537830388
gov_debt_gdp,AUS,Australia,1997,20.8274667149747
gov_debt_gdp,AUS,Australia,1996,21.777431307299
gov_debt_gdp,AUS,Australia,1995,21.6474459271968
gov_debt_gdp,AUS,Australia,1994,20.1596024704357
gov_debt_gdp,AUS,Australia,1993,17.8490180915729
gov_debt_gdp,AUS,Australia,1992,14.1253907401946
gov_debt_gdp,AUS,Australia,1991,11.9025520926005
gov_debt_gdp,AUS,Australia,1990,12.211252069756
gov_debt_gdp,CAN,Canada,2024,64.1314232901439
gov_debt_gdp,CAN,Canada,2023,60.4553957724957
gov_debt_gdp,CAN,Canada,2022,59.4286687896911
gov_debt_gdp,CAN,Canada,2021,68.7631935004671
gov_debt_gdp,CAN,Canada,2020,74.5543516882689
gov_debt_gdp,CAN,Canada,2019,53.3550343019959
gov_debt_gdp,CAN,Canada,2018,53.1446892525476
gov_debt_gdp,CAN,Canada,2017,54.4551971694526
gov_debt_gdp,CAN,Canada,2016,56.0209524890955
gov_debt_gdp,CAN,Canada,2015,55.9830871905967
gov_debt_gdp,CAN,Canada,2014,51.4745859314181
gov_debt_gdp,CAN,Canada,2013,53.2423701593126
gov_debt_gdp,CAN,Canada,2012,55.7149799857487
gov_debt_gdp,CAN,Canada,2011,54.1191112874788
gov_debt_gdp,CAN,Canada,2010,53.149541550924
gov_debt_gdp,CAN,Canada,2009,53.1923451175655
gov_debt_gdp,CAN,Canada,2008,45.3204018722496
gov_debt_gdp,CAN,Canada,2007,39.1585639491399
gov_debt_gdp,CAN,Canada,2006,43.2908103947337
gov_debt_gdp,CAN,Canada,2005,46.0612626047686
gov_debt_gdp,CAN,Canada,2004,46.8009507945123
gov_debt_gdp,CAN,Canada,2003,51.2712553317649
gov_debt_gdp,CAN,Canada,2002,54.1490287671244
gov_debt_gdp,CAN,Canada,2001,57.4583564504362
gov_debt_gdp,CAN,Canada,2000,58.7379742383571
gov_debt_gdp,CAN,Canada,1999,66.2456345741726
gov_debt_gdp,CAN,Canada,1998,72.4828768215638
gov_debt_gdp,CAN,Canada,1997,74.9283269525943
gov_debt_gdp,CAN,Canada,1996,78.0386679289258
gov_debt_gdp,CAN,Canada,1995,77.3126219756355
gov_debt_gdp,CAN,Canada,1994,75.9438464996237
gov_debt_gdp,CAN,Canada,1993,75.1877082393509
gov_debt_gdp,CAN,Canada,1992,70.7020527924547
gov_debt_gdp,CAN,Canada,1991,67.4447435281779
gov_debt_gdp,CAN,Canada,1990,61.7622404568793
gov_debt_gdp,CHE,Switzerland,2024,22.2786942016816
gov_debt_gdp,CHE,Switzerland,2023,19.1539698862517
gov_debt_gdp,CHE,Switzerland,2022,16.9722395480807
gov_debt_gdp,CHE,Switzerland,2021,19.3367603778384
gov_debt_gdp,CHE,Switzerland,2020,20.4633377506952
gov_debt_gdp,CHE,Switzerland,2019,18.567762730375
gov_debt_gdp,CHE,Switzerland,2018,18.2949120373139
gov_debt_gdp,CHE,Switzerland,2017,19.9554681912168
gov_debt_gdp,CHE,Switzerland,2016,19.0838082260798
gov_debt_gdp,CHE,Switzerland,2015,20.0896435277265
gov_debt_gdp,CHE,Switzerland,2014,20.2043865151802
gov_debt_gdp,CHE,Switzerland,2013,19.8661577696882
gov_debt_gdp,CHE,Switzerland,2012,20.9939249927212
gov_debt_gdp,CHE,Switzerland,2011,20.8122296243624
gov_debt_gdp,CHE,Switzerland,2010,20.6098805096939
gov_debt_gdp,CHE,Switzerland,2009,21.3379292066506
gov_debt_gdp,CHE,Switzerland,2008,22.7839840958267
gov_debt_gdp,CHE,Switzerland,2007,23.2645728562594
gov_debt_gdp,CHE,Switzerland,2006,25.3815676930954
gov_debt_gdp,CHE,Switzerland,2005,28.9660183148275
gov_debt_gdp,CHE,Switzerland,2004,28.999210101642
gov_debt_gdp,CHE,Switzerland,2003,28.4501748765119
gov_debt_gdp,CHE,Switzerland,2002,29.3043647460377
gov_debt_gdp,CHE,Switzerland,2001,24.3982058134173
gov_debt_gdp,CHE,Switzerland,2000,25.493827182166
gov_debt_gdp,CHE,Switzerland,1999,24.6712405524457
gov_debt_gdp,CHE,Switzerland,1998,26.8292803458755
gov_debt_gdp,CHE,Switzerland,1997,24.5835138122574
gov_debt_gdp,CHE,Switzerland,1996,22.5549615406983
gov_debt_gdp,CHE,Switzerland,1995,22.16127119765
gov_debt_gdp,CHE,Switzerland,1994,19.7701193945842
gov_debt_gdp,CHE,Switzerland,1993,18.1707419078475
gov_debt_gdp,CHE,Switzerland,1992,15.0055279302973
gov_debt_gdp,CHE,Switzerland,1991,12.850723081837
gov_debt_gdp,CHE,Switzerland,1990,12.1423544148203
gov_debt_gdp,DEU,Germany,1990,20.8541847518408
gov_debt_gdp,DNK,Denmark,1994,75.3312600417617
gov_debt_gdp,DNK,Denmark,1993,78.2852478726662
gov_debt_gdp,DNK,Denmark,1992,66.6053260676425
gov_debt_gdp,DNK,Denmark,1991,62.1550956180596
gov_debt_gdp,ESP,Spain,2024,105.639074777338
gov_debt_gdp,ESP,Spain,2023,107.392919205272
gov_debt_gdp,ESP,Spain,2022,109.021131387118
gov_debt_gdp,ESP,Spain,2021,132.547539168518
gov_debt_gdp,ESP,Spain,2020,138.955245532848
gov_debt_gdp,ESP,Spain,2019,111.293101240882
gov_debt_gdp,ESP,Spain,2018,107.203121919581
gov_debt_gdp,ESP,Spain,2017,106.577780516625
gov_debt_gdp,ESP,Spain,2016,105.968137016467
gov_debt_gdp,ESP,Spain,2015,104.513601500945
gov_debt_gdp,ESP,Spain,2014,104.927837414283
gov_debt_gdp,ESP,Spain,2013,91.8693310672975
gov_debt_gdp,ESP,Spain,2012,77.446159411603
gov_debt_gdp,ESP,Spain,2011,57.7899857640377
gov_debt_gdp,ESP,Spain,2010,49.9611949485467
gov_debt_gdp,ESP,Spain,2009,48.1994103860454
gov_debt_gdp,ESP,Spain,2008,35.7047178362371
gov_debt_gdp,ESP,Spain,2007,31.7331273426985
gov_debt_gdp,ESP,Spain,2006,35.7479971637415
gov_debt_gdp,ESP,Spain,2005,40.2343199754081
gov_debt_gdp,ESP,Spain,2004,43.4376841299849
gov_debt_gdp,ESP,Spain,2003,45.4755013109904
gov_debt_gdp,ESP,Spain,2002,50.1525230848091
gov_debt_gdp,ESP,Spain,2001,51.9977631328672
gov_debt_gdp,ESP,Spain,2000,56.4602218744994
gov_debt_gdp,ESP,Spain,1999,59.2051839637685
gov_debt_gdp,ESP,Spain,1998,64.3080230625696
gov_debt_gdp,ESP,Spain,1997,64.0463520024217
gov_debt_gdp,ESP,Spain,1996,64.2492630442525
gov_debt_gdp,ESP,Spain,1995,57.9249461467052
gov_debt_gdp,ESP,Spain,1994,48.1390226944522
gov_debt_gdp,ESP,Spain,1993,46.7322032984571
gov_debt_gdp,ESP,Spain,1992,37.0105702629969
gov_debt_gdp,ESP,Spain,1991,35.1902538119473
gov_debt_gdp,ESP,Spain,1990,35.1574354271674
gov_debt_gdp,FIN,Finland,1994,58.3135962623348
gov_debt_gdp,FIN,Finland,1993,51.6838492204665
gov_debt_gdp,FIN,Finland,1992,34.1053360183611
gov_debt_gdp,FIN,Finland,1991,17.01269264076
gov_debt_gdp,FIN,Finland,1990,10.4750437379078
gov_debt_gdp,GBR,United Kingdom,2024,130.735888365813
gov_debt_gdp,GBR,United Kingdom,2023,136.142431919028
gov_debt_gdp,GBR,United Kingdom,2022,138.215904304967
gov_debt_gdp,GBR,United Kingdom,2021,183.804848939919
gov_debt_gdp,GBR,United Kingdom,2020,194.682828796265
gov_debt_gdp,GBR,United Kingdom,2019,158.972569875821
gov_debt_gdp,GBR,United Kingdom,2018,156.766820519267
gov_debt_gdp,GBR,United Kingdom,2017,160.141177233502
gov_debt_gdp,GBR,United Kingdom,2016,155.581504971929
gov_debt_gdp,GBR,United Kingdom,2015,147.063146778865
gov_debt_gdp,GBR,United Kingdom,2014,149.584281299965
gov_debt_gdp,GBR,United Kingdom,2013,141.033172505075
gov_debt_gdp,GBR,United Kingdom,2012,146.371335905972
gov_debt_gdp,GBR,United Kingdom,2011,143.125971214621
gov_debt_gdp,GBR,United Kingdom,2010,130.497283454602
gov_debt_gdp,GBR,United Kingdom,2009,122.887383328898
gov_debt_gdp,GBR,United Kingdom,2008,104.84023075526
gov_debt_gdp,GBR,United Kingdom,2007,93.3735852072108
gov_debt_gdp,GBR,United Kingdom,2006,91.788062892401
gov_debt_gdp,GBR,United Kingdom,2005,91.8639528693767
gov_debt_gdp,GBR,United Kingdom,2004,90.2045973945536
gov_debt_gdp,GBR,United Kingdom,2003,86.4073086616893
gov_debt_gdp,GBR,United Kingdom,2002,86.1686223366587
gov_debt_gdp,GBR,United Kingdom,2001,84.04178204707
gov_debt_gdp,GBR,United Kingdom,2000,87.284376049437
gov_debt_gdp,GBR,United Kingdom,1999,87.2968787467984
gov_debt_gdp,GBR,United Kingdom,1998,90.0985636275882
gov_debt_gdp,GBR,United Kingdom,1997,88.2229100746031
gov_debt_gdp,GBR,United Kingdom,1996,87.1897058807433
gov_debt_gdp,GBR,United Kingdom,1995,88.2190284248486
gov_debt_gdp,GBR,United Kingdom,1994,40.4800884599488
gov_debt_gdp,GBR,United Kingdom,1993,35.3135500060757
gov_debt_gdp,GBR,United Kingdom,1992,30.3997500632281
gov_debt_gdp,GBR,United Kingdom,1991,29.1948960284953
gov_debt_gdp,GBR,United Kingdom,1990,30.2033709452908
gov_debt_gdp,ISL,Iceland,2023,80.0942484071315
gov_debt_gdp,ISL,Iceland,2022,85.0901362266873
gov_debt_gdp,ISL,Iceland,2021,94.3257130314702
gov_debt_gdp,ISL,Iceland,2020,98.4737480563637
gov_debt_gdp,ISL,Iceland,2019,89.0165347839031
gov_debt_gdp,ISL,Iceland,2018,80.6816491232151
gov_debt_gdp,ISL,Iceland,2017,89.2469810873099
gov_debt_gdp,ISL,Iceland,2016,101.938031553476
gov_debt_gdp,ISL,Iceland,2015,116.155544806503
gov_debt_gdp,ISL,Iceland,2014,134.408470670298
gov_debt_gdp,ISL,Iceland,2013,139.919746812041
gov_debt_gdp,ISL,Iceland,2012,150.774647210171
gov_debt_gdp,ISL,Iceland,2011,155.158764944293
gov_debt_gdp,ISL,Iceland,2010,148.777767489614
gov_debt_gdp,ISL,Iceland,2009,145.104759933745
gov_debt_gdp,ISL,Iceland,2008,128.506321494882
gov_debt_gdp,ISL,Iceland,2007,83.0821198008625
gov_debt_gdp,ISL,Iceland,2006,85.9662539768117
gov_debt_gdp,ISL,Iceland,2005,83.2677822586796
gov_debt_gdp,ISL,Iceland,2004,47.8003800930389
gov_debt_gdp,ISL,Iceland,2003,53.8074063105902
gov_debt_gdp,ISL,Iceland,2002,55.714632803046
gov_debt_gdp,ISL,Iceland,2001,59.6429980173993
gov_debt_gdp,ISL,Iceland,2000,57.5281607671929
gov_debt_gdp,ISL,Iceland,1999,58.3418775384846
gov_debt_gdp,ISL,Iceland,1998,62.1963334175136
gov_debt_gdp,ISL,Iceland,1997,67.1605212693227
gov_debt_gdp,ISL,Iceland,1996,44.1501840514072
gov_debt_gdp,ISL,Iceland,1995,44.7793930745069
gov_debt_gdp,ISL,Iceland,1994,42.6148988162488
gov_debt_gdp,ISL,Iceland,1993,41.6073685299857
gov_debt_gdp,ISL,Iceland,1992,36.3773083496902
gov_debt_gdp,ISL,Iceland,1991,30.2575113175965
gov_debt_gdp,ISL,Iceland,1990,28.9040249028754
gov_debt_gdp,ISR,Israel,1999,88.3064793540794
gov_debt_gdp,ISR,Israel,1998,94.5097555805097
gov_debt_gdp,ISR,Israel,1997,93.4686594842888
gov_debt_gdp,ISR,Israel,1996,98.2287221511216
gov_debt_gdp,ISR,Israel,1995,99.3472730204145
gov_debt_gdp,ISR,Israel,1994,103.56556091167
gov_debt_gdp,ISR,Israel,1993,111.935388596105
gov_debt_gdp,ISR,Israel,1992,114.193496710768
gov_debt_gdp,ISR,Israel,1991,117.800374652665
gov_debt_gdp,ISR,Israel,1990,132.200479249748
gov_debt_gdp,ITA,Italy,1992,77.2855315218802
gov_debt_gdp,ITA,Italy,1991,71.2588510037498
gov_debt_gdp,KOR,"Korea, Rep.",2024,47.8141426119509
gov_debt_gdp,KOR,"Korea, Rep.",2023,48.5543799702909
gov_debt_gdp,KOR,"Korea, Rep.",2022,47.6110651856141
gov_debt_gdp,KOR,"Korea, Rep.",2021,45.8328934501884
gov_debt_gdp,KOR,"Korea, Rep.",2020,43.775799174588
gov_debt_gdp,KOR,"Korea, Rep.",2019,37.6954834097738
gov_debt_gdp,KOR,"Korea, Rep.",2018,35.5200546750178
gov_debt_gdp,KOR,"Korea, Rep.",2017,35.4459831845843
gov_debt_gdp,KOR,"Korea, Rep.",2016,36.1498684786294
gov_debt_gdp,KOR,"Korea, Rep.",2015,35.7105611200011
gov_debt_gdp,KOR,"Korea, Rep.",2014,34.8171173128439
gov_debt_gdp,KOR,"Korea, Rep.",2013,33.3707589515616
gov_debt_gdp,KOR,"Korea, Rep.",2012,31.0184112293818
gov_debt_gdp,KOR,"Korea, Rep.",1997,8.39336880153862
gov_debt_gdp,KOR,"Korea, Rep.",1996,6.63432383740304
gov_debt_gdp,KOR,"Korea, Rep.",1995,6.97432545068181
gov_debt_gdp,KOR,"Korea, Rep.",1994,7.91331663708199
gov_debt_gdp,KOR,"Korea, Rep.",1993,8.90471239173119
gov_debt_gdp,KOR,"Korea, Rep.",1992,9.68344217619626
gov_debt_gdp,KOR,"Korea, Rep.",1991,9.93619504178387
gov_debt_gdp,KOR,"Korea, Rep.",1990,7.22113697955519
gov_debt_gdp,LUX,Luxembourg,1993,2.90134514586522
gov_debt_gdp,LUX,Luxembourg,1992,2.62215760430915
gov_debt_gdp,LUX,Luxembourg,1991,1.95657501786965
gov_debt_gdp,LUX,Luxembourg,1990,2.52016078819326
gov_debt_gdp,NLD,Netherlands,1994,54.214654102661
gov_debt_gdp,NLD,Netherlands,1993,56.4483118602544
gov_debt_gdp,NLD,Netherlands,1992,56.0063065334887
gov_debt_gdp,NLD,Netherlands,1991,55.2083107865966
gov_debt_gdp,NLD,Netherlands,1990,54.7226413816017
gov_debt_gdp,NOR,Norway,1994,30.9484525212916
gov_debt_gdp,NOR,Norway,1993,31.7549804803516
gov_debt_gdp,NOR,Norway,1992,22.4870586895546
gov_debt_gdp,NOR,Norway,1991,18.7052695508907
gov_debt_gdp,NOR,Norway,1990,19.92142532059
gov_debt_gdp,NZL,New Zealand,2024,51.9851333336419
gov_debt_gdp,NZL,New Zealand,2023,49.8779707055343
gov_debt_gdp,NZL,New Zealand,2022,53.9177830137181
gov_debt_gdp,NZL,New Zealand,2021,51.35500840472
gov_debt_gdp,NZL,New Zealand,2020,45.6748359168139
gov_debt_gdp,NZL,New Zealand,2019,32.7587498183595
gov_debt_gdp,NZL,New Zealand,2018,36.6516387308455
gov_debt_gdp,NZL,New Zealand,2017,38.6636488406251
gov_debt_gdp,NZL,New Zealand,2016,41.3854461736808
gov_debt_gdp,NZL,New Zealand,2015,42.9198384085117
gov_debt_gdp,NZL,New Zealand,2014,43.8889616460133
gov_debt_gdp,NZL,New Zealand,2013,46.4413454848435
gov_debt_gdp,NZL,New Zealand,2012,51.5694869664603
gov_debt_gdp,NZL,New Zealand,2011,48.089102735454
gov_debt_gdp,NZL,New Zealand,2010,34.7227798053528
gov_debt_gdp,NZL,New Zealand,2009,31.8653341616565
gov_debt_gdp,NZL,New Zealand,2008,36.0132953366238
gov_debt_gdp,NZL,New Zealand,2007,36.9753526219646
gov_debt_gdp,NZL,New Zealand,2006,42.9524894769889
gov_debt_gdp,NZL,New Zealand,2005,44.1698490827743
gov_debt_gdp,NZL,New Zealand,2004,43.8675166117793
gov_debt_gdp,NZL,New Zealand,2003,48.2453384728239
gov_debt_gdp,NZL,New Zealand,2002,32.7763842551838
gov_debt_gdp,POL,Poland,1994,60.4543984704576
gov_debt_gdp,PRT,Portugal,1994,5.6574045702943
gov_debt_gdp,PRT,Portugal,1993,8.24573773536288
gov_debt_gdp,SGP,Singapore,2024,167.799832036767
gov_debt_gdp,SGP,Singapore,2023,173.624161872218
gov_debt_gdp,SGP,Singapore,2022,152.534986779861
gov_debt_gdp,SGP,Singapore,2021,147.759530258993
gov_debt_gdp,SGP,Singapore,2020,150.816252807492
gov_debt_gdp,SGP,Singapore,2019,127.851935478091
gov_debt_gdp,SGP,Singapore,2018,110.440057046779
gov_debt_gdp,SGP,Singapore,2017,108.841755783324
gov_debt_gdp,SGP,Singapore,2016,108.476641908311
gov_debt_gdp,SGP,Singapore,2015,103.320839751929
gov_debt_gdp,SGP,Singapore,2014,99.6097986729595
gov_debt_gdp,SGP,Singapore,2013,99.4464888561159
gov_debt_gdp,SGP,Singapore,2012,107.828093624626
gov_debt_gdp,SGP,Singapore,2011,104.78518384861
gov_debt_gdp,SGP,Singapore,2010,101.449782417951
gov_debt_gdp,SGP,Singapore,2009,106.372468302322
gov_debt_gdp,SGP,Singapore,2008,96.4099647516113
gov_debt_gdp,SGP,Singapore,2007,77.2760743035509
gov_debt_gdp,SGP,Singapore,2006,82.8374805427534
gov_debt_gdp,SGP,Singapore,2005,94.9666937754733
gov_debt_gdp,SGP,Singapore,2004,101.779018993689
gov_debt_gdp,SGP,Singapore,2003,108.589983770079
gov_debt_gdp,SGP,Singapore,2002,106.332540928351
gov_debt_gdp,SGP,Singapore,2001,93.9363125102557
gov_debt_gdp,SGP,Singapore,2000,83.842291725532
gov_debt_gdp,SGP,Singapore,1999,87.8603784550691
gov_debt_gdp,SGP,Singapore,1998,82.599116639914
gov_debt_gdp,SGP,Singapore,1997,71.3607292667242
gov_debt_gdp,SGP,Singapore,1996,72.735334061978
gov_debt_gdp,SGP,Singapore,1995,72.7804903132088
gov_debt_gdp,SGP,Singapore,1994,70.2818345454772
gov_debt_gdp,SGP,Singapore,1993,72.8796371846888
gov_debt_gdp,SGP,Singapore,1992,81.8827558107494
gov_debt_gdp,SGP,Singapore,1991,78.97732191875
gov_debt_gdp,SGP,Singapore,1990,77.855311856756
gov_debt_gdp,USA,United States,2024,115.768352618316
gov_debt_gdp,USA,United States,2023,114.73462594651
gov_debt_gdp,USA,United States,2022,112.71753248772
gov_debt_gdp,USA,United States,2021,118.284809538371
gov_debt_gdp,USA,United States,2020,124.509268439559
gov_debt_gdp,USA,United States,2019,100.234364169849
gov_debt_gdp,USA,United States,2018,98.62934291533
gov_debt_gdp,USA,United States,2017,97.2074691432871
gov_debt_gdp,USA,United States,2016,98.1169229551873
gov_debt_gdp,USA,United States,2015,96.1410808045622
gov_debt_gdp,USA,United States,2014,95.6360178458392
gov_debt_gdp,USA,United States,2013,95.5058927414252
gov_debt_gdp,USA,United States,2012,93.8330143343442
gov_debt_gdp,USA,United States,2011,89.7346954422037
gov_debt_gdp,USA,United States,2010,85.1547923110491
gov_debt_gdp,USA,United States,2009,76.0321802627381
gov_debt_gdp,USA,United States,2008,63.9719179502151
gov_debt_gdp,USA,United States,2007,55.8142306449781
gov_debt_gdp,USA,United States,2006,55.6206495230784
gov_debt_gdp,USA,United States,2005,56.6929850051349
gov_debt_gdp,USA,United States,2004,56.8322960522202
gov_debt_gdp,USA,United States,2003,56.4292429155629
gov_debt_gdp,USA,United States,2002,54.0472378898626
gov_debt_gdp,USA,United States,2001,52.6289015925168
gov_debt_gdp,USA,United States,2000,33.2676418736523
gov_debt_gdp,USA,United States,1999,37.7272880185298
gov_debt_gdp,USA,United States,1998,41.1291544339911
gov_debt_gdp,USA,United States,1997,44.1174824705231
gov_debt_gdp,USA,United States,1996,46.7417685500108
gov_debt_gdp,USA,United States,1995,47.2095352870886
gov_debt_gdp,USA,United States,1994,47.3534821707435
gov_debt_gdp,USA,United States,1993,48.2461403335599
gov_debt_gdp,USA,United States,1992,46.0501444176036
gov_debt_gdp,USA,United States,1991,44.0615972806026
gov_debt_gdp,USA,United States,1990,40.933943570707
gini,ARE,United Arab Emirates,2018,26.4
gini,ARE,United Arab Emirates,2013,32.5
gini,AUS,Australia,2020,33.8
gini,AUS,Australia,2018,34.3
gini,AUS,Australia,2016,33.7
gini,AUS,Australia,2014,34.4
gini,AUS,Australia,2010,34.7
gini,AUS,Australia,2008,35.4
gini,AUS,Australia,2004,33.1
gini,AUS,Australia,2003,33.5
gini,AUS,Australia,2001,33.5
gini,AUS,Australia,1995,32.6
gini,AUT,Austria,2023,31.2
gini,AUT,Austria,2022,30.9
gini,AUT,Austria,2021,30.7
gini,AUT,Austria,2020,29.8
gini,AUT,Austria,2019,30.2
gini,AUT,Austria,2018,30.8
gini,AUT,Austria,2017,29.7
gini,AUT,Austria,2016,30.8
gini,AUT,Austria,2015,30.5
gini,AUT,Austria,2014,30.5
gini,AUT,Austria,2013,30.8
gini,AUT,Austria,2012,30.5
gini,AUT,Austria,2011,30.8
gini,AUT,Austria,2010,30.3
gini,AUT,Austria,2009,31.5
gini,AUT,Austria,2008,30.4
gini,AUT,Austria,2007,30.6
gini,AUT,Austria,2006,29.6
gini,AUT,Austria,2005,28.7
gini,AUT,Austria,2004,29.8
gini,AUT,Austria,2003,29.5
gini,AUT,Austria,2000,29
gini,AUT,Austria,1999,29.7
gini,AUT,Austria,1998,31.3
gini,AUT,Austria,1997,29.1
gini,AUT,Austria,1996,29.3
gini,AUT,Austria,1995,29.9
gini,AUT,Austria,1994,30.8
gini,CAN,Canada,2022,31.5
gini,CAN,Canada,2021,31.1
gini,CAN,Canada,2020,29.9
gini,CAN,Canada,2019,31.8
gini,CAN,Canada,2018,32.5
gini,CAN,Canada,2017,33.3
gini,CAN,Canada,2016,32.7
gini,CAN,Canada,2015,33.7
gini,CAN,Canada,2014,33.2
gini,CAN,Canada,2013,33.8
gini,CAN,Canada,2012,33.5
gini,CAN,Canada,2011,32.7
gini,CAN,Canada,2010,33.6
gini,CAN,Canada,2009,34
gini,CAN,Canada,2008,33.9
gini,CAN,Canada,2007,33.8
gini,CAN,Canada,2006,34.1
gini,CAN,Canada,2005,33.6
gini,CAN,Canada,2004,33.8
gini,CAN,Canada,2003,33.8
gini,CAN,Canada,2002,33.6
gini,CAN,Canada,2001,33.6
gini,CAN,Canada,2000,33.4
gini,CAN,Canada,1999,33.1
gini,CAN,Canada,1998,33.2
gini,CAN,Canada,1997,33.1
gini,CAN,Canada,1996,32.8
gini,CAN,Canada,1995,31.5
gini,CAN,Canada,1994,31.3
gini,CAN,Canada,1993,31.7
gini,CAN,Canada,1992,31.6
gini,CAN,Canada,1991,31.9
gini,CAN,Canada,1990,31.4
gini,CHE,Switzerland,2022,33.8
gini,CHE,Switzerland,2021,33.8
gini,CHE,Switzerland,2020,33.7
gini,CHE,Switzerland,2019,34
gini,CHE,Switzerland,2018,33.1
gini,CHE,Switzerland,2017,32.7
gini,CHE,Switzerland,2016,33
gini,CHE,Switzerland,2015,32.3
gini,CHE,Switzerland,2014,32.5
gini,CHE,Switzerland,2013,32.5
gini,CHE,Switzerland,2012,31.6
gini,CHE,Switzerland,2011,31.7
gini,CHE,Switzerland,2010,32.6
gini,CHE,Switzerland,2009,32.9
gini,CHE,Switzerland,2008,33.8
gini,CHE,Switzerland,2007,34.3
gini,CHE,Switzerland,2006,33.9
gini,CHE,Switzerland,2004,31.6
gini,CHE,Switzerland,2002,31.7
gini,CHE,Switzerland,2000,33.4
gini,CHE,Switzerland,1992,33.9
gini,DEU,Germany,2022,33.7
gini,DEU,Germany,2021,33.6
gini,DEU,Germany,2020,32.5
gini,DEU,Germany,2019,32.2
gini,DEU,Germany,2018,31.9
gini,DEU,Germany,2017,31.3
gini,DEU,Germany,2016,31.3
gini,DEU,Germany,2015,31.4
gini,DEU,Germany,2014,30.8
gini,DEU,Germany,2013,31.4
gini,DEU,Germany,2012,30.9
gini,DEU,Germany,2011,30.4
gini,DEU,Germany,2010,30.2
gini,DEU,Germany,2009,30.4
gini,DEU,Germany,2008,30.6
gini,DEU,Germany,2007,31.2
gini,DEU,Germany,2006,31
gini,DEU,Germany,2005,31.6
gini,DEU,Germany,2004,30.1
gini,DEU,Germany,2003,29.9
gini,DEU,Germany,2002,29.9
gini,DEU,Germany,2001,29.9
gini,DEU,Germany,2000,28.7
gini,DEU,Germany,1999,29
gini,DEU,Germany,1998,28.1
gini,DEU,Germany,1997,28.2
gini,DEU,Germany,1996,28.3
gini,DEU,Germany,1995,28.7
gini,DEU,Germany,1994,29.1
gini,DEU,Germany,1993,28.4
gini,DEU,Germany,1992,29
gini,DEU,Germany,1991,29.3
gini,DNK,Denmark,2023,29.9
gini,DNK,Denmark,2022,29.3
gini,DNK,Denmark,2021,28.3
gini,DNK,Denmark,2020,27.5
gini,DNK,Denmark,2019,27.7
gini,DNK,Denmark,2018,28.2
gini,DNK,Denmark,2017,28.7
gini,DNK,Denmark,2016,28.2
gini,DNK,Denmark,2015,28.2
gini,DNK,Denmark,2014,28.4
gini,DNK,Denmark,2013,28.5
gini,DNK,Denmark,2012,27.8
gini,DNK,Denmark,2011,27.3
gini,DNK,Denmark,2010,27.2
gini,DNK,Denmark,2009,26.7
gini,DNK,Denmark,2008,25.2
gini,DNK,Denmark,2007,26.2
gini,DNK,Denmark,2006,25.9
gini,DNK,Denmark,2005,25.2
gini,DNK,Denmark,2004,24.9
gini,DNK,Denmark,2003,25.6
gini,DNK,Denmark,2000,23.8
gini,DNK,Denmark,1995,23
gini,DNK,Denmark,1992,24.7
gini,ESP,Spain,2023,33.4
gini,ESP,Spain,2022,33.6
gini,ESP,Spain,2021,33.9
gini,ESP,Spain,2020,34.9
gini,ESP,Spain,2019,34.3
gini,ESP,Spain,2018,34.7
gini,ESP,Spain,2017,34.7
gini,ESP,Spain,2016,35.8
gini,ESP,Spain,2015,36.2
gini,ESP,Spain,2014,36.1
gini,ESP,Spain,2013,36.2
gini,ESP,Spain,2012,35.4
gini,ESP,Spain,2011,35.7
gini,ESP,Spain,2010,35.2
gini,ESP,Spain,2009,34.9
gini,ESP,Spain,2008,34.2
gini,ESP,Spain,2007,34.1
gini,ESP,Spain,2006,33.5
gini,ESP,Spain,2005,32.4
gini,ESP,Spain,2004,33.3
gini,ESP,Spain,2003,31.8
gini,ESP,Spain,2000,34.1
gini,ESP,Spain,1999,33.8
gini,ESP,Spain,1998,34.6
gini,ESP,Spain,1997,35.3
gini,ESP,Spain,1996,36.5
gini,ESP,Spain,1995,35.7
gini,ESP,Spain,1994,35.1
gini,ESP,Spain,1993,35.7
gini,ESP,Spain,1990,32
gini,EST,Estonia,2023,30.7
gini,EST,Estonia,2022,32.3
gini,EST,Estonia,2021,31.8
gini,EST,Estonia,2020,30.7
gini,EST,Estonia,2019,30.8
gini,EST,Estonia,2018,30.3
gini,EST,Estonia,2017,30.4
gini,EST,Estonia,2016,31.2
gini,EST,Estonia,2015,32.7
gini,EST,Estonia,2014,34.6
gini,EST,Estonia,2013,35.1
gini,EST,Estonia,2012,32.9
gini,EST,Estonia,2011,32.5
gini,EST,Estonia,2010,32
gini,EST,Estonia,2009,31.4
gini,EST,Estonia,2008,31.9
gini,EST,Estonia,2007,31.2
gini,EST,Estonia,2006,33.7
gini,EST,Estonia,2005,33.4
gini,EST,Estonia,2004,33.6
gini,EST,Estonia,2003,37.2
gini,EST,Estonia,2002,35.8
gini,EST,Estonia,2001,36
gini,EST,Estonia,2000,35.8
gini,EST,Estonia,1998,37.6
gini,EST,Estonia,1995,30.1
gini,EST,Estonia,1993,39.4
gini,FIN,Finland,2023,27.4
gini,FIN,Finland,2022,27.9
gini,FIN,Finland,2021,27.7
gini,FIN,Finland,2020,27.1
gini,FIN,Finland,2019,27.7
gini,FIN,Finland,2018,27.3
gini,FIN,Finland,2017,27.4
gini,FIN,Finland,2016,27.1
gini,FIN,Finland,2015,27.1
gini,FIN,Finland,2014,26.8
gini,FIN,Finland,2013,27.2
gini,FIN,Finland,2012,27.1
gini,FIN,Finland,2011,27.6
gini,FIN,Finland,2010,27.7
gini,FIN,Finland,2009,27.5
gini,FIN,Finland,2008,27.8
gini,FIN,Finland,2007,28.3
gini,FIN,Finland,2006,28
gini,FIN,Finland,2005,27.6
gini,FIN,Finland,2004,27.9
gini,FIN,Finland,2003,27.7
gini,FIN,Finland,2000,27.2
gini,FIN,Finland,1995,23.5
gini,FIN,Finland,1991,22.9
gini,FRA,France,2023,31.8
gini,FRA,France,2022,31.2
gini,FRA,France,2021,31.5
gini,FRA,France,2020,30.7
gini,FRA,France,2019,31.2
gini,FRA,France,2018,32.4
gini,FRA,France,2017,31.6
gini,FRA,France,2016,31.9
gini,FRA,France,2015,32.7
gini,FRA,France,2014,32.3
gini,FRA,France,2013,32.5
gini,FRA,France,2012,33.1
gini,FRA,France,2011,33.3
gini,FRA,France,2010,33.7
gini,FRA,France,2009,32.7
gini,FRA,France,2008,33
gini,FRA,France,2007,32.4
gini,FRA,France,2006,29.7
gini,FRA,France,2005,29.8
gini,FRA,France,2004,30.6
gini,FRA,France,2003,31.4
gini,FRA,France,2002,31.8
gini,FRA,France,2001,32.5
gini,FRA,France,2000,32.6
gini,FRA,France,1999,32.5
gini,FRA,France,1998,31.7
gini,FRA,France,1997,31.9
gini,FRA,France,1996,32
gini,FRA,France,1990,32.1
gini,GBR,United Kingdom,2021,32.4
gini,GBR,United Kingdom,2020,32.7
gini,GBR,United Kingdom,2019,32.8
gini,GBR,United Kingdom,2018,33.7
gini,GBR,United Kingdom,2017,32.6
gini,GBR,United Kingdom,2016,33.1
gini,GBR,United Kingdom,2015,33.3
gini,GBR,United Kingdom,2014,33.1
gini,GBR,United Kingdom,2013,32.7
gini,GBR,United Kingdom,2012,33.1
gini,GBR,United Kingdom,2011,33.2
gini,GBR,United Kingdom,2010,33.7
gini,GBR,United Kingdom,2009,35.1
gini,GBR,United Kingdom,2008,35.4
gini,GBR,United Kingdom,2007,34.4
gini,GBR,United Kingdom,2006,35.9
gini,GBR,United Kingdom,2005,35.5
gini,GBR,United Kingdom,2004,34.8
gini,GBR,United Kingdom,2003,34.9
gini,GBR,United Kingdom,2002,35.1
gini,GBR,United Kingdom,2001,37.1
gini,GBR,United Kingdom,2000,38.9
gini,GBR,United Kingdom,1999,36.8
gini,GBR,United Kingdom,1998,36.6
gini,GBR,United Kingdom,1997,35.7
gini,GBR,United Kingdom,1996,35.3
gini,GBR,United Kingdom,1995,35.5
gini,GBR,United Kingdom,1994,36
gini,GBR,United Kingdom,1993,35.1
gini,GBR,United Kingdom,1992,35
gini,GBR,United Kingdom,1991,35
gini,GBR,United Kingdom,1990,35.7
gini,ISL,Iceland,2019,26.8
gini,ISL,Iceland,2018,26.6
gini,ISL,Iceland,2017,26.1
gini,ISL,Iceland,2016,27.2
gini,ISL,Iceland,2015,26.8
gini,ISL,Iceland,2014,27.8
gini,ISL,Iceland,2013,25.4
gini,ISL,Iceland,2012,26.8
gini,ISL,Iceland,2011,26.8
gini,ISL,Iceland,2010,26.2
gini,ISL,Iceland,2009,28.7
gini,ISL,Iceland,2008,31.8
gini,ISL,Iceland,2007,29.5
gini,ISL,Iceland,2006,30.2
gini,ISL,Iceland,2005,29
gini,ISL,Iceland,2004,28
gini,ISL,Iceland,2003,26.8
gini,ISR,Israel,2022,38.3
gini,ISR,Israel,2021,37.9
gini,ISR,Israel,2020,37.8
gini,ISR,Israel,2019,38.3
gini,ISR,Israel,2018,38.6
gini,ISR,Israel,2017,38.2
gini,ISR,Israel,2016,39
gini,ISR,Israel,2015,39.7
gini,ISR,Israel,2014,39.8
gini,ISR,Israel,2013,39.9
gini,ISR,Israel,2012,41.3
gini,ISR,Israel,2011,41.5
gini,ISR,Israel,2010,42.6
gini,ISR,Israel,2009,42.6
gini,ISR,Israel,2008,41.6
gini,ISR,Israel,2007,41.1
gini,ISR,Israel,2006,41.6
gini,ISR,Israel,2005,42.3
gini,ISR,Israel,2004,41.5
gini,ISR,Israel,2003,40.7
gini,ISR,Israel,2002,39.6
gini,ISR,Israel,2001,38.9
gini,ISR,Israel,1997,38.1
gini,ISR,Israel,1992,35.5
gini,ITA,Italy,2023,34.3
gini,ITA,Italy,2022,33.7
gini,ITA,Italy,2021,34.8
gini,ITA,Italy,2020,35.2
gini,ITA,Italy,2019,34.6
gini,ITA,Italy,2018,35.2
gini,ITA,Italy,2017,35.9
gini,ITA,Italy,2016,35.2
gini,ITA,Italy,2015,35.4
gini,ITA,Italy,2014,34.7
gini,ITA,Italy,2013,34.9
gini,ITA,Italy,2012,35.2
gini,ITA,Italy,2011,35.1
gini,ITA,Italy,2010,34.7
gini,ITA,Italy,2009,33.8
gini,ITA,Italy,2008,33.8
gini,ITA,Italy,2007,32.9
gini,ITA,Italy,2006,33.7
gini,ITA,Italy,2005,33.8
gini,ITA,Italy,2004,34.3
gini,ITA,Italy,2003,34.9
gini,ITA,Italy,2002,34.7
gini,ITA,Italy,2000,35.2
gini,ITA,Italy,1998,36.7
gini,ITA,Italy,1995,35.2
gini,ITA,Italy,1993,35.1
gini,ITA,Italy,1991,31.1
gini,JPN,Japan,2020,32.3
gini,JPN,Japan,2019,33
gini,JPN,Japan,2018,32.9
gini,JPN,Japan,2017,31.8
gini,JPN,Japan,2016,31.8
gini,JPN,Japan,2015,30.7
gini,JPN,Japan,2014,31.3
gini,JPN,Japan,2013,31.5
gini,JPN,Japan,2012,32.5
gini,JPN,Japan,2011,33
gini,JPN,Japan,2010,31.5
gini,JPN,Japan,2009,33
gini,JPN,Japan,2008,34.6
gini,KOR,"Korea, Rep.",2021,32.9
gini,KOR,"Korea, Rep.",2020,32.7
gini,KOR,"Korea, Rep.",2019,33.2
gini,KOR,"Korea, Rep.",2018,33.7
gini,KOR,"Korea, Rep.",2017,34.9
gini,KOR,"Korea, Rep.",2016,35.2
gini,KOR,"Korea, Rep.",2014,31.2
gini,KOR,"Korea, Rep.",2012,31.6
gini,KOR,"Korea, Rep.",2010,32
gini,KOR,"Korea, Rep.",2008,32.3
gini,KOR,"Korea, Rep.",2006,31.7
gini,LUX,Luxembourg,2023,33.6
gini,LUX,Luxembourg,2022,34.1
gini,LUX,Luxembourg,2021,32.7
gini,LUX,Luxembourg,2020,33.4
gini,LUX,Luxembourg,2019,34.2
gini,LUX,Luxembourg,2018,35.4
gini,LUX,Luxembourg,2017,34.5
gini,LUX,Luxembourg,2016,31.7
gini,LUX,Luxembourg,2015,32.9
gini,LUX,Luxembourg,2014,31.2
gini,LUX,Luxembourg,2013,32
gini,LUX,Luxembourg,2012,34.3
gini,LUX,Luxembourg,2011,32.1
gini,LUX,Luxembourg,2010,30.5
gini,LUX,Luxembourg,2009,31.2
gini,LUX,Luxembourg,2008,32.6
gini,LUX,Luxembourg,2007,31.1
gini,LUX,Luxembourg,2006,30.9
gini,LUX,Luxembourg,2005,30.8
gini,LUX,Luxembourg,2004,30.2
gini,LUX,Luxembourg,2003,30.2
gini,LUX,Luxembourg,2002,31.1
gini,LUX,Luxembourg,2001,30.9
gini,LUX,Luxembourg,2000,30.1
gini,LUX,Luxembourg,1999,30.1
gini,LUX,Luxembourg,1998,30.6
gini,LUX,Luxembourg,1997,29.6
gini,LUX,Luxembourg,1996,29.1
gini,LUX,Luxembourg,1995,28.3
gini,LUX,Luxembourg,1994,28.2
gini,LUX,Luxembourg,1993,27
gini,LUX,Luxembourg,1992,27.3
gini,LUX,Luxembourg,1991,27.2
gini,LUX,Luxembourg,1990,27.7
gini,NLD,Netherlands,2021,25.7
gini,NLD,Netherlands,2020,26
gini,NLD,Netherlands,2019,29.2
gini,NLD,Netherlands,2018,28.1
gini,NLD,Netherlands,2017,28.5
gini,NLD,Netherlands,2016,28.2
gini,NLD,Netherlands,2015,28.2
gini,NLD,Netherlands,2014,28.6
gini,NLD,Netherlands,2013,28.1
gini,NLD,Netherlands,2012,27.6
gini,NLD,Netherlands,2011,27.8
gini,NLD,Netherlands,2010,27.8
gini,NLD,Netherlands,2009,27.9
gini,NLD,Netherlands,2008,29.3
gini,NLD,Netherlands,2007,29.6
gini,NLD,Netherlands,2006,30
gini,NLD,Netherlands,2005,29
gini,NLD,Netherlands,2004,29.8
gini,NLD,Netherlands,1999,28.1
gini,NLD,Netherlands,1993,30.4
gini,NLD,Netherlands,1990,31.1
gini,NOR,Norway,2023,26.5
gini,NOR,Norway,2022,26.9
gini,NOR,Norway,2021,29.1
gini,NOR,Norway,2020,28.4
gini,NOR,Norway,2019,27.7
gini,NOR,Norway,2018,27.6
gini,NOR,Norway,2017,27
gini,NOR,Norway,2016,28.5
gini,NOR,Norway,2015,27.5
gini,NOR,Norway,2014,26.8
gini,NOR,Norway,2013,26.4
gini,NOR,Norway,2012,25.7
gini,NOR,Norway,2011,25.3
gini,NOR,Norway,2010,25.7
gini,NOR,Norway,2009,26.2
gini,NOR,Norway,2008,27
gini,NOR,Norway,2007,27.1
gini,NOR,Norway,2006,26.4
gini,NOR,Norway,2005,30.6
gini,NOR,Norway,2004,31.6
gini,NOR,Norway,2003,27.6
gini,NOR,Norway,2000,27.4
gini,NOR,Norway,1995,26
gini,NOR,Norway,1991,25.2
gini,POL,Poland,2023,28.5
gini,POL,Poland,2022,28.9
gini,POL,Poland,2021,28.5
gini,POL,Poland,2020,28.5
gini,POL,Poland,2019,28.8
gini,POL,Poland,2018,30.2
gini,POL,Poland,2017,29.7
gini,POL,Poland,2016,31.2
gini,POL,Poland,2015,31.8
gini,POL,Poland,2014,32.8
gini,POL,Poland,2013,33.1
gini,POL,Poland,2012,33
gini,POL,Poland,2011,33.2
gini,POL,Poland,2010,33.2
gini,POL,Poland,2009,33.4
gini,POL,Poland,2008,33.5
gini,POL,Poland,2007,34
gini,POL,Poland,2006,34.7
gini,POL,Poland,2005,35.8
gini,POL,Poland,2004,38
gini,POL,Poland,2003,34.9
gini,POL,Poland,2002,34.1
gini,POL,Poland,2001,32.8
gini,POL,Poland,2000,33
gini,POL,Poland,1999,32.3
gini,POL,Poland,1998,32.3
gini,POL,Poland,1996,32.6
gini,POL,Poland,1995,34.6
gini,POL,Poland,1993,26.7
gini,POL,Poland,1992,29.3
gini,PRT,Portugal,2023,33.9
gini,PRT,Portugal,2022,36.3
gini,PRT,Portugal,2021,34.6
gini,PRT,Portugal,2020,34.7
gini,PRT,Portugal,2019,32.8
gini,PRT,Portugal,2018,33.5
gini,PRT,Portugal,2017,33.8
gini,PRT,Portugal,2016,35.2
gini,PRT,Portugal,2015,35.5
gini,PRT,Portugal,2014,35.6
gini,PRT,Portugal,2013,36.2
gini,PRT,Portugal,2012,36
gini,PRT,Portugal,2011,36.3
gini,PRT,Portugal,2010,35.8
gini,PRT,Portugal,2009,34.9
gini,PRT,Portugal,2008,36.6
gini,PRT,Portugal,2007,36.8
gini,PRT,Portugal,2006,38.1
gini,PRT,Portugal,2005,38.5
gini,PRT,Portugal,2004,38.9
gini,PRT,Portugal,2003,38.8
gini,SWE,Sweden,2023,29.3
gini,SWE,Sweden,2022,31.6
gini,SWE,Sweden,2021,29.8
gini,SWE,Sweden,2020,28.9
gini,SWE,Sweden,2019,29.3
gini,SWE,Sweden,2018,30
gini,SWE,Sweden,2017,28.8
gini,SWE,Sweden,2016,29.6
gini,SWE,Sweden,2015,29.2
gini,SWE,Sweden,2014,28.4
gini,SWE,Sweden,2013,28.8
gini,SWE,Sweden,2012,27.6
gini,SWE,Sweden,2011,27.6
gini,SWE,Sweden,2010,27.7
gini,SWE,Sweden,2009,27.3
gini,SWE,Sweden,2008,28.1
gini,SWE,Sweden,2007,27.1
gini,SWE,Sweden,2006,26.4
gini,SWE,Sweden,2005,26.8
gini,SWE,Sweden,2004,26.1
gini,SWE,Sweden,2003,25.3
gini,SWE,Sweden,2002,26.2
gini,SWE,Sweden,2001,26.5
gini,SWE,Sweden,2000,27
gini,SWE,Sweden,1995,25.2
gini,SWE,Sweden,1992,24.9
gini,USA,United States,2024,41.8
gini,USA,United States,2023,41.8
gini,USA,United States,2022,41.7
gini,USA,United States,2021,39.7
gini,USA,United States,2020,40
gini,USA,United States,2019,41.9
gini,USA,United States,2018,41.8
gini,USA,United States,2017,41.4
gini,USA,United States,2016,41.3
gini,USA,United States,2015,41.5
gini,USA,United States,2014,41.7
gini,USA,United States,2013,40.9
gini,USA,United States,2012,41.2
gini,USA,United States,2011,41.2
gini,USA,United States,2010,40.2
gini,USA,United States,2009,40.9
gini,USA,United States,2008,41.1
gini,USA,United States,2007,41.1
gini,USA,United States,2006,41.7
gini,USA,United States,2005,41.3
gini,USA,United States,2004,40.5
gini,USA,United States,2003,40.8
gini,USA,United States,2002,40.4
gini,USA,United States,2001,40.6
gini,USA,United States,2000,40.1
gini,USA,United States,1999,40
gini,USA,United States,1998,40
gini,USA,United States,1997,40.5
gini,USA,United States,1996,40.3
gini,USA,United States,1995,39.9
gini,USA,United States,1994,40
gini,USA,United States,1993,40.4
gini,USA,United States,1992,38.4
gini,USA,United States,1991,38
gini,USA,United States,1990,38.3
gdp_per_employed,ARE,United Arab Emirates,2024,108203.125869474
gdp_per_employed,ARE,United Arab Emirates,2023,109489.471896034
gdp_per_employed,ARE,United Arab Emirates,2022,111830.253196399
gdp_per_employed,ARE,United Arab Emirates,2021,110017.442767849
gdp_per_employed,ARE,United Arab Emirates,2020,106218.512665931
gdp_per_employed,ARE,United Arab Emirates,2019,112569.169829402
gdp_per_employed,ARE,United Arab Emirates,2018,112814.735091849
gdp_per_employed,ARE,United Arab Emirates,2017,113429.280406242
gdp_per_employed,ARE,United Arab Emirates,2016,117888.55904053
gdp_per_employed,ARE,United Arab Emirates,2015,118101.849166545
gdp_per_employed,ARE,United Arab Emirates,2014,117135.149171225
gdp_per_employed,ARE,United Arab Emirates,2013,117923.92576279
gdp_per_employed,ARE,United Arab Emirates,2012,117618.478850841
gdp_per_employed,ARE,United Arab Emirates,2011,117506.130965458
gdp_per_employed,ARE,United Arab Emirates,2010,114511.467591155
gdp_per_employed,ARE,United Arab Emirates,2009,115658.965728035
gdp_per_employed,ARE,United Arab Emirates,2008,128950.137051008
gdp_per_employed,ARE,United Arab Emirates,2007,139943.930709359
gdp_per_employed,ARE,United Arab Emirates,2006,152915.25491894
gdp_per_employed,ARE,United Arab Emirates,2005,151251.672366537
gdp_per_employed,ARE,United Arab Emirates,2004,153624.198330879
gdp_per_employed,ARE,United Arab Emirates,2003,149965.33452765
gdp_per_employed,ARE,United Arab Emirates,2002,147785.560573777
gdp_per_employed,ARE,United Arab Emirates,2001,155357.283365073
gdp_per_employed,ARE,United Arab Emirates,2000,165450.417504227
gdp_per_employed,ARE,United Arab Emirates,1999,161688.634138978
gdp_per_employed,ARE,United Arab Emirates,1998,170504.039429247
gdp_per_employed,ARE,United Arab Emirates,1997,184687.731054897
gdp_per_employed,ARE,United Arab Emirates,1996,185610.198666506
gdp_per_employed,ARE,United Arab Emirates,1995,188717.427389576
gdp_per_employed,ARE,United Arab Emirates,1994,187760.551401676
gdp_per_employed,ARE,United Arab Emirates,1993,186764.059326927
gdp_per_employed,ARE,United Arab Emirates,1992,196745.745514583
gdp_per_employed,ARE,United Arab Emirates,1991,203362.377913656
gdp_per_employed,AUS,Australia,2025,114582.067481371
gdp_per_employed,AUS,Australia,2024,114538.681128867
gdp_per_employed,AUS,Australia,2023,114664.901751543
gdp_per_employed,AUS,Australia,2022,114008.86076002
gdp_per_employed,AUS,Australia,2021,113808.531840373
gdp_per_employed,AUS,Australia,2020,115508.041684851
gdp_per_employed,AUS,Australia,2019,113842.022293434
gdp_per_employed,AUS,Australia,2018,113928.526316708
gdp_per_employed,AUS,Australia,2017,113779.721959186
gdp_per_employed,AUS,Australia,2016,113799.961412796
gdp_per_employed,AUS,Australia,2015,112709.976728508
gdp_per_employed,AUS,Australia,2014,112466.037854652
gdp_per_employed,AUS,Australia,2013,110388.989633403
gdp_per_employed,AUS,Australia,2012,108545.678831436
gdp_per_employed,AUS,Australia,2011,105710.900867903
gdp_per_employed,AUS,Australia,2010,104994.038984984
gdp_per_employed,AUS,Australia,2009,104839.230069699
gdp_per_employed,AUS,Australia,2008,103583.336379261
gdp_per_employed,AUS,Australia,2007,102753.570397263
gdp_per_employed,AUS,Australia,2006,102100.723142835
gdp_per_employed,AUS,Australia,2005,101717.777934815
gdp_per_employed,AUS,Australia,2004,101911.527786002
gdp_per_employed,AUS,Australia,2003,99431.9466392099
gdp_per_employed,AUS,Australia,2002,98604.2719764182
gdp_per_employed,AUS,Australia,2001,96669.2379459584
gdp_per_employed,AUS,Australia,2000,95965.5326805011
gdp_per_employed,AUS,Australia,1999,94759.6503149734
gdp_per_employed,AUS,Australia,1998,91869.7134397237
gdp_per_employed,AUS,Australia,1997,89302.3862609561
gdp_per_employed,AUS,Australia,1996,86646.7688028924
gdp_per_employed,AUS,Australia,1995,84522.1675448929
gdp_per_employed,AUS,Australia,1994,84328.4822686431
gdp_per_employed,AUS,Australia,1993,83686.8956312306
gdp_per_employed,AUS,Australia,1992,80588.6982635245
gdp_per_employed,AUS,Australia,1991,79848.7174706176
gdp_per_employed,AUT,Austria,2025,131258.980837864
gdp_per_employed,AUT,Austria,2024,129651.221286113
gdp_per_employed,AUT,Austria,2023,130630.393707183
gdp_per_employed,AUT,Austria,2022,132596.191173777
gdp_per_employed,AUT,Austria,2021,129644.635311475
gdp_per_employed,AUT,Austria,2020,123043.907448674
gdp_per_employed,AUT,Austria,2019,129898.46313085
gdp_per_employed,AUT,Austria,2018,128696.031693405
gdp_per_employed,AUT,Austria,2017,127537.782511183
gdp_per_employed,AUT,Austria,2016,126110.971123846
gdp_per_employed,AUT,Austria,2015,125375.115152195
gdp_per_employed,AUT,Austria,2014,125091.186433395
gdp_per_employed,AUT,Austria,2013,124435.265028173
gdp_per_employed,AUT,Austria,2012,125370.724185252
gdp_per_employed,AUT,Austria,2011,125651.307496919
gdp_per_employed,AUT,Austria,2010,123127.219184417
gdp_per_employed,AUT,Austria,2009,122043.563091172
gdp_per_employed,AUT,Austria,2008,126260.397279809
gdp_per_employed,AUT,Austria,2007,126651.056170302
gdp_per_employed,AUT,Austria,2006,125170.524497835
gdp_per_employed,AUT,Austria,2005,123690.077540015
gdp_per_employed,AUT,Austria,2004,123286.177222214
gdp_per_employed,AUT,Austria,2003,117517.882878901
gdp_per_employed,AUT,Austria,2002,117176.932443915
gdp_per_employed,AUT,Austria,2001,116885.738312705
gdp_per_employed,AUT,Austria,2000,115874.926951568
gdp_per_employed,AUT,Austria,1999,112552.599917991
gdp_per_employed,AUT,Austria,1998,110134.926983483
gdp_per_employed,AUT,Austria,1997,106957.44989755
gdp_per_employed,AUT,Austria,1996,104617.559477231
gdp_per_employed,AUT,Austria,1995,100743.693913353
gdp_per_employed,AUT,Austria,1994,97786.7001003984
gdp_per_employed,AUT,Austria,1993,99065.9202664108
gdp_per_employed,AUT,Austria,1992,98999.7020333313
gdp_per_employed,AUT,Austria,1991,99217.1351082876
gdp_per_employed,CAN,Canada,2025,113563.261899119
gdp_per_employed,CAN,Canada,2024,111791.661192221
gdp_per_employed,CAN,Canada,2023,110939.467997818
gdp_per_employed,CAN,Canada,2022,112243.095642687
gdp_per_employed,CAN,Canada,2021,112202.121182965
gdp_per_employed,CAN,Canada,2020,111042.827306137
gdp_per_employed,CAN,Canada,2019,110430.462400771
gdp_per_employed,CAN,Canada,2018,110704.655978461
gdp_per_employed,CAN,Canada,2017,109696.853516876
gdp_per_employed,CAN,Canada,2016,108776.011629586
gdp_per_employed,CAN,Canada,2015,108376.912020257
gdp_per_employed,CAN,Canada,2014,108378.704892694
gdp_per_employed,CAN,Canada,2013,105756.255104241
gdp_per_employed,CAN,Canada,2012,104771.258500082
gdp_per_employed,CAN,Canada,2011,104421.694335739
gdp_per_employed,CAN,Canada,2010,102803.320398814
gdp_per_employed,CAN,Canada,2009,101022.827884885
gdp_per_employed,CAN,Canada,2008,102559.178963516
gdp_per_employed,CAN,Canada,2007,103018.26375008
gdp_per_employed,CAN,Canada,2006,103045.488038609
gdp_per_employed,CAN,Canada,2005,102252.121218911
gdp_per_employed,CAN,Canada,2004,100383.720309186
gdp_per_employed,CAN,Canada,2003,98984.6336901037
gdp_per_employed,CAN,Canada,2002,99619.6102384781
gdp_per_employed,CAN,Canada,2001,99103.3878506846
gdp_per_employed,CAN,Canada,2000,98476.4418876639
gdp_per_employed,CAN,Canada,1999,95982.4625395719
gdp_per_employed,CAN,Canada,1998,93623.6931618729
gdp_per_employed,CAN,Canada,1997,92320.3867729697
gdp_per_employed,CAN,Canada,1996,90444.7582619097
gdp_per_employed,CAN,Canada,1995,89704.6378087043
gdp_per_employed,CAN,Canada,1994,88856.5444946108
gdp_per_employed,CAN,Canada,1993,86790.8455231704
gdp_per_employed,CAN,Canada,1992,84867.0165107193
gdp_per_employed,CAN,Canada,1991,83102.2141255704
gdp_per_employed,CHE,Switzerland,2025,158634.203105367
gdp_per_employed,CHE,Switzerland,2024,156520.582880373
gdp_per_employed,CHE,Switzerland,2023,155211.896002234
gdp_per_employed,CHE,Switzerland,2022,157014.08399453
gdp_per_employed,CHE,Switzerland,2021,152866.933464884
gdp_per_employed,CHE,Switzerland,2020,144209.957441468
gdp_per_employed,CHE,Switzerland,2019,147191.050373081
gdp_per_employed,CHE,Switzerland,2018,146484.608379945
gdp_per_employed,CHE,Switzerland,2017,142920.136534742
gdp_per_employed,CHE,Switzerland,2016,142073.930547761
gdp_per_employed,CHE,Switzerland,2015,141656.686023525
gdp_per_employed,CHE,Switzerland,2014,141764.507946786
gdp_per_employed,CHE,Switzerland,2013,140686.381862556
gdp_per_employed,CHE,Switzerland,2012,139506.794699369
gdp_per_employed,CHE,Switzerland,2011,139596.239299752
gdp_per_employed,CHE,Switzerland,2010,140990.34201626
gdp_per_employed,CHE,Switzerland,2009,134589.957244872
gdp_per_employed,CHE,Switzerland,2008,138312.587824328
gdp_per_employed,CHE,Switzerland,2007,138559.98351986
gdp_per_employed,CHE,Switzerland,2006,135940.182827212
gdp_per_employed,CHE,Switzerland,2005,133082.877705626
gdp_per_employed,CHE,Switzerland,2004,129718.549676165
gdp_per_employed,CHE,Switzerland,2003,126299.707123254
gdp_per_employed,CHE,Switzerland,2002,126520.903918113
gdp_per_employed,CHE,Switzerland,2001,126849.307461152
gdp_per_employed,CHE,Switzerland,2000,127174.788481847
gdp_per_employed,CHE,Switzerland,1999,123255.597501629
gdp_per_employed,CHE,Switzerland,1998,122338.020529809
gdp_per_employed,CHE,Switzerland,1997,121145.402974562
gdp_per_employed,CHE,Switzerland,1996,118266.121576726
gdp_per_employed,CHE,Switzerland,1995,123507.245166014
gdp_per_employed,CHE,Switzerland,1994,120128.906296176
gdp_per_employed,CHE,Switzerland,1993,114395.50390562
gdp_per_employed,CHE,Switzerland,1992,116750.212776965
gdp_per_employed,CHE,Switzerland,1991,118421.924006368
gdp_per_employed,DEU,Germany,2025,125086.345177807
gdp_per_employed,DEU,Germany,2024,123669.324150945
gdp_per_employed,DEU,Germany,2023,123949.005178566
gdp_per_employed,DEU,Germany,2022,125725.542138246
gdp_per_employed,DEU,Germany,2021,124873.256541338
gdp_per_employed,DEU,Germany,2020,120283.600429596
gdp_per_employed,DEU,Germany,2019,122812.78891255
gdp_per_employed,DEU,Germany,2018,122933.390129318
gdp_per_employed,DEU,Germany,2017,122675.463922475
gdp_per_employed,DEU,Germany,2016,120498.989392395
gdp_per_employed,DEU,Germany,2015,119687.830046722
gdp_per_employed,DEU,Germany,2014,118858.135696295
gdp_per_employed,DEU,Germany,2013,117488.157333218
gdp_per_employed,DEU,Germany,2012,118256.041015651
gdp_per_employed,DEU,Germany,2011,119143.913954058
gdp_per_employed,DEU,Germany,2010,115222.610294161
gdp_per_employed,DEU,Germany,2009,111750.681549055
gdp_per_employed,DEU,Germany,2008,117899.54521622
gdp_per_employed,DEU,Germany,2007,118445.344222795
gdp_per_employed,DEU,Germany,2006,117386.643508566
gdp_per_employed,DEU,Germany,2005,115734.753754298
gdp_per_employed,DEU,Germany,2004,116145.83715892
gdp_per_employed,DEU,Germany,2003,113160.314971747
gdp_per_employed,DEU,Germany,2002,112654.123272339
gdp_per_employed,DEU,Germany,2001,112309.925803794
gdp_per_employed,DEU,Germany,2000,110915.70072916
gdp_per_employed,DEU,Germany,1999,108576.55547963
gdp_per_employed,DEU,Germany,1998,107988.433920254
gdp_per_employed,DEU,Germany,1997,105948.624458848
gdp_per_employed,DEU,Germany,1996,103469.791871292
gdp_per_employed,DEU,Germany,1995,101655.535099356
gdp_per_employed,DEU,Germany,1994,100421.98293896
gdp_per_employed,DEU,Germany,1993,97342.4931159422
gdp_per_employed,DEU,Germany,1992,96623.2003265755
gdp_per_employed,DEU,Germany,1991,93524.8646103653
gdp_per_employed,DNK,Denmark,2025,140396.506147097
gdp_per_employed,DNK,Denmark,2024,136875.264824123
gdp_per_employed,DNK,Denmark,2023,135535.43152893
gdp_per_employed,DNK,Denmark,2022,135586.818671405
gdp_per_employed,DNK,Denmark,2021,139015.668698768
gdp_per_employed,DNK,Denmark,2020,133222.19639743
gdp_per_employed,DNK,Denmark,2019,134683.603959107
gdp_per_employed,DNK,Denmark,2018,134405.582271263
gdp_per_employed,DNK,Denmark,2017,133955.657721516
gdp_per_employed,DNK,Denmark,2016,131381.689471592
gdp_per_employed,DNK,Denmark,2015,129772.004340135
gdp_per_employed,DNK,Denmark,2014,129351.923518982
gdp_per_employed,DNK,Denmark,2013,129024.422568685
gdp_per_employed,DNK,Denmark,2012,126804.63070931
gdp_per_employed,DNK,Denmark,2011,126082.226824329
gdp_per_employed,DNK,Denmark,2010,124390.40800293
gdp_per_employed,DNK,Denmark,2009,119833.541085516
gdp_per_employed,DNK,Denmark,2008,122130.190571034
gdp_per_employed,DNK,Denmark,2007,122493.095427824
gdp_per_employed,DNK,Denmark,2006,121322.670025152
gdp_per_employed,DNK,Denmark,2005,119275.049032015
gdp_per_employed,DNK,Denmark,2004,117043.171518797
gdp_per_employed,DNK,Denmark,2003,115053.615441231
gdp_per_employed,DNK,Denmark,2002,113051.308072032
gdp_per_employed,DNK,Denmark,2001,113580.587952245
gdp_per_employed,DNK,Denmark,2000,112486.418591142
gdp_per_employed,DNK,Denmark,1999,108766.766161627
gdp_per_employed,DNK,Denmark,1998,106847.690239678
gdp_per_employed,DNK,Denmark,1997,104305.138488166
gdp_per_employed,DNK,Denmark,1996,103274.627559708
gdp_per_employed,DNK,Denmark,1995,101022.582196189
gdp_per_employed,DNK,Denmark,1994,100580.268772982
gdp_per_employed,DNK,Denmark,1993,95718.3058670963
gdp_per_employed,DNK,Denmark,1992,93338.0785943643
gdp_per_employed,DNK,Denmark,1991,91645.5344802514
gdp_per_employed,ESP,Spain,2025,109693.10393965
gdp_per_employed,ESP,Spain,2024,108590.270486656
gdp_per_employed,ESP,Spain,2023,107873.575596821
gdp_per_employed,ESP,Spain,2022,108027.315744828
gdp_per_employed,ESP,Spain,2021,105480.455434457
gdp_per_employed,ESP,Spain,2020,101656.794523899
gdp_per_employed,ESP,Spain,2019,110743.211960685
gdp_per_employed,ESP,Spain,2018,111147.640456212
gdp_per_employed,ESP,Spain,2017,111039.894016921
gdp_per_employed,ESP,Spain,2016,111018.756501687
gdp_per_employed,ESP,Spain,2015,110847.546671343
gdp_per_employed,ESP,Spain,2014,109657.825872193
gdp_per_employed,ESP,Spain,2013,109378.027702569
gdp_per_employed,ESP,Spain,2012,108128.067268388
gdp_per_employed,ESP,Spain,2011,106564.413562907
gdp_per_employed,ESP,Spain,2010,105496.685589011
gdp_per_employed,ESP,Spain,2009,103355.32638564
gdp_per_employed,ESP,Spain,2008,100427.955307098
gdp_per_employed,ESP,Spain,2007,99084.3001525231
gdp_per_employed,ESP,Spain,2006,98510.0326767351
gdp_per_employed,ESP,Spain,2005,98615.2637782736
gdp_per_employed,ESP,Spain,2004,101033.373963865
gdp_per_employed,ESP,Spain,2003,101594.938099871
gdp_per_employed,ESP,Spain,2002,102541.142113389
gdp_per_employed,ESP,Spain,2001,103432.487933829
gdp_per_employed,ESP,Spain,2000,102839.028457503
gdp_per_employed,ESP,Spain,1999,102587.967300101
gdp_per_employed,ESP,Spain,1998,103950.523303853
gdp_per_employed,ESP,Spain,1997,103736.09201707
gdp_per_employed,ESP,Spain,1996,103963.913287264
gdp_per_employed,ESP,Spain,1995,103689.693797435
gdp_per_employed,ESP,Spain,1994,103737.497354219
gdp_per_employed,ESP,Spain,1993,100713.399301306
gdp_per_employed,ESP,Spain,1992,97632.3135924592
gdp_per_employed,ESP,Spain,1991,96046.8842993591
gdp_per_employed,EST,Estonia,2025,82213.2244053931
gdp_per_employed,EST,Estonia,2024,80727.8081251074
gdp_per_employed,EST,Estonia,2023,79990.1995479705
gdp_per_employed,EST,Estonia,2022,83729.2426240694
gdp_per_employed,EST,Estonia,2021,89259.7903468416
gdp_per_employed,EST,Estonia,2020,83482.5930478753
gdp_per_employed,EST,Estonia,2019,83763.1943090794
gdp_per_employed,EST,Estonia,2018,81319.8468955067
gdp_per_employed,EST,Estonia,2017,79256.9044225147
gdp_per_employed,EST,Estonia,2016,76607.3312146464
gdp_per_employed,EST,Estonia,2015,74817.3604587795
gdp_per_employed,EST,Estonia,2014,75043.6622007311
gdp_per_employed,EST,Estonia,2013,73095.1307062962
gdp_per_employed,EST,Estonia,2012,72577.0875395073
gdp_per_employed,EST,Estonia,2011,71458.8041232453
gdp_per_employed,EST,Estonia,2010,70382.3707927721
gdp_per_employed,EST,Estonia,2009,65609.7531985405
gdp_per_employed,EST,Estonia,2008,69562.135201062
gdp_per_employed,EST,Estonia,2007,73203.4273131357
gdp_per_employed,EST,Estonia,2006,68797.251644782
gdp_per_employed,EST,Estonia,2005,65992.0851535705
gdp_per_employed,EST,Estonia,2004,61348.2791955224
gdp_per_employed,EST,Estonia,2003,58292.2341051158
gdp_per_employed,EST,Estonia,2002,55102.2610406458
gdp_per_employed,EST,Estonia,2001,52409.6807209234
gdp_per_employed,EST,Estonia,2000,48829.0354415869
gdp_per_employed,EST,Estonia,1999,44016.6591590963
gdp_per_employed,EST,Estonia,1998,42857.6254543796
gdp_per_employed,EST,Estonia,1997,40507.0240496292
gdp_per_employed,EST,Estonia,1996,35627.8629466621
gdp_per_employed,EST,Estonia,1995,33200.6988317622
gdp_per_employed,EST,Estonia,1994,30042.6556889577
gdp_per_employed,EST,Estonia,1993,29662.8339704196
gdp_per_employed,EST,Estonia,1992,29202.7167458107
gdp_per_employed,EST,Estonia,1991,34571.8822195069
gdp_per_employed,FIN,Finland,2025,120399.986883398
gdp_per_employed,FIN,Finland,2024,119439.061670625
gdp_per_employed,FIN,Finland,2023,117737.331828836
gdp_per_employed,FIN,Finland,2022,119431.792658216
gdp_per_employed,FIN,Finland,2021,121651.790149241
gdp_per_employed,FIN,Finland,2020,121064.530593063
gdp_per_employed,FIN,Finland,2019,122535.018382253
gdp_per_employed,FIN,Finland,2018,121926.512803932
gdp_per_employed,FIN,Finland,2017,123870.374877457
gdp_per_employed,FIN,Finland,2016,120803.467844865
gdp_per_employed,FIN,Finland,2015,118499.405266495
gdp_per_employed,FIN,Finland,2014,117525.765772897
gdp_per_employed,FIN,Finland,2013,117255.673169734
gdp_per_employed,FIN,Finland,2012,117397.218120769
gdp_per_employed,FIN,Finland,2011,119496.929633524
gdp_per_employed,FIN,Finland,2010,118343.767133862
gdp_per_employed,FIN,Finland,2009,113925.62975309
gdp_per_employed,FIN,Finland,2008,120158.208944671
gdp_per_employed,FIN,Finland,2007,121253.874485691
gdp_per_employed,FIN,Finland,2006,116343.726492944
gdp_per_employed,FIN,Finland,2005,113493.503526491
gdp_per_employed,FIN,Finland,2004,112653.364780771
gdp_per_employed,FIN,Finland,2003,108479.304504697
gdp_per_employed,FIN,Finland,2002,106726.840641899
gdp_per_employed,FIN,Finland,2001,105601.475648997
gdp_per_employed,FIN,Finland,2000,105161.538093163
gdp_per_employed,FIN,Finland,1999,101060.172605787
gdp_per_employed,FIN,Finland,1998,100485.083419304
gdp_per_employed,FIN,Finland,1997,97869.5204719006
gdp_per_employed,FIN,Finland,1996,94472.6805590121
gdp_per_employed,FIN,Finland,1995,92374.4039327353
gdp_per_employed,FIN,Finland,1994,87247.9084933463
gdp_per_employed,FIN,Finland,1993,83052.6347709607
gdp_per_employed,FIN,Finland,1992,78746.2674522968
gdp_per_employed,FIN,Finland,1991,75870.7094704908
gdp_per_employed,FRA,France,2025,128587.127837241
gdp_per_employed,FRA,France,2024,127331.963264779
gdp_per_employed,FRA,France,2023,125877.393888068
gdp_per_employed,FRA,France,2022,124988.856698658
gdp_per_employed,FRA,France,2021,123998.870932207
gdp_per_employed,FRA,France,2020,119633.985563165
gdp_per_employed,FRA,France,2019,128928.445413505
gdp_per_employed,FRA,France,2018,127060.863354141
gdp_per_employed,FRA,France,2017,126319.192445818
gdp_per_employed,FRA,France,2016,124907.32987333
gdp_per_employed,FRA,France,2015,124330.364039763
gdp_per_employed,FRA,France,2014,123181.733488365
gdp_per_employed,FRA,France,2013,121102.542388199
gdp_per_employed,FRA,France,2012,120917.696040329
gdp_per_employed,FRA,France,2011,120919.272904966
gdp_per_employed,FRA,France,2010,118246.591713229
gdp_per_employed,FRA,France,2009,116073.22490969
gdp_per_employed,FRA,France,2008,118113.340267968
gdp_per_employed,FRA,France,2007,119244.035824042
gdp_per_employed,FRA,France,2006,118414.913863891
gdp_per_employed,FRA,France,2005,116068.699855343
gdp_per_employed,FRA,France,2004,115221.089981375
gdp_per_employed,FRA,France,2003,111944.494702587
gdp_per_employed,FRA,France,2002,113477.058780925
gdp_per_employed,FRA,France,2001,113668.312593653
gdp_per_employed,FRA,France,2000,114079.539458326
gdp_per_employed,FRA,France,1999,112443.256907393
gdp_per_employed,FRA,France,1998,110118.75734761
gdp_per_employed,FRA,France,1997,107767.786904362
gdp_per_employed,FRA,France,1996,104743.827813621
gdp_per_employed,FRA,France,1995,103861.106716702
gdp_per_employed,FRA,France,1994,102997.280896988
gdp_per_employed,FRA,France,1993,99504.0511789286
gdp_per_employed,FRA,France,1992,99254.2174946185
gdp_per_employed,FRA,France,1991,97447.8749877421
gdp_per_employed,GBR,United Kingdom,2025,111234.498959095
gdp_per_employed,GBR,United Kingdom,2024,109554.239227626
gdp_per_employed,GBR,United Kingdom,2023,109037.687136597
gdp_per_employed,GBR,United Kingdom,2022,110004.020626255
gdp_per_employed,GBR,United Kingdom,2021,107011.545302469
gdp_per_employed,GBR,United Kingdom,2020,97746.3728201945
gdp_per_employed,GBR,United Kingdom,2019,107910.751056947
gdp_per_employed,GBR,United Kingdom,2018,107715.864286127
gdp_per_employed,GBR,United Kingdom,2017,107300.065208559
gdp_per_employed,GBR,United Kingdom,2016,105086.455806834
gdp_per_employed,GBR,United Kingdom,2015,104520.205920317
gdp_per_employed,GBR,United Kingdom,2014,104141.843210239
gdp_per_employed,GBR,United Kingdom,2013,103364.077068336
gdp_per_employed,GBR,United Kingdom,2012,102871.424729023
gdp_per_employed,GBR,United Kingdom,2011,102278.97721951
gdp_per_employed,GBR,United Kingdom,2010,101942.646412232
gdp_per_employed,GBR,United Kingdom,2009,99881.8787677923
gdp_per_employed,GBR,United Kingdom,2008,103042.448890441
gdp_per_employed,GBR,United Kingdom,2007,104019.470066172
gdp_per_employed,GBR,United Kingdom,2006,101824.698054627
gdp_per_employed,GBR,United Kingdom,2005,100651.743918469
gdp_per_employed,GBR,United Kingdom,2004,98890.8876200514
gdp_per_employed,GBR,United Kingdom,2003,97583.3954504872
gdp_per_employed,GBR,United Kingdom,2002,95474.8815670268
gdp_per_employed,GBR,United Kingdom,2001,94592.2972710626
gdp_per_employed,GBR,United Kingdom,2000,93310.7687107675
gdp_per_employed,GBR,United Kingdom,1999,90656.877236153
gdp_per_employed,GBR,United Kingdom,1998,89106.6572011694
gdp_per_employed,GBR,United Kingdom,1997,87315.7840861165
gdp_per_employed,GBR,United Kingdom,1996,84783.0454672139
gdp_per_employed,GBR,United Kingdom,1995,83471.6220541523
gdp_per_employed,GBR,United Kingdom,1994,81482.7066053456
gdp_per_employed,GBR,United Kingdom,1993,78161.698363803
gdp_per_employed,GBR,United Kingdom,1992,74505.2460618598
gdp_per_employed,GBR,United Kingdom,1991,72121.5768659814
gdp_per_employed,ISL,Iceland,2025,114279.102976934
gdp_per_employed,ISL,Iceland,2024,114521.51657129
gdp_per_employed,ISL,Iceland,2023,117212.058061812
gdp_per_employed,ISL,Iceland,2022,113855.745649003
gdp_per_employed,ISL,Iceland,2021,111724.100042822
gdp_per_employed,ISL,Iceland,2020,107276.925178962
gdp_per_employed,ISL,Iceland,2019,111367.562017606
gdp_per_employed,ISL,Iceland,2018,111643.636181554
gdp_per_employed,ISL,Iceland,2017,108812.653170202
gdp_per_employed,ISL,Iceland,2016,107621.581654987
gdp_per_employed,ISL,Iceland,2015,105210.347701392
gdp_per_employed,ISL,Iceland,2014,104735.960309404
gdp_per_employed,ISL,Iceland,2013,106134.134311407
gdp_per_employed,ISL,Iceland,2012,105126.787077828
gdp_per_employed,ISL,Iceland,2011,105923.241558316
gdp_per_employed,ISL,Iceland,2010,104832.86466351
gdp_per_employed,ISL,Iceland,2009,106416.293223701
gdp_per_employed,ISL,Iceland,2008,109019.894329821
gdp_per_employed,ISL,Iceland,2007,107679.588234083
gdp_per_employed,ISL,Iceland,2006,103093.429792449
gdp_per_employed,ISL,Iceland,2005,101794.187059823
gdp_per_employed,ISL,Iceland,2004,97899.8642004791
gdp_per_employed,ISL,Iceland,2003,90997.1756729115
gdp_per_employed,ISL,Iceland,2002,89523.2715441008
gdp_per_employed,ISL,Iceland,2001,87788.511151791
gdp_per_employed,ISL,Iceland,2000,85749.0118999496
gdp_per_employed,ISL,Iceland,1999,84933.3635351506
gdp_per_employed,ISL,Iceland,1998,85121.1627720752
gdp_per_employed,ISL,Iceland,1997,82868.9462971483
gdp_per_employed,ISL,Iceland,1996,79492.2980176767
gdp_per_employed,ISL,Iceland,1995,76736.5847265864
gdp_per_employed,ISL,Iceland,1994,80102.3672085997
gdp_per_employed,ISL,Iceland,1993,78352.9702949725
gdp_per_employed,ISL,Iceland,1992,76953.8633964507
gdp_per_employed,ISL,Iceland,1991,79767.8206077839
gdp_per_employed,ISR,Israel,2025,104694.935795989
gdp_per_employed,ISR,Israel,2024,103392.533937885
gdp_per_employed,ISR,Israel,2023,104765.310119311
gdp_per_employed,ISR,Israel,2022,106933.210194561
gdp_per_employed,ISR,Israel,2021,106265.957071624
gdp_per_employed,ISR,Israel,2020,98166.22145384
gdp_per_employed,ISR,Israel,2019,98930.2179058941
gdp_per_employed,ISR,Israel,2018,96997.4041628571
gdp_per_employed,ISR,Israel,2017,95227.5902433789
gdp_per_employed,ISR,Israel,2016,93418.1280814176
gdp_per_employed,ISR,Israel,2015,91676.608936646
gdp_per_employed,ISR,Israel,2014,91934.9436639188
gdp_per_employed,ISR,Israel,2013,91361.7907847779
gdp_per_employed,ISR,Israel,2012,89754.0123972354
gdp_per_employed,ISR,Israel,2011,92703.854376527
gdp_per_employed,ISR,Israel,2010,90376.2913308271
gdp_per_employed,ISR,Israel,2009,88636.0846273163
gdp_per_employed,ISR,Israel,2008,87934.5348832829
gdp_per_employed,ISR,Israel,2007,88367.5040568659
gdp_per_employed,ISR,Israel,2006,86640.6753754663
gdp_per_employed,ISR,Israel,2005,84732.9737910155
gdp_per_employed,ISR,Israel,2004,84886.8176818265
gdp_per_employed,ISR,Israel,2003,83718.9423291112
gdp_per_employed,ISR,Israel,2002,83944.8166005428
gdp_per_employed,ISR,Israel,2001,83822.0257818193
gdp_per_employed,ISR,Israel,2000,85102.3950258434
gdp_per_employed,ISR,Israel,1999,81576.2271905648
gdp_per_employed,ISR,Israel,1998,81330.331333447
gdp_per_employed,ISR,Israel,1997,78556.7874138841
gdp_per_employed,ISR,Israel,1996,76397.4834544339
gdp_per_employed,ISR,Israel,1995,73843.2632412362
gdp_per_employed,ISR,Israel,1994,72804.5859033171
gdp_per_employed,ISR,Israel,1993,72997.0490279336
gdp_per_employed,ISR,Israel,1992,75128.0411841457
gdp_per_employed,ISR,Israel,1991,72582.8317199052
gdp_per_employed,ITA,Italy,2025,131480.575156627
gdp_per_employed,ITA,Italy,2024,130436.708912725
gdp_per_employed,ITA,Italy,2023,130749.014313351
gdp_per_employed,ITA,Italy,2022,132513.138774295
gdp_per_employed,ITA,Italy,2021,130053.456175498
gdp_per_employed,ITA,Italy,2020,119219.509149299
gdp_per_employed,ITA,Italy,2019,127844.962730741
gdp_per_employed,ITA,Italy,2018,128115.583688426
gdp_per_employed,ITA,Italy,2017,128328.067500085
gdp_per_employed,ITA,Italy,2016,127855.903439134
gdp_per_employed,ITA,Italy,2015,127989.523015079
gdp_per_employed,ITA,Italy,2014,127704.332531807
gdp_per_employed,ITA,Italy,2013,127703.119582524
gdp_per_employed,ITA,Italy,2012,127403.878180522
gdp_per_employed,ITA,Italy,2011,131113.625450201
gdp_per_employed,ITA,Italy,2010,130400.840172424
gdp_per_employed,ITA,Italy,2009,127384.927121217
gdp_per_employed,ITA,Italy,2008,132053.366724573
gdp_per_employed,ITA,Italy,2007,134494.832108608
gdp_per_employed,ITA,Italy,2006,133599.823357692
gdp_per_employed,ITA,Italy,2005,133079.562274572
gdp_per_employed,ITA,Italy,2004,131557.776852993
gdp_per_employed,ITA,Italy,2003,134507.141386962
gdp_per_employed,ITA,Italy,2002,136760.136332236
gdp_per_employed,ITA,Italy,2001,138281.531746285
gdp_per_employed,ITA,Italy,2000,137760.013534422
gdp_per_employed,ITA,Italy,1999,134044.734688578
gdp_per_employed,ITA,Italy,1998,133217.63946026
gdp_per_employed,ITA,Italy,1997,131544.341349698
gdp_per_employed,ITA,Italy,1996,129167.047375735
gdp_per_employed,ITA,Italy,1995,128417.199705904
gdp_per_employed,ITA,Italy,1994,123263.841556152
gdp_per_employed,ITA,Italy,1993,118028.437141828
gdp_per_employed,ITA,Italy,1992,116924.617528551
gdp_per_employed,ITA,Italy,1991,113547.427049917
gdp_per_employed,JPN,Japan,2025,87888.272953476
gdp_per_employed,JPN,Japan,2024,86865.5866268669
gdp_per_employed,JPN,Japan,2023,87546.4872756228
gdp_per_employed,JPN,Japan,2022,87268.6309096929
gdp_per_employed,JPN,Japan,2021,86719.9475102575
gdp_per_employed,JPN,Japan,2020,83657.855836864
gdp_per_employed,JPN,Japan,2019,86795.2728642712
gdp_per_employed,JPN,Japan,2018,87964.7690820667
gdp_per_employed,JPN,Japan,2017,89014.6724930407
gdp_per_employed,JPN,Japan,2016,88588.3724043036
gdp_per_employed,JPN,Japan,2015,88998.1001873436
gdp_per_employed,JPN,Japan,2014,87727.1296226017
gdp_per_employed,JPN,Japan,2013,87640.8295871417
gdp_per_employed,JPN,Japan,2012,86534.2000660858
gdp_per_employed,JPN,Japan,2011,84916.1426567803
gdp_per_employed,JPN,Japan,2010,85030.0471450201
gdp_per_employed,JPN,Japan,2009,81329.4499483417
gdp_per_employed,JPN,Japan,2008,85151.3670061626
gdp_per_employed,JPN,Japan,2007,85815.2063177684
gdp_per_employed,JPN,Japan,2006,84756.1639921984
gdp_per_employed,JPN,Japan,2005,83830.0698411506
gdp_per_employed,JPN,Japan,2004,82648.2209238543
gdp_per_employed,JPN,Japan,2003,81042.4908114099
gdp_per_employed,JPN,Japan,2002,79729.9342659718
gdp_per_employed,JPN,Japan,2001,78696.0929236892
gdp_per_employed,JPN,Japan,2000,78020.5703247232
gdp_per_employed,JPN,Japan,1999,75523.545493033
gdp_per_employed,JPN,Japan,1998,75082.9363897638
gdp_per_employed,JPN,Japan,1997,75895.8956054712
gdp_per_employed,JPN,Japan,1996,75519.4351513307
gdp_per_employed,JPN,Japan,1995,73602.0226123427
gdp_per_employed,JPN,Japan,1994,71977.9788382774
gdp_per_employed,JPN,Japan,1993,71337.0697752013
gdp_per_employed,JPN,Japan,1992,71864.4029487932
gdp_per_employed,JPN,Japan,1991,72128.7245661587
gdp_per_employed,KOR,"Korea, Rep.",2025,99045.9987724777
gdp_per_employed,KOR,"Korea, Rep.",2024,98258.5741422485
gdp_per_employed,KOR,"Korea, Rep.",2023,97026.6007247124
gdp_per_employed,KOR,"Korea, Rep.",2022,96960.0305578976
gdp_per_employed,KOR,"Korea, Rep.",2021,97284.8428897318
gdp_per_employed,KOR,"Korea, Rep.",2020,93905.8652726407
gdp_per_employed,KOR,"Korea, Rep.",2019,93750.5460589006
gdp_per_employed,KOR,"Korea, Rep.",2018,92692.6222352801
gdp_per_employed,KOR,"Korea, Rep.",2017,90163.5046416164
gdp_per_employed,KOR,"Korea, Rep.",2016,88154.2542653821
gdp_per_employed,KOR,"Korea, Rep.",2015,86160.4465540407
gdp_per_employed,KOR,"Korea, Rep.",2014,84589.8305306042
gdp_per_employed,KOR,"Korea, Rep.",2013,84089.4847842006
gdp_per_employed,KOR,"Korea, Rep.",2012,82709.1064199138
gdp_per_employed,KOR,"Korea, Rep.",2011,82206.9322488938
gdp_per_employed,KOR,"Korea, Rep.",2010,81146.2680327721
gdp_per_employed,KOR,"Korea, Rep.",2009,76906.3217081867
gdp_per_employed,KOR,"Korea, Rep.",2008,76144.1719171651
gdp_per_employed,KOR,"Korea, Rep.",2007,74452.2643040518
gdp_per_employed,KOR,"Korea, Rep.",2006,71215.7179912572
gdp_per_employed,KOR,"Korea, Rep.",2005,68541.3421461482
gdp_per_employed,KOR,"Korea, Rep.",2004,65896.0255172525
gdp_per_employed,KOR,"Korea, Rep.",2003,63891.9158959107
gdp_per_employed,KOR,"Korea, Rep.",2002,61870.66863541
gdp_per_employed,KOR,"Korea, Rep.",2001,58844.0810452867
gdp_per_employed,KOR,"Korea, Rep.",2000,57329.615825664
gdp_per_employed,KOR,"Korea, Rep.",1999,54909.9271148399
gdp_per_employed,KOR,"Korea, Rep.",1998,50063.6118199093
gdp_per_employed,KOR,"Korea, Rep.",1997,49477.7154305634
gdp_per_employed,KOR,"Korea, Rep.",1996,47316.3042890432
gdp_per_employed,KOR,"Korea, Rep.",1995,44736.8515990235
gdp_per_employed,KOR,"Korea, Rep.",1994,41891.5025413435
gdp_per_employed,KOR,"Korea, Rep.",1993,39566.2902342099
gdp_per_employed,KOR,"Korea, Rep.",1992,37461.8547486957
gdp_per_employed,KOR,"Korea, Rep.",1991,35977.9382182175
gdp_per_employed,LUX,Luxembourg,2025,262553.819638686
gdp_per_employed,LUX,Luxembourg,2024,263863.912911061
gdp_per_employed,LUX,Luxembourg,2023,264776.517887292
gdp_per_employed,LUX,Luxembourg,2022,271034.17186228
gdp_per_employed,LUX,Luxembourg,2021,280240.207430893
gdp_per_employed,LUX,Luxembourg,2020,275813.636689559
gdp_per_employed,LUX,Luxembourg,2019,278812.238877773
gdp_per_employed,LUX,Luxembourg,2018,280476.761881628
gdp_per_employed,LUX,Luxembourg,2017,284157.533322052
gdp_per_employed,LUX,Luxembourg,2016,289658.487858975
gdp_per_employed,LUX,Luxembourg,2015,279422.498449427
gdp_per_employed,LUX,Luxembourg,2014,282334.4892986
gdp_per_employed,LUX,Luxembourg,2013,284411.101981563
gdp_per_employed,LUX,Luxembourg,2012,281184.76785921
gdp_per_employed,LUX,Luxembourg,2011,291203.630476053
gdp_per_employed,LUX,Luxembourg,2010,292715.153536259
gdp_per_employed,LUX,Luxembourg,2009,288244.449682648
gdp_per_employed,LUX,Luxembourg,2008,316066.792177077
gdp_per_employed,LUX,Luxembourg,2007,320335.617919495
gdp_per_employed,LUX,Luxembourg,2006,303820.988272191
gdp_per_employed,LUX,Luxembourg,2005,291037.116403512
gdp_per_employed,LUX,Luxembourg,2004,294586.509248271
gdp_per_employed,LUX,Luxembourg,2003,287315.441645976
gdp_per_employed,LUX,Luxembourg,2002,277154.251277468
gdp_per_employed,LUX,Luxembourg,2001,274633.827875026
gdp_per_employed,LUX,Luxembourg,2000,269960.900304124
gdp_per_employed,LUX,Luxembourg,1999,261555.20722906
gdp_per_employed,LUX,Luxembourg,1998,249665.178188915
gdp_per_employed,LUX,Luxembourg,1997,236859.071464566
gdp_per_employed,LUX,Luxembourg,1996,230239.653560208
gdp_per_employed,LUX,Luxembourg,1995,231783.697326581
gdp_per_employed,LUX,Luxembourg,1994,224319.03598074
gdp_per_employed,LUX,Luxembourg,1993,215438.924082777
gdp_per_employed,LUX,Luxembourg,1992,205709.406588161
gdp_per_employed,LUX,Luxembourg,1991,206881.668399324
gdp_per_employed,NLD,Netherlands,2025,129804.614832068
gdp_per_employed,NLD,Netherlands,2024,127696.073905145
gdp_per_employed,NLD,Netherlands,2023,126676.190572032
gdp_per_employed,NLD,Netherlands,2022,129912.374901044
gdp_per_employed,NLD,Netherlands,2021,127311.810597457
gdp_per_employed,NLD,Netherlands,2020,120103.675317655
gdp_per_employed,NLD,Netherlands,2019,125011.34913652
gdp_per_employed,NLD,Netherlands,2018,124493.721340272
gdp_per_employed,NLD,Netherlands,2017,124543.90059056
gdp_per_employed,NLD,Netherlands,2016,123421.740591004
gdp_per_employed,NLD,Netherlands,2015,122254.529474098
gdp_per_employed,NLD,Netherlands,2014,121848.5730742
gdp_per_employed,NLD,Netherlands,2013,119390.267703668
gdp_per_employed,NLD,Netherlands,2012,118176.155294266
gdp_per_employed,NLD,Netherlands,2011,119658.0577337
gdp_per_employed,NLD,Netherlands,2010,118134.588633037
gdp_per_employed,NLD,Netherlands,2009,116072.004416561
gdp_per_employed,NLD,Netherlands,2008,119890.409367927
gdp_per_employed,NLD,Netherlands,2007,118722.279040166
gdp_per_employed,NLD,Netherlands,2006,115850.526516224
gdp_per_employed,NLD,Netherlands,2005,113306.54897733
gdp_per_employed,NLD,Netherlands,2004,109722.533511434
gdp_per_employed,NLD,Netherlands,2003,106461.6021187
gdp_per_employed,NLD,Netherlands,2002,105463.337512986
gdp_per_employed,NLD,Netherlands,2001,105320.306762621
gdp_per_employed,NLD,Netherlands,2000,104553.686112548
gdp_per_employed,NLD,Netherlands,1999,102312.88630793
gdp_per_employed,NLD,Netherlands,1998,99120.3560610131
gdp_per_employed,NLD,Netherlands,1997,96632.3747687707
gdp_per_employed,NLD,Netherlands,1996,94290.4756537696
gdp_per_employed,NLD,Netherlands,1995,92506.3808292053
gdp_per_employed,NLD,Netherlands,1994,90125.025019087
gdp_per_employed,NLD,Netherlands,1993,87208.4682169225
gdp_per_employed,NLD,Netherlands,1992,86082.1270514491
gdp_per_employed,NLD,Netherlands,1991,87055.389037307
gdp_per_employed,NOR,Norway,2025,180933.398861245
gdp_per_employed,NOR,Norway,2024,178977.6844618
gdp_per_employed,NOR,Norway,2023,177742.490834939
gdp_per_employed,NOR,Norway,2022,179054.196007607
gdp_per_employed,NOR,Norway,2021,176824.554282653
gdp_per_employed,NOR,Norway,2020,171281.906225423
gdp_per_employed,NOR,Norway,2019,173127.524255702
gdp_per_employed,NOR,Norway,2018,172472.09951425
gdp_per_employed,NOR,Norway,2017,173312.928695438
gdp_per_employed,NOR,Norway,2016,169886.356183362
gdp_per_employed,NOR,Norway,2015,167828.619423368
gdp_per_employed,NOR,Norway,2014,165040.903108957
gdp_per_employed,NOR,Norway,2013,162743.79070543
gdp_per_employed,NOR,Norway,2012,162144.38536624
gdp_per_employed,NOR,Norway,2011,160093.087765578
gdp_per_employed,NOR,Norway,2010,160425.1154213
gdp_per_employed,NOR,Norway,2009,158753.877024508
gdp_per_employed,NOR,Norway,2008,161742.597810074
gdp_per_employed,NOR,Norway,2007,162747.661841399
gdp_per_employed,NOR,Norway,2006,161464.762876057
gdp_per_employed,NOR,Norway,2005,160900.909089597
gdp_per_employed,NOR,Norway,2004,158099.632327063
gdp_per_employed,NOR,Norway,2003,153182.32692419
gdp_per_employed,NOR,Norway,2002,152428.435865138
gdp_per_employed,NOR,Norway,2001,151101.724220352
gdp_per_employed,NOR,Norway,2000,148864.394624701
gdp_per_employed,NOR,Norway,1999,145212.048172286
gdp_per_employed,NOR,Norway,1998,144575.745624533
gdp_per_employed,NOR,Norway,1997,144148.783456985
gdp_per_employed,NOR,Norway,1996,139765.100777383
gdp_per_employed,NOR,Norway,1995,136882.929281777
gdp_per_employed,NOR,Norway,1994,131810.593306653
gdp_per_employed,NOR,Norway,1993,127965.18649255
gdp_per_employed,NOR,Norway,1992,125807.675869187
gdp_per_employed,NOR,Norway,1991,122190.5718459
gdp_per_employed,NZL,New Zealand,2025,87948.0746198494
gdp_per_employed,NZL,New Zealand,2024,87799.4501986424
gdp_per_employed,NZL,New Zealand,2023,88266.4157788475
gdp_per_employed,NZL,New Zealand,2022,89318.2216352453
gdp_per_employed,NZL,New Zealand,2021,87700.5663812161
gdp_per_employed,NZL,New Zealand,2020,85827.3511554406
gdp_per_employed,NZL,New Zealand,2019,87127.7404064427
gdp_per_employed,NZL,New Zealand,2018,86313.2657307382
gdp_per_employed,NZL,New Zealand,2017,85586.9925241352
gdp_per_employed,NZL,New Zealand,2016,86288.2180199605
gdp_per_employed,NZL,New Zealand,2015,87001.6204583926
gdp_per_employed,NZL,New Zealand,2014,86032.2550274848
gdp_per_employed,NZL,New Zealand,2013,86037.606445465
gdp_per_employed,NZL,New Zealand,2012,85436.81312555
gdp_per_employed,NZL,New Zealand,2011,83401.0997096121
gdp_per_employed,NZL,New Zealand,2010,82881.7626699442
gdp_per_employed,NZL,New Zealand,2009,82044.0484918372
gdp_per_employed,NZL,New Zealand,2008,81025.521366533
gdp_per_employed,NZL,New Zealand,2007,82173.4515866033
gdp_per_employed,NZL,New Zealand,2006,81124.470638926
gdp_per_employed,NZL,New Zealand,2005,80782.3703621662
gdp_per_employed,NZL,New Zealand,2004,80428.790450804
gdp_per_employed,NZL,New Zealand,2003,80032.6845182317
gdp_per_employed,NZL,New Zealand,2002,78393.2384680014
gdp_per_employed,NZL,New Zealand,2001,77346.5274023731
gdp_per_employed,NZL,New Zealand,2000,76632.8630485552
gdp_per_employed,NZL,New Zealand,1999,75894.5849480811
gdp_per_employed,NZL,New Zealand,1998,73107.6642695472
gdp_per_employed,NZL,New Zealand,1997,72023.6011111629
gdp_per_employed,NZL,New Zealand,1996,70926.5503339986
gdp_per_employed,NZL,New Zealand,1995,70627.3997818252
gdp_per_employed,NZL,New Zealand,1994,70548.6896588548
gdp_per_employed,NZL,New Zealand,1993,70003.530655562
gdp_per_employed,NZL,New Zealand,1992,67117.9251678247
gdp_per_employed,NZL,New Zealand,1991,66623.8015400856
gdp_per_employed,POL,Poland,2025,96960.1448923207
gdp_per_employed,POL,Poland,2024,92967.9960366791
gdp_per_employed,POL,Poland,2023,89294.8252387858
gdp_per_employed,POL,Poland,2022,89476.1177076586
gdp_per_employed,POL,Poland,2021,85539.6948432308
gdp_per_employed,POL,Poland,2020,80578.3413437777
gdp_per_employed,POL,Poland,2019,81204.2075383073
gdp_per_employed,POL,Poland,2018,77897.1969973766
gdp_per_employed,POL,Poland,2017,73986.8083913758
gdp_per_employed,POL,Poland,2016,71582.22163785
gdp_per_employed,POL,Poland,2015,70702.5607447597
gdp_per_employed,POL,Poland,2014,68766.2633716844
gdp_per_employed,POL,Poland,2013,67516.2439244114
gdp_per_employed,POL,Poland,2012,66809.4336460561
gdp_per_employed,POL,Poland,2011,65929.9090633863
gdp_per_employed,POL,Poland,2010,62865.1664546053
gdp_per_employed,POL,Poland,2009,60842.5499466122
gdp_per_employed,POL,Poland,2008,59563.5032376311
gdp_per_employed,POL,Poland,2007,59435.2065975608
gdp_per_employed,POL,Poland,2006,58433.4764238152
gdp_per_employed,POL,Poland,2005,57192.2589003098
gdp_per_employed,POL,Poland,2004,56743.3639319615
gdp_per_employed,POL,Poland,2003,54692.7547932481
gdp_per_employed,POL,Poland,2002,52969.2937433071
gdp_per_employed,POL,Poland,2001,50438.8986184953
gdp_per_employed,POL,Poland,2000,48825.7676697293
gdp_per_employed,POL,Poland,1999,44666.7163170067
gdp_per_employed,POL,Poland,1998,41471.0092922128
gdp_per_employed,POL,Poland,1997,40148.5298295655
gdp_per_employed,POL,Poland,1996,38243.2461192877
gdp_per_employed,POL,Poland,1995,36400.4128739968
gdp_per_employed,POL,Poland,1994,33853.1963841561
gdp_per_employed,POL,Poland,1993,31894.8999558973
gdp_per_employed,POL,Poland,1992,30412.4379444538
gdp_per_employed,POL,Poland,1991,29749.7957066037
gdp_per_employed,PRT,Portugal,2025,89377.2041382716
gdp_per_employed,PRT,Portugal,2024,88623.7799482009
gdp_per_employed,PRT,Portugal,2023,87581.5103521916
gdp_per_employed,PRT,Portugal,2022,87040.6167600592
gdp_per_employed,PRT,Portugal,2021,83953.0055477798
gdp_per_employed,PRT,Portugal,2020,79272.1319271801
gdp_per_employed,PRT,Portugal,2019,84215.313513333
gdp_per_employed,PRT,Portugal,2018,82674.52615381
gdp_per_employed,PRT,Portugal,2017,82138.0796484355
gdp_per_employed,PRT,Portugal,2016,82073.6895284281
gdp_per_employed,PRT,Portugal,2015,81450.8215966189
gdp_per_employed,PRT,Portugal,2014,81148.0658286813
gdp_per_employed,PRT,Portugal,2013,81914.1898200327
gdp_per_employed,PRT,Portugal,2012,80545.8821600403
gdp_per_employed,PRT,Portugal,2011,80567.9152871318
gdp_per_employed,PRT,Portugal,2010,79245.9384906755
gdp_per_employed,PRT,Portugal,2009,76803.2203516978
gdp_per_employed,PRT,Portugal,2008,76993.5199596813
gdp_per_employed,PRT,Portugal,2007,77119.8040997496
gdp_per_employed,PRT,Portugal,2006,75420.1837494294
gdp_per_employed,PRT,Portugal,2005,74646.7247268214
gdp_per_employed,PRT,Portugal,2004,73685.9726297573
gdp_per_employed,PRT,Portugal,2003,71925.2855912475
gdp_per_employed,PRT,Portugal,2002,71636.9489904735
gdp_per_employed,PRT,Portugal,2001,71698.8491913129
gdp_per_employed,PRT,Portugal,2000,71716.9844417595
gdp_per_employed,PRT,Portugal,1999,70486.6949017992
gdp_per_employed,PRT,Portugal,1998,68521.3425357606
gdp_per_employed,PRT,Portugal,1997,68904.329543944
gdp_per_employed,PRT,Portugal,1996,67810.4801326142
gdp_per_employed,PRT,Portugal,1995,66161.1372039339
gdp_per_employed,PRT,Portugal,1994,63477.3839390202
gdp_per_employed,PRT,Portugal,1993,62372.6477737947
gdp_per_employed,PRT,Portugal,1992,62818.2529932391
gdp_per_employed,PRT,Portugal,1991,60478.0484467253
gdp_per_employed,SGP,Singapore,2025,233454.414823053
gdp_per_employed,SGP,Singapore,2024,226351.971278115
gdp_per_employed,SGP,Singapore,2023,220446.369323618
gdp_per_employed,SGP,Singapore,2022,227908.380077652
gdp_per_employed,SGP,Singapore,2021,226321.530946985
gdp_per_employed,SGP,Singapore,2020,201622.573929527
gdp_per_employed,SGP,Singapore,2019,205644.674663117
gdp_per_employed,SGP,Singapore,2018,208218.849329945
gdp_per_employed,SGP,Singapore,2017,203131.771320104
gdp_per_employed,SGP,Singapore,2016,194001.687522818
gdp_per_employed,SGP,Singapore,2015,188139.292182386
gdp_per_employed,SGP,Singapore,2014,187829.195163909
gdp_per_employed,SGP,Singapore,2013,185929.251019997
gdp_per_employed,SGP,Singapore,2012,180162.136890054
gdp_per_employed,SGP,Singapore,2011,179314.8715033
gdp_per_employed,SGP,Singapore,2010,173585.460873449
gdp_per_employed,SGP,Singapore,2009,159805.531598149
gdp_per_employed,SGP,Singapore,2008,162146.209253484
gdp_per_employed,SGP,Singapore,2007,172112.710836812
gdp_per_employed,SGP,Singapore,2006,165626.6558626
gdp_per_employed,SGP,Singapore,2005,162036.908665786
gdp_per_employed,SGP,Singapore,2004,157517.236003595
gdp_per_employed,SGP,Singapore,2003,145709.33591531
gdp_per_employed,SGP,Singapore,2002,137417.486768851
gdp_per_employed,SGP,Singapore,2001,129331.804950309
gdp_per_employed,SGP,Singapore,2000,134792.179667078
gdp_per_employed,SGP,Singapore,1999,127867.652370553
gdp_per_employed,SGP,Singapore,1998,120566.604620688
gdp_per_employed,SGP,Singapore,1997,127695.242529564
gdp_per_employed,SGP,Singapore,1996,124924.719261218
gdp_per_employed,SGP,Singapore,1995,122413.097807503
gdp_per_employed,SGP,Singapore,1994,119285.170344838
gdp_per_employed,SGP,Singapore,1993,112012.934677221
gdp_per_employed,SGP,Singapore,1992,103816.825890508
gdp_per_employed,SGP,Singapore,1991,100323.078449021
gdp_per_employed,SWE,Sweden,2025,128980.314983461
gdp_per_employed,SWE,Sweden,2024,127084.659688027
gdp_per_employed,SWE,Sweden,2023,125143.49408177
gdp_per_employed,SWE,Sweden,2022,126821.495586221
gdp_per_employed,SWE,Sweden,2021,129037.123728179
gdp_per_employed,SWE,Sweden,2020,122849.572984249
gdp_per_employed,SWE,Sweden,2019,123440.205383722
gdp_per_employed,SWE,Sweden,2018,121051.767141863
gdp_per_employed,SWE,Sweden,2017,120872.957604706
gdp_per_employed,SWE,Sweden,2016,120967.049346379
gdp_per_employed,SWE,Sweden,2015,120542.677073658
gdp_per_employed,SWE,Sweden,2014,117149.280792879
gdp_per_employed,SWE,Sweden,2013,115595.943735925
gdp_per_employed,SWE,Sweden,2012,115514.540704049
gdp_per_employed,SWE,Sweden,2011,116458.33399278
gdp_per_employed,SWE,Sweden,2010,115271.128109236
gdp_per_employed,SWE,Sweden,2009,109370.416252891
gdp_per_employed,SWE,Sweden,2008,111851.747214179
gdp_per_employed,SWE,Sweden,2007,114212.039802497
gdp_per_employed,SWE,Sweden,2006,113519.271497699
gdp_per_employed,SWE,Sweden,2005,110492.71719812
gdp_per_employed,SWE,Sweden,2004,108409.99539502
gdp_per_employed,SWE,Sweden,2003,103119.437653239
gdp_per_employed,SWE,Sweden,2002,101172.377479844
gdp_per_employed,SWE,Sweden,2001,99139.2418304109
gdp_per_employed,SWE,Sweden,2000,100136.570905304
gdp_per_employed,SWE,Sweden,1999,97289.0769811106
gdp_per_employed,SWE,Sweden,1998,95718.6044210018
gdp_per_employed,SWE,Sweden,1997,92478.1536184914
gdp_per_employed,SWE,Sweden,1996,88636.2442295703
gdp_per_employed,SWE,Sweden,1995,86407.2398077376
gdp_per_employed,SWE,Sweden,1994,84695.7878511934
gdp_per_employed,SWE,Sweden,1993,80646.2318486357
gdp_per_employed,SWE,Sweden,1992,77666.386741505
gdp_per_employed,SWE,Sweden,1991,75170.7745446706
gdp_per_employed,USA,United States,2025,156983.22001681
gdp_per_employed,USA,United States,2024,153968.886553244
gdp_per_employed,USA,United States,2023,150827.869327123
gdp_per_employed,USA,United States,2022,148959.870283952
gdp_per_employed,USA,United States,2021,149935.540213683
gdp_per_employed,USA,United States,2020,145940.104756445
gdp_per_employed,USA,United States,2019,140271.545740484
gdp_per_employed,USA,United States,2018,138638.99736626
gdp_per_employed,USA,United States,2017,136437.664930736
gdp_per_employed,USA,United States,2016,135282.589133594
gdp_per_employed,USA,United States,2015,135056.257529716
gdp_per_employed,USA,United States,2014,133298.680944968
gdp_per_employed,USA,United States,2013,132323.444376043
gdp_per_employed,USA,United States,2012,130925.888738129
gdp_per_employed,USA,United States,2011,130163.939063858
gdp_per_employed,USA,United States,2010,129300.85326488
gdp_per_employed,USA,United States,2009,125360.513238425
gdp_per_employed,USA,United States,2008,124001.390703376
gdp_per_employed,USA,United States,2007,123666.846359754
gdp_per_employed,USA,United States,2006,122270.864481253
gdp_per_employed,USA,United States,2005,121211.761298685
gdp_per_employed,USA,United States,2004,119164.091104977
gdp_per_employed,USA,United States,2003,116252.426485561
gdp_per_employed,USA,United States,2002,113411.338328407
gdp_per_employed,USA,United States,2001,111048.756208373
gdp_per_employed,USA,United States,2000,109946.336554319
gdp_per_employed,USA,United States,1999,107391.369476753
gdp_per_employed,USA,United States,1998,104222.309110857
gdp_per_employed,USA,United States,1997,101499.046972765
gdp_per_employed,USA,United States,1996,99458.7730332755
gdp_per_employed,USA,United States,1995,97559.2632463118
gdp_per_employed,USA,United States,1994,96909.4124236807
gdp_per_employed,USA,United States,1993,95602.7398815826
gdp_per_employed,USA,United States,1992,94656.6586266722
gdp_per_employed,USA,United States,1991,92238.2280828062
